Product_name,Regular_price,Currency,Product_description,Pdp_url,Size,Clothing_length,Clothing_fit,Style,Neck_style,Country_of_origin,Manufacturer_address,Importer_address,Material_composition,Material,Care_instructions,Image_url,Color,Relative_color,Breadcrumbs
Long-sleeved jersey top,699.00,Rs,,https://www2.hm.com/en_in/productpage.1089811035.html,"['XXS: Width: 68 cm, Length: 50 cm', 'XS: Width: 71 cm, Length: 52 cm', 'S: Width: 79 cm, Length: 53 cm', 'M: Width: 87 cm, Length: 55 cm', 'L: Width: 95 cm, Length: 57 cm', 'XL: Width: 1.07 m, Length: 59 cm', 'XXL: Width: 1.19 m, Length: 61 cm']",Regular length,Slim fit,,Square neckline,Square neckline,N/A,"H&M Hennes & Mauritz Retail Pvt. Ltd. A-wing, D-3, 2nd Floor District Centre Saket New Delhi -110017 India","Polyester 87%, Elastane 13%",Jersey,[],"['https://image.hm.com/assets/hm/b6/98/b69872916ba2191a16c2224749fc7a43372254fc.jpg?imwidth=2160', 'data:image/gif;base64,R0lGODlhAQABAIAAAAAAAP///yH5BAEAAAAALAAAAAABAAEAAAIBRAA7', 'data:image/gif;base64,R0lGODlhAQABAIAAAAAAAP///yH5BAEAAAAALAAAAAABAAEAAAIBRAA7', 'data:image/gif;base64,R0lGODlhAQABAIAAAAAAAP///yH5BAEAAAAALAAAAAABAAEAAAIBRAA7', 'data:image/gif;base64,R0lGODlhAQABAIAAAAAAAP///yH5BAEAAAAALAAAAAABAAEAAAIBRAA7', 'data:image/gif;base64,R0lGODlhAQABAIAAAAAAAP///yH5BAEAAAAALAAAAAABAAEAAAIBRAA7']","Dark brown, Solid colour","['Black', 'White', 'Black', 'White', 'Beige', 'Light green', 'Cream', 'Beige', 'Dark brown', 'Dark green', 'Dark greige', 'Light dusty green', 'Dark khaki green', 'Brown', 'Black', 'Burgundy', 'Dark turquoise', 'Light beige', 'White', 'Dark brown', 'Dark brown', 'Dark mole']","['HM.com', 'Ladies', 'Tops', ""Women's Long Sleeve Tops | Cropped, T-Shirt & Mesh"", 'Long-sleeved jersey top']"
Draped top,799.00,Rs,,https://www2.hm.com/en_in/productpage.1289929001.html,"['XXS: Width: 63 cm, Length: 38 cm', 'XS: Width: 66 cm, Length: 40 cm', 'S: Width: 74 cm, Length: 43 cm', 'M: Width: 80 cm, Length: 44 cm', 'L: Width: 86 cm, Length: 46 cm', 'XL: Width: 96 cm, Length: 47 cm']",Short,Slim fit,Draped,Cowl neck,Cowl neck,N/A,"H&M Hennes & Mauritz Retail Pvt. Ltd. A-wing, D-3, 2nd Floor District Centre Saket New Delhi -110017 India","Polyester 96%, Elastane 4%",Jersey,[],"['https://image.hm.com/assets/hm/82/54/82544341d9271b5d0503e29715aa900ae31ed161.jpg?imwidth=2160', 'data:image/gif;base64,R0lGODlhAQABAIAAAAAAAP///yH5BAEAAAAALAAAAAABAAEAAAIBRAA7', 'data:image/gif;base64,R0lGODlhAQABAIAAAAAAAP///yH5BAEAAAAALAAAAAABAAEAAAIBRAA7', 'data:image/gif;base64,R0lGODlhAQABAIAAAAAAAP///yH5BAEAAAAALAAAAAABAAEAAAIBRAA7', 'data:image/gif;base64,R0lGODlhAQABAIAAAAAAAP///yH5BAEAAAAALAAAAAABAAEAAAIBRAA7', 'data:image/gif;base64,R0lGODlhAQABAIAAAAAAAP///yH5BAEAAAAALAAAAAABAAEAAAIBRAA7']","Black, Solid colour","['Black', 'White', 'Burgundy']","['HM.com', 'Ladies', 'Tops', 'Draped top']"
Tie-detail top,999.00,Rs,,https://www2.hm.com/en_in/productpage.1299848002.html,"['XXS: Width: 86 cm, Length: 47 cm', 'XS: Width: 89 cm, Length: 49 cm', 'S: Width: 97 cm, Length: 52 cm', 'M: Width: 1.05 m, Length: 54 cm', 'L: Width: 1.13 m, Length: 55 cm', 'XL: Width: 1.25 m, Length: 57 cm', 'XXL: Width: 1.37 m, Length: 58 cm']",Regular length,Regular fit,Draped,Round neck,Round neck,N/A,"H&M Hennes & Mauritz Retail Pvt. Ltd. A-wing, D-3, 2nd Floor District Centre Saket New Delhi -110017 India","Polyester 95%, Elastane 5%",Jersey,[],"['https://image.hm.com/assets/hm/61/37/61376faa678be802327063e766b2f4170d140589.jpg?imwidth=2160', 'data:image/gif;base64,R0lGODlhAQABAIAAAAAAAP///yH5BAEAAAAALAAAAAABAAEAAAIBRAA7', 'data:image/gif;base64,R0lGODlhAQABAIAAAAAAAP///yH5BAEAAAAALAAAAAABAAEAAAIBRAA7', 'data:image/gif;base64,R0lGODlhAQABAIAAAAAAAP///yH5BAEAAAAALAAAAAABAAEAAAIBRAA7', 'data:image/gif;base64,R0lGODlhAQABAIAAAAAAAP///yH5BAEAAAAALAAAAAABAAEAAAIBRAA7']","Light dusty blue, Solid colour","['Olive green', 'Light dusty blue', 'White', 'Black']","['HM.com', 'Ladies', 'Tops', 'Short sleeve', 'Tie-detail top']"
Bandeau peplum top,999.00,Rs,,https://www2.hm.com/en_in/productpage.1305305002.html,"['XXS: Width: 66 cm, Length: 37 cm', 'XS: Width: 69 cm, Length: 38 cm', 'S: Width: 77 cm, Length: 40 cm', 'M: Width: 85 cm, Length: 41 cm', 'L: Width: 93 cm, Length: 42 cm', 'XL: Width: 1.03 m, Length: 44 cm', 'XXL: Width: 1.13 m, Length: 45 cm']",Regular length,Slim fit,"Bandeau, Flared, Peplum",,,N/A,"H&M Hennes & Mauritz Retail Pvt. Ltd. A-wing, D-3, 2nd Floor District Centre Saket New Delhi -110017 India","Polyester 90%, Elastane 10%",,[],"['https://image.hm.com/assets/hm/6c/f7/6cf71952ae46c1f31cb5c1b563b76fc7e0619575.jpg?imwidth=2160', 'data:image/gif;base64,R0lGODlhAQABAIAAAAAAAP///yH5BAEAAAAALAAAAAABAAEAAAIBRAA7', 'data:image/gif;base64,R0lGODlhAQABAIAAAAAAAP///yH5BAEAAAAALAAAAAABAAEAAAIBRAA7', 'data:image/gif;base64,R0lGODlhAQABAIAAAAAAAP///yH5BAEAAAAALAAAAAABAAEAAAIBRAA7', 'data:image/gif;base64,R0lGODlhAQABAIAAAAAAAP///yH5BAEAAAAALAAAAAABAAEAAAIBRAA7']","Black, Solid colour","['Dark green', 'Black']","['HM.com', 'Ladies', 'Tops', 'Peplum Tops', 'Bandeau peplum top']"
Draped vest top,999.00,Rs,,https://www2.hm.com/en_in/productpage.1286903011.html,"['XXS: Width: 61 cm, Length: 48 cm', 'XS: Width: 65 cm, Length: 49 cm', 'S: Width: 73 cm, Length: 50 cm', 'M: Width: 81 cm, Length: 51 cm', 'L: Width: 89 cm, Length: 52 cm', 'XL: Width: 1.01 m, Length: 53 cm']",Regular length,Slim fit,Draped,Round neck,Round neck,N/A,"H&M Hennes & Mauritz Retail Pvt. Ltd. A-wing, D-3, 2nd Floor District Centre Saket New Delhi -110017 India","Polyester 94%, Elastane 6%",Jersey,[],"['https://image.hm.com/assets/hm/0b/ec/0becae0336d68250f293379c6c69b11a8db17cc2.jpg?imwidth=2160', 'data:image/gif;base64,R0lGODlhAQABAIAAAAAAAP///yH5BAEAAAAALAAAAAABAAEAAAIBRAA7', 'data:image/gif;base64,R0lGODlhAQABAIAAAAAAAP///yH5BAEAAAAALAAAAAABAAEAAAIBRAA7', 'data:image/gif;base64,R0lGODlhAQABAIAAAAAAAP///yH5BAEAAAAALAAAAAABAAEAAAIBRAA7', 'data:image/gif;base64,R0lGODlhAQABAIAAAAAAAP///yH5BAEAAAAALAAAAAABAAEAAAIBRAA7', 'data:image/gif;base64,R0lGODlhAQABAIAAAAAAAP///yH5BAEAAAAALAAAAAABAAEAAAIBRAA7', 'data:image/gif;base64,R0lGODlhAQABAIAAAAAAAP///yH5BAEAAAAALAAAAAABAAEAAAIBRAA7']","Green, Solid colour","['Black', 'Light yellow', 'Dark brown', 'Burgundy', 'Turquoise', 'Green']","['HM.com', 'Ladies', 'Tops', 'Draped vest top']"
Bandeau peplum top,999.00,Rs,,https://www2.hm.com/en_in/productpage.1305305001.html,"['XXS: Width: 66 cm, Length: 37 cm', 'XS: Width: 69 cm, Length: 38 cm', 'S: Width: 77 cm, Length: 40 cm', 'M: Width: 85 cm, Length: 41 cm', 'L: Width: 93 cm, Length: 42 cm', 'XL: Width: 1.03 m, Length: 44 cm', 'XXL: Width: 1.13 m, Length: 45 cm']",Regular length,Slim fit,"Bandeau, Flared, Peplum",,,N/A,"H&M Hennes & Mauritz Retail Pvt. Ltd. A-wing, D-3, 2nd Floor District Centre Saket New Delhi -110017 India","Polyester 90%, Elastane 10%",,[],"['https://image.hm.com/assets/hm/6b/5f/6b5fcb929596da29b93d135558658118c4c18304.jpg?imwidth=2160', 'data:image/gif;base64,R0lGODlhAQABAIAAAAAAAP///yH5BAEAAAAALAAAAAABAAEAAAIBRAA7', 'data:image/gif;base64,R0lGODlhAQABAIAAAAAAAP///yH5BAEAAAAALAAAAAABAAEAAAIBRAA7', 'data:image/gif;base64,R0lGODlhAQABAIAAAAAAAP///yH5BAEAAAAALAAAAAABAAEAAAIBRAA7', 'data:image/gif;base64,R0lGODlhAQABAIAAAAAAAP///yH5BAEAAAAALAAAAAABAAEAAAIBRAA7', 'data:image/gif;base64,R0lGODlhAQABAIAAAAAAAP///yH5BAEAAAAALAAAAAABAAEAAAIBRAA7']","Dark green, Solid colour","['Dark green', 'Black']","['HM.com', 'Ladies', 'Tops', 'Peplum Tops', 'Bandeau peplum top']"
Long-sleeved jersey top,699.00,Rs,,https://www2.hm.com/en_in/productpage.1089811001.html,"['XS: Width: 71 cm, Length: 52 cm', 'S: Width: 79 cm, Length: 53 cm', 'M: Width: 87 cm, Length: 55 cm', 'L: Width: 95 cm, Length: 57 cm', 'XL: Width: 1.07 m, Length: 59 cm']",Regular length,Slim fit,,Square neckline,Square neckline,N/A,"H&M Hennes & Mauritz Retail Pvt. Ltd. A-wing, D-3, 2nd Floor District Centre Saket New Delhi -110017 India","Polyester 88%, Elastane 12%",Jersey,[],"['https://image.hm.com/assets/hm/34/b8/34b849d2291d772579c6e69c23d628848b2b227c.jpg?imwidth=2160', 'data:image/gif;base64,R0lGODlhAQABAIAAAAAAAP///yH5BAEAAAAALAAAAAABAAEAAAIBRAA7', 'data:image/gif;base64,R0lGODlhAQABAIAAAAAAAP///yH5BAEAAAAALAAAAAABAAEAAAIBRAA7']","Black, Solid colour","['Black', 'White', 'Black', 'White', 'Beige', 'Light green', 'Cream', 'Beige', 'Dark brown', 'Dark green', 'Dark greige', 'Light dusty green', 'Dark khaki green', 'Brown', 'Black', 'Burgundy', 'Dark turquoise', 'Light beige', 'White', 'Dark brown', 'Dark brown', 'Dark mole']","['HM.com', 'Ladies', 'Tops', ""Women's Long Sleeve Tops | Cropped, T-Shirt & Mesh"", 'Long-sleeved jersey top']"
Microfibre vest top,699.00,Rs,,https://www2.hm.com/en_in/productpage.1293219001.html,"['XXS: Width: 66 cm, Length: 50 cm', 'XS: Width: 69 cm, Length: 52 cm', 'S: Width: 77 cm, Length: 55 cm', 'M: Width: 85 cm, Length: 57 cm', 'L: Width: 93 cm, Length: 58 cm', 'XL: Width: 1.05 m, Length: 60 cm', 'XXL: Width: 1.17 m, Length: 62 cm']",Regular length,Slim fit,Vest top,"Deep neckline, Round neck","Deep neckline, Round neck",N/A,"H&M Hennes & Mauritz Retail Pvt. Ltd. A-wing, D-3, 2nd Floor District Centre Saket New Delhi -110017 India","Elastane 87%, Polyester 13%",Microfibre,[],"['https://image.hm.com/assets/hm/2d/41/2d41f717973643548311615d308d0b8ab75440d8.jpg?imwidth=2160', 'data:image/gif;base64,R0lGODlhAQABAIAAAAAAAP///yH5BAEAAAAALAAAAAABAAEAAAIBRAA7', 'data:image/gif;base64,R0lGODlhAQABAIAAAAAAAP///yH5BAEAAAAALAAAAAABAAEAAAIBRAA7', 'data:image/gif;base64,R0lGODlhAQABAIAAAAAAAP///yH5BAEAAAAALAAAAAABAAEAAAIBRAA7', 'data:image/gif;base64,R0lGODlhAQABAIAAAAAAAP///yH5BAEAAAAALAAAAAABAAEAAAIBRAA7']","Black, Solid colour","['Black', 'White', 'Light beige', 'Light green']","['HM.com', 'Ladies', 'Tops', 'Low Cut Tops', 'Microfibre vest top']"
Tie-detail top,999.00,Rs,,https://www2.hm.com/en_in/productpage.1299848003.html,"['XXS: Width: 86 cm, Length: 47 cm', 'XS: Width: 89 cm, Length: 49 cm', 'S: Width: 97 cm, Length: 52 cm', 'M: Width: 1.05 m, Length: 54 cm', 'L: Width: 1.13 m, Length: 55 cm', 'XL: Width: 1.25 m, Length: 57 cm', 'XXL: Width: 1.37 m, Length: 58 cm']",Regular length,Regular fit,Draped,Round neck,Round neck,N/A,"H&M Hennes & Mauritz Retail Pvt. Ltd. A-wing, D-3, 2nd Floor District Centre Saket New Delhi -110017 India","Polyester 95%, Elastane 5%",Jersey,[],"['https://image.hm.com/assets/hm/fb/a3/fba3d9d0483f6e1384c1677e3655e610e20147f8.jpg?imwidth=2160', 'data:image/gif;base64,R0lGODlhAQABAIAAAAAAAP///yH5BAEAAAAALAAAAAABAAEAAAIBRAA7', 'data:image/gif;base64,R0lGODlhAQABAIAAAAAAAP///yH5BAEAAAAALAAAAAABAAEAAAIBRAA7', 'data:image/gif;base64,R0lGODlhAQABAIAAAAAAAP///yH5BAEAAAAALAAAAAABAAEAAAIBRAA7', 'data:image/gif;base64,R0lGODlhAQABAIAAAAAAAP///yH5BAEAAAAALAAAAAABAAEAAAIBRAA7', 'data:image/gif;base64,R0lGODlhAQABAIAAAAAAAP///yH5BAEAAAAALAAAAAABAAEAAAIBRAA7']","White, Solid colour","['Olive green', 'Light dusty blue', 'White', 'Black']","['HM.com', 'Ladies', 'Tops', 'Short sleeve', 'Tie-detail top']"
Microfibre vest top,699.00,Rs,,https://www2.hm.com/en_in/productpage.1293219003.html,"['XXS: Width: 66 cm, Length: 50 cm', 'XS: Width: 69 cm, Length: 52 cm', 'S: Width: 77 cm, Length: 55 cm', 'M: Width: 85 cm, Length: 57 cm', 'L: Width: 93 cm, Length: 58 cm', 'XL: Width: 1.05 m, Length: 60 cm', 'XXL: Width: 1.17 m, Length: 62 cm']",Regular length,Slim fit,Vest top,"Deep neckline, Round neck","Deep neckline, Round neck",N/A,"H&M Hennes & Mauritz Retail Pvt. Ltd. A-wing, D-3, 2nd Floor District Centre Saket New Delhi -110017 India","Elastane 87%, Polyester 13%",Microfibre,[],"['https://image.hm.com/assets/hm/14/db/14db1cb34c1cdd61868b6f618bbf8f839a6eb7c3.jpg?imwidth=2160', 'data:image/gif;base64,R0lGODlhAQABAIAAAAAAAP///yH5BAEAAAAALAAAAAABAAEAAAIBRAA7', 'data:image/gif;base64,R0lGODlhAQABAIAAAAAAAP///yH5BAEAAAAALAAAAAABAAEAAAIBRAA7', 'data:image/gif;base64,R0lGODlhAQABAIAAAAAAAP///yH5BAEAAAAALAAAAAABAAEAAAIBRAA7', 'data:image/gif;base64,R0lGODlhAQABAIAAAAAAAP///yH5BAEAAAAALAAAAAABAAEAAAIBRAA7']","Light beige, Solid colour","['Black', 'White', 'Light beige', 'Light green']","['HM.com', 'Ladies', 'Tops', 'Low Cut Tops', 'Microfibre vest top']"
Gathered strappy top,999.00,Rs,,https://www2.hm.com/en_in/productpage.1294272003.html,"['XS: Width: 75 cm, Length: 29 cm', 'S: Width: 83 cm, Length: 32 cm', 'M: Width: 90 cm, Length: 32 cm', 'L: Width: 98 cm, Length: 32 cm', 'XL: Width: 1.10 m, Length: 32 cm']",Regular length,Slim fit,"Flared, Strappy top",Sweetheart neckline,Sweetheart neckline,"SHAHI EXPORT PVT.LTD
INDUSTRIAL PLOT NO. 1, SECTOR 28, 121008, FARIDABAD, HARYANA",,Cotton 100%,Cotton,[],"['https://image.hm.com/assets/hm/79/98/79983b0c5d22f88278f25b53652cfe6143486fb6.jpg?imwidth=2160', 'data:image/gif;base64,R0lGODlhAQABAIAAAAAAAP///yH5BAEAAAAALAAAAAABAAEAAAIBRAA7', 'data:image/gif;base64,R0lGODlhAQABAIAAAAAAAP///yH5BAEAAAAALAAAAAABAAEAAAIBRAA7', 'data:image/gif;base64,R0lGODlhAQABAIAAAAAAAP///yH5BAEAAAAALAAAAAABAAEAAAIBRAA7', 'data:image/gif;base64,R0lGODlhAQABAIAAAAAAAP///yH5BAEAAAAALAAAAAABAAEAAAIBRAA7', 'data:image/gif;base64,R0lGODlhAQABAIAAAAAAAP///yH5BAEAAAAALAAAAAABAAEAAAIBRAA7']","Black, Solid colour","['White', 'Beige/Striped', 'Black']","['HM.com', 'Ladies', 'Tops', 'Tank Tops', 'Gathered strappy top']"
Strappy top,799.00,Rs,,https://www2.hm.com/en_in/productpage.1293199001.html,"['XS: Width: 75 cm, Length: 25 cm', 'S: Width: 82 cm, Length: 25 cm', 'M: Width: 90 cm, Length: 25 cm', 'L: Width: 98 cm, Length: 25 cm', 'XL: Width: 1.12 m, Length: 25 cm']",Regular length,Slim fit,Strappy top,Square neckline,Square neckline,N/A,"H&M Hennes & Mauritz Retail Pvt. Ltd. A-wing, D-3, 2nd Floor District Centre Saket New Delhi -110017 India","Viscose 74%, Polyamide 23%, Elastane 3%",,[],"['https://image.hm.com/assets/hm/cc/11/cc11b9c8a3b9cd762538ae3303a63228c1a6eaa9.jpg?imwidth=2160', 'data:image/gif;base64,R0lGODlhAQABAIAAAAAAAP///yH5BAEAAAAALAAAAAABAAEAAAIBRAA7', 'data:image/gif;base64,R0lGODlhAQABAIAAAAAAAP///yH5BAEAAAAALAAAAAABAAEAAAIBRAA7', 'data:image/gif;base64,R0lGODlhAQABAIAAAAAAAP///yH5BAEAAAAALAAAAAABAAEAAAIBRAA7', 'data:image/gif;base64,R0lGODlhAQABAIAAAAAAAP///yH5BAEAAAAALAAAAAABAAEAAAIBRAA7']","Black/White, Solid colour","['Black', 'Bright red']","['HM.com', 'Ladies', 'Tops', 'Tank Tops', 'Strappy top']"
Ribbed boat-neck top,699.00,Rs,,https://www2.hm.com/en_in/productpage.1278148009.html,"['XXS: Width: 53 cm, Length: 31 cm', 'XS: Width: 56 cm, Length: 33 cm', 'S: Width: 64 cm, Length: 36 cm', 'M: Width: 70 cm, Length: 37 cm', 'L: Width: 76 cm, Length: 38 cm', 'XL: Width: 86 cm, Length: 39 cm']",Short,Slim fit,"Draped, Off-the-shoulder","Boat neck, Sweetheart neckline","Boat neck, Sweetheart neckline",N/A,"H&M Hennes & Mauritz Retail Pvt. Ltd. A-wing, D-3, 2nd Floor District Centre Saket New Delhi -110017 India","Cotton 95%, Elastane 5%","Cotton, Jersey",[],"['https://image.hm.com/assets/hm/de/37/de371ddb87d8236837f91c7aa61537972a91f144.jpg?imwidth=2160', 'data:image/gif;base64,R0lGODlhAQABAIAAAAAAAP///yH5BAEAAAAALAAAAAABAAEAAAIBRAA7', 'data:image/gif;base64,R0lGODlhAQABAIAAAAAAAP///yH5BAEAAAAALAAAAAABAAEAAAIBRAA7', 'data:image/gif;base64,R0lGODlhAQABAIAAAAAAAP///yH5BAEAAAAALAAAAAABAAEAAAIBRAA7', 'data:image/gif;base64,R0lGODlhAQABAIAAAAAAAP///yH5BAEAAAAALAAAAAABAAEAAAIBRAA7', 'data:image/gif;base64,R0lGODlhAQABAIAAAAAAAP///yH5BAEAAAAALAAAAAABAAEAAAIBRAA7']","Light blue/White/Beige/Brown, Striped","['Cream', 'Black', 'Red', 'Red/Striped', 'Navy blue/White striped', 'Light blue', 'Dark grey', 'Light blue/Striped']","['HM.com', 'Ribbed boat-neck top']"
Off-the-shoulder chiffon top,"1,499.00",Rs,,https://www2.hm.com/en_in/productpage.1230671005.html,"['XS: Width: 82 cm, Length: 49 cm', 'S: Width: 90 cm, Length: 50 cm', 'M: Width: 97 cm, Length: 50 cm', 'L: Width: 1.05 m, Length: 51 cm', 'XL: Width: 1.17 m, Length: 52 cm']",Short,Slim fit,Off-the-shoulder,,,N/A,"H&M Hennes & Mauritz Retail Pvt. Ltd. A-wing, D-3, 2nd Floor District Centre Saket New Delhi -110017 India",Polyester 100%,Chiffon,[],"['https://image.hm.com/assets/hm/f3/09/f309354bb17810752892c8d6c4133056c0eddaaf.jpg?imwidth=2160', 'data:image/gif;base64,R0lGODlhAQABAIAAAAAAAP///yH5BAEAAAAALAAAAAABAAEAAAIBRAA7', 'data:image/gif;base64,R0lGODlhAQABAIAAAAAAAP///yH5BAEAAAAALAAAAAABAAEAAAIBRAA7', 'data:image/gif;base64,R0lGODlhAQABAIAAAAAAAP///yH5BAEAAAAALAAAAAABAAEAAAIBRAA7', 'data:image/gif;base64,R0lGODlhAQABAIAAAAAAAP///yH5BAEAAAAALAAAAAABAAEAAAIBRAA7', 'data:image/gif;base64,R0lGODlhAQABAIAAAAAAAP///yH5BAEAAAAALAAAAAABAAEAAAIBRAA7']",Black/Silver-coloured,"['Black', 'Cream', 'Black', 'Light dusty purple', 'Cream/Floral']","['HM.com', 'Ladies', 'Tops', ""Women's Long Sleeve Tops | Cropped, T-Shirt & Mesh"", 'Off-the-shoulder chiffon top']"
Smocked top,"1,499.00",Rs,,https://www2.hm.com/en_in/productpage.1263464008.html,"['XXS: Width: 68 cm, Length: 43 cm', 'XS: Width: 71 cm, Length: 44 cm', 'S: Width: 77 cm, Length: 46 cm', 'M: Width: 83 cm, Length: 47 cm', 'L: Width: 89 cm, Length: 48 cm', 'XL: Width: 97 cm, Length: 49 cm']",Short,Slim fit,"Peplum, Smocked, Vest top",Boat neck,Boat neck,N/A,"H&M Hennes & Mauritz Retail Pvt. Ltd. A-wing, D-3, 2nd Floor District Centre Saket New Delhi -110017 India","Viscose 89%, Polyester 11%",,[],"['https://image.hm.com/assets/hm/ab/80/ab803576ed4a5813cd6a7d02f814d6e751737ad2.jpg?imwidth=2160', 'data:image/gif;base64,R0lGODlhAQABAIAAAAAAAP///yH5BAEAAAAALAAAAAABAAEAAAIBRAA7', 'data:image/gif;base64,R0lGODlhAQABAIAAAAAAAP///yH5BAEAAAAALAAAAAABAAEAAAIBRAA7', 'data:image/gif;base64,R0lGODlhAQABAIAAAAAAAP///yH5BAEAAAAALAAAAAABAAEAAAIBRAA7', 'data:image/gif;base64,R0lGODlhAQABAIAAAAAAAP///yH5BAEAAAAALAAAAAABAAEAAAIBRAA7', 'data:image/gif;base64,R0lGODlhAQABAIAAAAAAAP///yH5BAEAAAAALAAAAAABAAEAAAIBRAA7']","Bright pink, Solid colour","['White', 'Black', 'Brown', 'Beige/Leopard print', 'Bright pink', 'Light pink/Floral']","['HM.com', 'Ladies', 'Tops', 'Tank Tops', 'Smocked top']"
Gathered strappy top,999.00,Rs,,https://www2.hm.com/en_in/productpage.1294272001.html,"['XS: Width: 75 cm, Length: 29 cm', 'S: Width: 83 cm, Length: 32 cm', 'M: Width: 90 cm, Length: 32 cm', 'L: Width: 98 cm, Length: 32 cm', 'XL: Width: 1.10 m, Length: 32 cm']",Regular length,Slim fit,"Flared, Strappy top",Sweetheart neckline,Sweetheart neckline,"SHAHI EXPORT PVT.LTD
INDUSTRIAL PLOT NO. 1, SECTOR 28, 121008, FARIDABAD, HARYANA",,Cotton 100%,Cotton,[],"['https://image.hm.com/assets/hm/8c/a0/8ca0aa594281f178f5bc8bef1a3df747ca864d1d.jpg?imwidth=2160', 'data:image/gif;base64,R0lGODlhAQABAIAAAAAAAP///yH5BAEAAAAALAAAAAABAAEAAAIBRAA7', 'data:image/gif;base64,R0lGODlhAQABAIAAAAAAAP///yH5BAEAAAAALAAAAAABAAEAAAIBRAA7', 'data:image/gif;base64,R0lGODlhAQABAIAAAAAAAP///yH5BAEAAAAALAAAAAABAAEAAAIBRAA7', 'data:image/gif;base64,R0lGODlhAQABAIAAAAAAAP///yH5BAEAAAAALAAAAAABAAEAAAIBRAA7', 'data:image/gif;base64,R0lGODlhAQABAIAAAAAAAP///yH5BAEAAAAALAAAAAABAAEAAAIBRAA7', 'data:image/gif;base64,R0lGODlhAQABAIAAAAAAAP///yH5BAEAAAAALAAAAAABAAEAAAIBRAA7']","White, Solid colour","['White', 'Beige/Striped', 'Black']","['HM.com', 'Ladies', 'Tops', 'Tank Tops', 'Gathered strappy top']"
Braid-detail strappy top,"1,499.00",Rs,,https://www2.hm.com/en_in/productpage.1290631001.html,"['XS: Width: 66 cm, Length: 16 cm', 'S: Width: 74 cm, Length: 17 cm', 'M: Width: 81 cm, Length: 17 cm', 'L: Width: 89 cm, Length: 18 cm', 'XL: Width: 100 cm, Length: 18 cm']",Regular length,Slim fit,"Peplum, Plunge back, Strappy top","Deep neckline, V-neck","Deep neckline, V-neck","Indian Designs Exports Pvt Ltd
No. 106/138,, Nagawara Main Road,, 560045, Bangalore",,Shell:,,[],"['https://image.hm.com/assets/hm/9f/f9/9ff9b5b467d9d00fb5d859eb571e9f301c31c312.jpg?imwidth=2160', 'data:image/gif;base64,R0lGODlhAQABAIAAAAAAAP///yH5BAEAAAAALAAAAAABAAEAAAIBRAA7', 'data:image/gif;base64,R0lGODlhAQABAIAAAAAAAP///yH5BAEAAAAALAAAAAABAAEAAAIBRAA7', 'data:image/gif;base64,R0lGODlhAQABAIAAAAAAAP///yH5BAEAAAAALAAAAAABAAEAAAIBRAA7', 'data:image/gif;base64,R0lGODlhAQABAIAAAAAAAP///yH5BAEAAAAALAAAAAABAAEAAAIBRAA7', 'data:image/gif;base64,R0lGODlhAQABAIAAAAAAAP///yH5BAEAAAAALAAAAAABAAEAAAIBRAA7', 'data:image/gif;base64,R0lGODlhAQABAIAAAAAAAP///yH5BAEAAAAALAAAAAABAAEAAAIBRAA7']","Dark grey, Solid colour","['Dark grey', 'Brown/Patterned']","['HM.com', 'Ladies', 'Tops', 'Low Cut Tops', 'Braid-detail strappy top']"
Microfibre vest top,699.00,Rs,,https://www2.hm.com/en_in/productpage.1293219004.html,"['XXS: Width: 66 cm, Length: 50 cm', 'XS: Width: 69 cm, Length: 52 cm', 'S: Width: 77 cm, Length: 55 cm', 'M: Width: 85 cm, Length: 57 cm', 'L: Width: 93 cm, Length: 58 cm', 'XL: Width: 1.05 m, Length: 60 cm', 'XXL: Width: 1.17 m, Length: 62 cm']",Regular length,Slim fit,Vest top,"Deep neckline, Round neck","Deep neckline, Round neck",N/A,"H&M Hennes & Mauritz Retail Pvt. Ltd. A-wing, D-3, 2nd Floor District Centre Saket New Delhi -110017 India","Elastane 87%, Polyester 13%",Microfibre,[],"['https://image.hm.com/assets/hm/24/d5/24d5808a499c19c6c802469ff7cf15874889c185.jpg?imwidth=2160', 'data:image/gif;base64,R0lGODlhAQABAIAAAAAAAP///yH5BAEAAAAALAAAAAABAAEAAAIBRAA7', 'data:image/gif;base64,R0lGODlhAQABAIAAAAAAAP///yH5BAEAAAAALAAAAAABAAEAAAIBRAA7', 'data:image/gif;base64,R0lGODlhAQABAIAAAAAAAP///yH5BAEAAAAALAAAAAABAAEAAAIBRAA7', 'data:image/gif;base64,R0lGODlhAQABAIAAAAAAAP///yH5BAEAAAAALAAAAAABAAEAAAIBRAA7']","Light green, Solid colour","['Black', 'White', 'Light beige', 'Light green']","['HM.com', 'Ladies', 'Tops', 'Low Cut Tops', 'Microfibre vest top']"
Long-sleeved jersey top,699.00,Rs,,https://www2.hm.com/en_in/productpage.1089811037.html,"['XXS: Width: 68 cm, Length: 50 cm', 'XS: Width: 71 cm, Length: 52 cm', 'S: Width: 79 cm, Length: 53 cm', 'M: Width: 87 cm, Length: 55 cm', 'L: Width: 95 cm, Length: 57 cm', 'XL: Width: 1.07 m, Length: 59 cm', 'XXL: Width: 1.19 m, Length: 61 cm']",Regular length,Slim fit,,Square neckline,Square neckline,N/A,"H&M Hennes & Mauritz Retail Pvt. Ltd. A-wing, D-3, 2nd Floor District Centre Saket New Delhi -110017 India","Polyester 87%, Elastane 13%",Jersey,[],"['https://image.hm.com/assets/hm/9b/6c/9b6c1caefdbef738016ab9ff4fd9faba0bdf219d.jpg?imwidth=2160', 'data:image/gif;base64,R0lGODlhAQABAIAAAAAAAP///yH5BAEAAAAALAAAAAABAAEAAAIBRAA7', 'data:image/gif;base64,R0lGODlhAQABAIAAAAAAAP///yH5BAEAAAAALAAAAAABAAEAAAIBRAA7', 'data:image/gif;base64,R0lGODlhAQABAIAAAAAAAP///yH5BAEAAAAALAAAAAABAAEAAAIBRAA7', 'data:image/gif;base64,R0lGODlhAQABAIAAAAAAAP///yH5BAEAAAAALAAAAAABAAEAAAIBRAA7']","Dark mole, Solid colour","['Black', 'White', 'Black', 'White', 'Beige', 'Light green', 'Cream', 'Beige', 'Dark brown', 'Dark green', 'Dark greige', 'Light dusty green', 'Dark khaki green', 'Brown', 'Black', 'Burgundy', 'Dark turquoise', 'Light beige', 'White', 'Dark brown', 'Dark brown', 'Dark mole']","['HM.com', 'Ladies', 'Tops', ""Women's Long Sleeve Tops | Cropped, T-Shirt & Mesh"", 'Long-sleeved jersey top']"
Cotton vest top,699.00,Rs,,https://www2.hm.com/en_in/productpage.1296059003.html,"['XXS: Width: 62 cm, Length: 43 cm', 'XS: Width: 65 cm, Length: 44 cm', 'S: Width: 73 cm, Length: 48 cm', 'M: Width: 79 cm, Length: 49 cm', 'L: Width: 85 cm, Length: 51 cm', 'XL: Width: 95 cm, Length: 52 cm']",Short,Slim fit,Vest top,"Deep neckline, Round neck","Deep neckline, Round neck",N/A,"H&M Hennes & Mauritz Retail Pvt. Ltd. A-wing, D-3, 2nd Floor District Centre Saket New Delhi -110017 India",Cotton 100%,"Cotton, Jersey",[],"['https://image.hm.com/assets/hm/cf/c8/cfc8835c5aa7345826a16432a1cdae275d42fc7a.jpg?imwidth=2160', 'data:image/gif;base64,R0lGODlhAQABAIAAAAAAAP///yH5BAEAAAAALAAAAAABAAEAAAIBRAA7', 'data:image/gif;base64,R0lGODlhAQABAIAAAAAAAP///yH5BAEAAAAALAAAAAABAAEAAAIBRAA7', 'data:image/gif;base64,R0lGODlhAQABAIAAAAAAAP///yH5BAEAAAAALAAAAAABAAEAAAIBRAA7']","Bright red/White, Solid colour","['Black', 'White', 'Bright red']","['HM.com', 'Ladies', 'Tops', 'Low Cut Tops', 'Cotton vest top']"
Ribbed vest top,699.00,Rs,,https://www2.hm.com/en_in/productpage.1257593001.html,"['XXS: Width: 56 cm, Length: 52 cm', 'XS: Width: 60 cm, Length: 53 cm', 'S: Width: 68 cm, Length: 55 cm', 'M: Width: 74 cm, Length: 56 cm', 'L: Width: 80 cm, Length: 58 cm', 'XL: Width: 90 cm, Length: 59 cm', 'XXL: Width: 100 cm, Length: 61 cm', '3XL: Width: 1.10 m, Length: 62 cm', '4XL: Width: 1.20 m, Length: 64 cm']",Regular length,Slim fit,Vest top,Round neck,Round neck,"Victus Dyeings
SF.NO 53/2, CHETTIURAI THOTTAM, KARAIPUDUR VILLAGE, , VEERAPANDI (PO), 641605, Tirupur","H&M Hennes & Mauritz Retail Pvt. Ltd. A-wing, D-3, 2nd Floor District Centre Saket New Delhi -110017 India","Cotton 95%, Elastane 5%","Cotton, Jersey",[],"['https://image.hm.com/assets/hm/fd/fa/fdfa7741e52de6a945ad9b01b0e4b5a8ae8dfad9.jpg?imwidth=2160', 'data:image/gif;base64,R0lGODlhAQABAIAAAAAAAP///yH5BAEAAAAALAAAAAABAAEAAAIBRAA7', 'data:image/gif;base64,R0lGODlhAQABAIAAAAAAAP///yH5BAEAAAAALAAAAAABAAEAAAIBRAA7', 'data:image/gif;base64,R0lGODlhAQABAIAAAAAAAP///yH5BAEAAAAALAAAAAABAAEAAAIBRAA7', 'data:image/gif;base64,R0lGODlhAQABAIAAAAAAAP///yH5BAEAAAAALAAAAAABAAEAAAIBRAA7']","Black, Solid colour","['Black', 'White', 'Grey marl', 'Burgundy', 'Dark beige', 'Dark khaki green', 'White', 'Mole', 'Light dusty pink', 'Grey', 'Blue-grey', 'Dusty pink', 'Light beige', 'Old rose', 'Burgundy']","['HM.com', 'Ladies', 'Basics', 'Tops', 'Vests ', 'Ribbed vest top']"
Ribbed tube top,399.00,Rs,,https://www2.hm.com/en_in/productpage.1292677001.html,"['XXS: Width: 53 cm, Length: 28 cm', 'XS: Width: 56 cm, Length: 29 cm', 'S: Width: 64 cm, Length: 32 cm', 'M: Width: 70 cm, Length: 33 cm', 'L: Width: 76 cm, Length: 34 cm', 'XL: Width: 86 cm, Length: 35 cm']",Short,Slim fit,Tube top,,,"SHAKTHI KNITTING PRIVATE LIMITED
Survey N0 360/1 A1, Door No 4/677, SHAKTHI CENTRE, NOCHIPALAYAM ROAD,, VEERAPANDI POST, 641605, TIRUPUR",,"Cotton 95%, Elastane 5%","Cotton, Jersey",[],"['https://image.hm.com/assets/hm/dc/70/dc7062e8e9001dacc32ae3568329d746c82e76d8.jpg?imwidth=2160', 'data:image/gif;base64,R0lGODlhAQABAIAAAAAAAP///yH5BAEAAAAALAAAAAABAAEAAAIBRAA7', 'data:image/gif;base64,R0lGODlhAQABAIAAAAAAAP///yH5BAEAAAAALAAAAAABAAEAAAIBRAA7', 'data:image/gif;base64,R0lGODlhAQABAIAAAAAAAP///yH5BAEAAAAALAAAAAABAAEAAAIBRAA7', 'data:image/gif;base64,R0lGODlhAQABAIAAAAAAAP///yH5BAEAAAAALAAAAAABAAEAAAIBRAA7']","Black, Solid colour","['Black', 'White', 'Old rose', 'Navy blue', 'Light pink']","['HM.com', 'Ladies', 'Basics', 'Tops', 'Vests ', 'Ribbed tube top']"
Boat-neck cotton top,699.00,Rs,,https://www2.hm.com/en_in/productpage.1303332003.html,"['XXS: Width: 86 cm, Length: 49 cm', 'XS: Width: 89 cm, Length: 51 cm', 'S: Width: 97 cm, Length: 54 cm', 'M: Width: 1.05 m, Length: 56 cm', 'L: Width: 1.13 m, Length: 57 cm', 'XL: Width: 1.25 m, Length: 59 cm', 'XXL: Width: 1.37 m, Length: 61 cm']",Regular length,Regular fit,,Boat neck,Boat neck,N/A,"H&M Hennes & Mauritz Retail Pvt. Ltd. A-wing, D-3, 2nd Floor District Centre Saket New Delhi -110017 India",Cotton 100%,"Cotton, Jersey",[],"['https://image.hm.com/assets/hm/22/0c/220c34517206dbc053c5ce5e758a861730f9df15.jpg?imwidth=2160', 'data:image/gif;base64,R0lGODlhAQABAIAAAAAAAP///yH5BAEAAAAALAAAAAABAAEAAAIBRAA7', 'data:image/gif;base64,R0lGODlhAQABAIAAAAAAAP///yH5BAEAAAAALAAAAAABAAEAAAIBRAA7', 'data:image/gif;base64,R0lGODlhAQABAIAAAAAAAP///yH5BAEAAAAALAAAAAABAAEAAAIBRAA7', 'data:image/gif;base64,R0lGODlhAQABAIAAAAAAAP///yH5BAEAAAAALAAAAAABAAEAAAIBRAA7']","Burgundy, Solid colour","['White', 'Dark grey', 'Burgundy', 'Dusty turquoise', 'Light pink']","['HM.com', 'Ladies', 'Tops', 'Short sleeve', 'Boat-neck cotton top']"
Ribbed tube top,399.00,Rs,,https://www2.hm.com/en_in/productpage.1292677005.html,"['XXS: Width: 53 cm, Length: 28 cm', 'XS: Width: 56 cm, Length: 29 cm', 'S: Width: 64 cm, Length: 32 cm', 'M: Width: 70 cm, Length: 33 cm', 'L: Width: 76 cm, Length: 34 cm', 'XL: Width: 86 cm, Length: 35 cm']",Short,Slim fit,Tube top,,,"SHAKTHI KNITTING PRIVATE LIMITED
Survey N0 360/1 A1, Door No 4/677, SHAKTHI CENTRE, NOCHIPALAYAM ROAD,, VEERAPANDI POST, 641605, TIRUPUR",,"Cotton 95%, Elastane 5%","Cotton, Jersey",[],"['https://image.hm.com/assets/hm/cb/27/cb2792cf3295451a98a2015cb9f5def2e9e2c13e.jpg?imwidth=2160', 'data:image/gif;base64,R0lGODlhAQABAIAAAAAAAP///yH5BAEAAAAALAAAAAABAAEAAAIBRAA7', 'data:image/gif;base64,R0lGODlhAQABAIAAAAAAAP///yH5BAEAAAAALAAAAAABAAEAAAIBRAA7', 'data:image/gif;base64,R0lGODlhAQABAIAAAAAAAP///yH5BAEAAAAALAAAAAABAAEAAAIBRAA7', 'data:image/gif;base64,R0lGODlhAQABAIAAAAAAAP///yH5BAEAAAAALAAAAAABAAEAAAIBRAA7']","Light pink, Solid colour","['Black', 'White', 'Old rose', 'Navy blue', 'Light pink']","['HM.com', 'Ladies', 'Basics', 'Tops', 'Vests ', 'Ribbed tube top']"
Tie-detail top,999.00,Rs,,https://www2.hm.com/en_in/productpage.1299848001.html,"['XXS: Width: 86 cm, Length: 47 cm', 'XS: Width: 89 cm, Length: 49 cm', 'S: Width: 97 cm, Length: 52 cm', 'M: Width: 1.05 m, Length: 54 cm', 'L: Width: 1.13 m, Length: 55 cm', 'XL: Width: 1.25 m, Length: 57 cm', 'XXL: Width: 1.37 m, Length: 58 cm']",Regular length,Regular fit,Draped,Round neck,Round neck,N/A,"H&M Hennes & Mauritz Retail Pvt. Ltd. A-wing, D-3, 2nd Floor District Centre Saket New Delhi -110017 India","Polyester 95%, Elastane 5%",Jersey,[],"['https://image.hm.com/assets/hm/5b/cd/5bcd6a1f2f2ae789ce0e29abe64df33165fecc17.jpg?imwidth=2160', 'data:image/gif;base64,R0lGODlhAQABAIAAAAAAAP///yH5BAEAAAAALAAAAAABAAEAAAIBRAA7', 'data:image/gif;base64,R0lGODlhAQABAIAAAAAAAP///yH5BAEAAAAALAAAAAABAAEAAAIBRAA7', 'data:image/gif;base64,R0lGODlhAQABAIAAAAAAAP///yH5BAEAAAAALAAAAAABAAEAAAIBRAA7', 'data:image/gif;base64,R0lGODlhAQABAIAAAAAAAP///yH5BAEAAAAALAAAAAABAAEAAAIBRAA7']","Olive green, Solid colour","['Olive green', 'Light dusty blue', 'White', 'Black']","['HM.com', 'Ladies', 'Tops', 'Short sleeve', 'Tie-detail top']"
Cap-sleeved satin blouse,"1,299.00",Rs,,https://www2.hm.com/en_in/productpage.1295553001.html,"['XXS: Width: 87 cm, Length: 54 cm', 'XS: Width: 90 cm, Length: 55 cm', 'S: Width: 98 cm, Length: 57 cm', 'M: Width: 1.06 m, Length: 58 cm', 'L: Width: 1.14 m, Length: 59 cm', 'XL: Width: 1.26 m, Length: 60 cm']",Regular length,Regular fit,Draped,Cowl neck,Cowl neck,N/A,"H&M Hennes & Mauritz Retail Pvt. Ltd. A-wing, D-3, 2nd Floor District Centre Saket New Delhi -110017 India",Polyester 100%,Satin,[],"['https://image.hm.com/assets/hm/a4/b4/a4b479180e984bb42ece356854b1d68e85831e46.jpg?imwidth=2160', 'data:image/gif;base64,R0lGODlhAQABAIAAAAAAAP///yH5BAEAAAAALAAAAAABAAEAAAIBRAA7', 'data:image/gif;base64,R0lGODlhAQABAIAAAAAAAP///yH5BAEAAAAALAAAAAABAAEAAAIBRAA7', 'data:image/gif;base64,R0lGODlhAQABAIAAAAAAAP///yH5BAEAAAAALAAAAAABAAEAAAIBRAA7', 'data:image/gif;base64,R0lGODlhAQABAIAAAAAAAP///yH5BAEAAAAALAAAAAABAAEAAAIBRAA7', 'data:image/gif;base64,R0lGODlhAQABAIAAAAAAAP///yH5BAEAAAAALAAAAAABAAEAAAIBRAA7']","Burgundy, Solid colour","['Burgundy', 'Cream/Striped', 'White']","['HM.com', 'Ladies', 'Tops', 'Short sleeve', 'Cap-sleeved satin blouse']"
Ribbed tube top,399.00,Rs,,https://www2.hm.com/en_in/productpage.1292677004.html,"['XXS: Width: 53 cm, Length: 28 cm', 'XS: Width: 56 cm, Length: 29 cm', 'S: Width: 64 cm, Length: 32 cm', 'M: Width: 70 cm, Length: 33 cm', 'L: Width: 76 cm, Length: 34 cm', 'XL: Width: 86 cm, Length: 35 cm']",Short,Slim fit,Tube top,,,"SHAKTHI KNITTING PRIVATE LIMITED
Survey N0 360/1 A1, Door No 4/677, SHAKTHI CENTRE, NOCHIPALAYAM ROAD,, VEERAPANDI POST, 641605, TIRUPUR",,"Cotton 95%, Elastane 5%","Cotton, Jersey",[],"['https://image.hm.com/assets/hm/e5/0e/e50eb0836fde988e497cffa1c90ac79935d85f87.jpg?imwidth=2160', 'data:image/gif;base64,R0lGODlhAQABAIAAAAAAAP///yH5BAEAAAAALAAAAAABAAEAAAIBRAA7', 'data:image/gif;base64,R0lGODlhAQABAIAAAAAAAP///yH5BAEAAAAALAAAAAABAAEAAAIBRAA7', 'data:image/gif;base64,R0lGODlhAQABAIAAAAAAAP///yH5BAEAAAAALAAAAAABAAEAAAIBRAA7', 'data:image/gif;base64,R0lGODlhAQABAIAAAAAAAP///yH5BAEAAAAALAAAAAABAAEAAAIBRAA7']","Navy blue, Solid colour","['Black', 'White', 'Old rose', 'Navy blue', 'Light pink']","['HM.com', 'Ladies', 'Basics', 'Tops', 'Vests ', 'Ribbed tube top']"
Ribbed tube top,399.00,Rs,,https://www2.hm.com/en_in/productpage.1292677002.html,"['XXS: Width: 53 cm, Length: 28 cm', 'XS: Width: 56 cm, Length: 29 cm', 'S: Width: 64 cm, Length: 32 cm', 'M: Width: 70 cm, Length: 33 cm', 'L: Width: 76 cm, Length: 34 cm', 'XL: Width: 86 cm, Length: 35 cm']",Short,Slim fit,Tube top,,,"SHAKTHI KNITTING PRIVATE LIMITED
Survey N0 360/1 A1, Door No 4/677, SHAKTHI CENTRE, NOCHIPALAYAM ROAD,, VEERAPANDI POST, 641605, TIRUPUR",,"Cotton 95%, Elastane 5%","Cotton, Jersey",[],"['https://image.hm.com/assets/hm/3e/61/3e611535ec52f0a47fbffb23ec33f22aeb8b3e04.jpg?imwidth=2160', 'data:image/gif;base64,R0lGODlhAQABAIAAAAAAAP///yH5BAEAAAAALAAAAAABAAEAAAIBRAA7', 'data:image/gif;base64,R0lGODlhAQABAIAAAAAAAP///yH5BAEAAAAALAAAAAABAAEAAAIBRAA7', 'data:image/gif;base64,R0lGODlhAQABAIAAAAAAAP///yH5BAEAAAAALAAAAAABAAEAAAIBRAA7', 'data:image/gif;base64,R0lGODlhAQABAIAAAAAAAP///yH5BAEAAAAALAAAAAABAAEAAAIBRAA7']","White, Solid colour","['Black', 'White', 'Old rose', 'Navy blue', 'Light pink']","['HM.com', 'Ladies', 'Basics', 'Tops', 'Vests ', 'Ribbed tube top']"
Waisted top,"1,299.00",Rs,,https://www2.hm.com/en_in/productpage.1293326002.html,"['XXS: Width: 77 cm, Length: 52 cm', 'XS: Width: 80 cm, Length: 53 cm', 'S: Width: 88 cm, Length: 55 cm', 'M: Width: 96 cm, Length: 56 cm', 'L: Width: 1.04 m, Length: 57 cm', 'XL: Width: 1.16 m, Length: 59 cm', 'XXL: Width: 1.28 m, Length: 60 cm']",Regular length,Slim fit,Peplum,Round neck,Round neck,N/A,"H&M Hennes & Mauritz Retail Pvt. Ltd. A-wing, D-3, 2nd Floor District Centre Saket New Delhi -110017 India","Polyester 95%, Elastane 5%",Jersey,[],"['https://image.hm.com/assets/hm/24/bf/24bfd7c62df0adc2cc76c39a5afe618282334825.jpg?imwidth=2160', 'data:image/gif;base64,R0lGODlhAQABAIAAAAAAAP///yH5BAEAAAAALAAAAAABAAEAAAIBRAA7', 'data:image/gif;base64,R0lGODlhAQABAIAAAAAAAP///yH5BAEAAAAALAAAAAABAAEAAAIBRAA7', 'data:image/gif;base64,R0lGODlhAQABAIAAAAAAAP///yH5BAEAAAAALAAAAAABAAEAAAIBRAA7', 'data:image/gif;base64,R0lGODlhAQABAIAAAAAAAP///yH5BAEAAAAALAAAAAABAAEAAAIBRAA7']","Burgundy, Solid colour","['Burgundy', 'Dusty pink', 'Pale yellow', 'Navy blue']","['HM.com', 'Ladies', 'Tops', 'Peplum Tops', 'Waisted top']"
Strappy top,799.00,Rs,,https://www2.hm.com/en_in/productpage.1293199002.html,"['XS: Width: 75 cm, Length: 25 cm', 'S: Width: 82 cm, Length: 25 cm', 'M: Width: 90 cm, Length: 25 cm', 'L: Width: 98 cm, Length: 25 cm', 'XL: Width: 1.12 m, Length: 25 cm']",Regular length,Slim fit,Strappy top,Square neckline,Square neckline,N/A,"H&M Hennes & Mauritz Retail Pvt. Ltd. A-wing, D-3, 2nd Floor District Centre Saket New Delhi -110017 India","Viscose 74%, Polyamide 23%, Elastane 3%",,[],"['https://image.hm.com/assets/hm/0d/51/0d512a4169ec5f7d455be1a2ed9cc6c1e814169e.jpg?imwidth=2160', 'data:image/gif;base64,R0lGODlhAQABAIAAAAAAAP///yH5BAEAAAAALAAAAAABAAEAAAIBRAA7', 'data:image/gif;base64,R0lGODlhAQABAIAAAAAAAP///yH5BAEAAAAALAAAAAABAAEAAAIBRAA7', 'data:image/gif;base64,R0lGODlhAQABAIAAAAAAAP///yH5BAEAAAAALAAAAAABAAEAAAIBRAA7', 'data:image/gif;base64,R0lGODlhAQABAIAAAAAAAP///yH5BAEAAAAALAAAAAABAAEAAAIBRAA7']","Bright red, Solid colour","['Black', 'Bright red']","['HM.com', 'Ladies', 'Tops', 'Tank Tops', 'Strappy top']"
Waisted top,"1,299.00",Rs,,https://www2.hm.com/en_in/productpage.1293326003.html,"['XXS: Width: 77 cm, Length: 52 cm', 'XS: Width: 80 cm, Length: 53 cm', 'S: Width: 88 cm, Length: 55 cm', 'M: Width: 96 cm, Length: 56 cm', 'L: Width: 1.04 m, Length: 57 cm', 'XL: Width: 1.16 m, Length: 59 cm', 'XXL: Width: 1.28 m, Length: 60 cm']",Regular length,Slim fit,Peplum,Round neck,Round neck,N/A,"H&M Hennes & Mauritz Retail Pvt. Ltd. A-wing, D-3, 2nd Floor District Centre Saket New Delhi -110017 India","Polyester 95%, Elastane 5%",Jersey,[],"['https://image.hm.com/assets/hm/a0/08/a008ca0ebdd38d8f5df9b298cedc2512e46899c6.jpg?imwidth=2160', 'data:image/gif;base64,R0lGODlhAQABAIAAAAAAAP///yH5BAEAAAAALAAAAAABAAEAAAIBRAA7', 'data:image/gif;base64,R0lGODlhAQABAIAAAAAAAP///yH5BAEAAAAALAAAAAABAAEAAAIBRAA7', 'data:image/gif;base64,R0lGODlhAQABAIAAAAAAAP///yH5BAEAAAAALAAAAAABAAEAAAIBRAA7', 'data:image/gif;base64,R0lGODlhAQABAIAAAAAAAP///yH5BAEAAAAALAAAAAABAAEAAAIBRAA7']","Dusty pink, Solid colour","['Burgundy', 'Dusty pink', 'Pale yellow', 'Navy blue']","['HM.com', 'Ladies', 'Tops', 'Peplum Tops', 'Waisted top']"
Tie-detail top,999.00,Rs,,https://www2.hm.com/en_in/productpage.1299848004.html,"['XXS: Width: 86 cm, Length: 47 cm', 'XS: Width: 89 cm, Length: 49 cm', 'S: Width: 97 cm, Length: 52 cm', 'M: Width: 1.05 m, Length: 54 cm', 'L: Width: 1.13 m, Length: 55 cm', 'XL: Width: 1.25 m, Length: 57 cm', 'XXL: Width: 1.37 m, Length: 58 cm']",Regular length,Regular fit,Draped,Round neck,Round neck,N/A,"H&M Hennes & Mauritz Retail Pvt. Ltd. A-wing, D-3, 2nd Floor District Centre Saket New Delhi -110017 India","Polyester 95%, Elastane 5%",Jersey,[],"['https://image.hm.com/assets/hm/69/8c/698c2ffc5b1a28847680236c189d23689559d032.jpg?imwidth=2160', 'data:image/gif;base64,R0lGODlhAQABAIAAAAAAAP///yH5BAEAAAAALAAAAAABAAEAAAIBRAA7', 'data:image/gif;base64,R0lGODlhAQABAIAAAAAAAP///yH5BAEAAAAALAAAAAABAAEAAAIBRAA7', 'data:image/gif;base64,R0lGODlhAQABAIAAAAAAAP///yH5BAEAAAAALAAAAAABAAEAAAIBRAA7', 'data:image/gif;base64,R0lGODlhAQABAIAAAAAAAP///yH5BAEAAAAALAAAAAABAAEAAAIBRAA7', 'data:image/gif;base64,R0lGODlhAQABAIAAAAAAAP///yH5BAEAAAAALAAAAAABAAEAAAIBRAA7']","Black, Solid colour","['Olive green', 'Light dusty blue', 'White', 'Black']","['HM.com', 'Ladies', 'Tops', 'Short sleeve', 'Tie-detail top']"
Waisted top,"1,299.00",Rs,,https://www2.hm.com/en_in/productpage.1293326004.html,"['XXS: Width: 77 cm, Length: 52 cm', 'XS: Width: 80 cm, Length: 53 cm', 'S: Width: 88 cm, Length: 55 cm', 'M: Width: 96 cm, Length: 56 cm', 'L: Width: 1.04 m, Length: 57 cm', 'XL: Width: 1.16 m, Length: 59 cm', 'XXL: Width: 1.28 m, Length: 60 cm']",Regular length,Slim fit,Peplum,Round neck,Round neck,N/A,"H&M Hennes & Mauritz Retail Pvt. Ltd. A-wing, D-3, 2nd Floor District Centre Saket New Delhi -110017 India","Polyester 95%, Elastane 5%",Jersey,[],"['https://image.hm.com/assets/hm/c6/5e/c65e3a2e249618790485c2175f7c22e8762416f0.jpg?imwidth=2160', 'data:image/gif;base64,R0lGODlhAQABAIAAAAAAAP///yH5BAEAAAAALAAAAAABAAEAAAIBRAA7', 'data:image/gif;base64,R0lGODlhAQABAIAAAAAAAP///yH5BAEAAAAALAAAAAABAAEAAAIBRAA7', 'data:image/gif;base64,R0lGODlhAQABAIAAAAAAAP///yH5BAEAAAAALAAAAAABAAEAAAIBRAA7', 'data:image/gif;base64,R0lGODlhAQABAIAAAAAAAP///yH5BAEAAAAALAAAAAABAAEAAAIBRAA7', 'data:image/gif;base64,R0lGODlhAQABAIAAAAAAAP///yH5BAEAAAAALAAAAAABAAEAAAIBRAA7']","Pale yellow, Solid colour","['Burgundy', 'Dusty pink', 'Pale yellow', 'Navy blue']","['HM.com', 'Ladies', 'Tops', 'Peplum Tops', 'Waisted top']"
Cotton vest top,699.00,Rs,,https://www2.hm.com/en_in/productpage.1296059001.html,"['XXS: Width: 62 cm, Length: 43 cm', 'XS: Width: 65 cm, Length: 44 cm', 'S: Width: 73 cm, Length: 48 cm', 'M: Width: 79 cm, Length: 49 cm', 'L: Width: 85 cm, Length: 51 cm', 'XL: Width: 95 cm, Length: 52 cm']",Short,Slim fit,Vest top,"Deep neckline, Round neck","Deep neckline, Round neck",N/A,"H&M Hennes & Mauritz Retail Pvt. Ltd. A-wing, D-3, 2nd Floor District Centre Saket New Delhi -110017 India",Cotton 100%,"Cotton, Jersey",[],"['https://image.hm.com/assets/hm/f7/26/f726d2a986bac6ae9afc621a3dbe9be2ca2339c9.jpg?imwidth=2160', 'data:image/gif;base64,R0lGODlhAQABAIAAAAAAAP///yH5BAEAAAAALAAAAAABAAEAAAIBRAA7', 'data:image/gif;base64,R0lGODlhAQABAIAAAAAAAP///yH5BAEAAAAALAAAAAABAAEAAAIBRAA7', 'data:image/gif;base64,R0lGODlhAQABAIAAAAAAAP///yH5BAEAAAAALAAAAAABAAEAAAIBRAA7']",Black/White,"['Black', 'White', 'Bright red']","['HM.com', 'Ladies', 'Tops', 'Low Cut Tops', 'Cotton vest top']"
Rib-knit peplum waistcoat,"1,899.00",Rs,,https://www2.hm.com/en_in/productpage.1296257001.html,"['XXS: Width: 68 cm, Length: 53 cm', 'XS: Width: 72 cm, Length: 55 cm', 'S: Width: 80 cm, Length: 58 cm', 'M: Width: 88 cm, Length: 60 cm', 'L: Width: 98 cm, Length: 62 cm', 'XL: Width: 1.08 m, Length: 64 cm']",Regular length,Regular fit,Peplum,Round neck,Round neck,N/A,"H&M Hennes & Mauritz Retail Pvt. Ltd. A-wing, D-3, 2nd Floor District Centre Saket New Delhi -110017 India",Polyester 100%,,[],"['https://image.hm.com/assets/hm/52/b2/52b2fbd85962ba02c68e7f05ec8fd7564f6166cf.jpg?imwidth=2160', 'data:image/gif;base64,R0lGODlhAQABAIAAAAAAAP///yH5BAEAAAAALAAAAAABAAEAAAIBRAA7', 'data:image/gif;base64,R0lGODlhAQABAIAAAAAAAP///yH5BAEAAAAALAAAAAABAAEAAAIBRAA7', 'data:image/gif;base64,R0lGODlhAQABAIAAAAAAAP///yH5BAEAAAAALAAAAAABAAEAAAIBRAA7', 'data:image/gif;base64,R0lGODlhAQABAIAAAAAAAP///yH5BAEAAAAALAAAAAABAAEAAAIBRAA7']","Dark khaki green, Solid colour",['Dark khaki green'],"['HM.com', 'Ladies', 'Blazers & Waistcoats', 'Waistcoats', 'Rib-knit peplum waistcoat']"
Ribbed vest top,799.00,Rs,,https://www2.hm.com/en_in/productpage.1310485002.html,"['XS: Width: 65 cm, Length: 52 cm', 'S: Width: 73 cm, Length: 55 cm', 'M: Width: 81 cm, Length: 57 cm', 'L: Width: 89 cm, Length: 58 cm', 'XL: Width: 1.01 m, Length: 60 cm']",Regular length,Slim fit,Vest top,"Deep neckline, V-neck","Deep neckline, V-neck",N/A,"H&M Hennes & Mauritz Retail Pvt. Ltd. A-wing, D-3, 2nd Floor District Centre Saket New Delhi -110017 India","Cotton 48%, Viscose 47%, Elastane 5%",Jersey,[],"['https://image.hm.com/assets/hm/13/93/139358ad232e349ba5e5dee659fd7c32a7cd173e.jpg?imwidth=2160', 'data:image/gif;base64,R0lGODlhAQABAIAAAAAAAP///yH5BAEAAAAALAAAAAABAAEAAAIBRAA7', 'data:image/gif;base64,R0lGODlhAQABAIAAAAAAAP///yH5BAEAAAAALAAAAAABAAEAAAIBRAA7', 'data:image/gif;base64,R0lGODlhAQABAIAAAAAAAP///yH5BAEAAAAALAAAAAABAAEAAAIBRAA7', 'data:image/gif;base64,R0lGODlhAQABAIAAAAAAAP///yH5BAEAAAAALAAAAAABAAEAAAIBRAA7']","Dark brown, Solid colour","['Black', 'Dark brown', 'Dusty brown']","['HM.com', 'Ladies', 'Basics', 'Tops', 'Vests ', 'Ribbed vest top']"
Sports top with DryMove™,799.00,Rs,,https://www2.hm.com/en_in/productpage.1285424004.html,"['XS: Width: 70 cm, Length: 47 cm', 'S: Width: 78 cm, Length: 50 cm', 'M: Width: 84 cm, Length: 52 cm', 'L: Width: 90 cm, Length: 53 cm', 'XL: Width: 100 cm, Length: 55 cm', 'XXL: Width: 1.10 m, Length: 56 cm']",Short,Slim fit,,Round neck,Round neck,N/A,"H&M Hennes & Mauritz Retail Pvt. Ltd. A-wing, D-3, 2nd Floor District Centre Saket New Delhi -110017 India","Polyester 87%, Elastane 13%",,[],"['https://image.hm.com/assets/hm/ba/86/ba868f7dadb299dbbb19716bb9144c8a77f478bd.jpg?imwidth=2160', 'data:image/gif;base64,R0lGODlhAQABAIAAAAAAAP///yH5BAEAAAAALAAAAAABAAEAAAIBRAA7', 'data:image/gif;base64,R0lGODlhAQABAIAAAAAAAP///yH5BAEAAAAALAAAAAABAAEAAAIBRAA7', 'data:image/gif;base64,R0lGODlhAQABAIAAAAAAAP///yH5BAEAAAAALAAAAAABAAEAAAIBRAA7', 'data:image/gif;base64,R0lGODlhAQABAIAAAAAAAP///yH5BAEAAAAALAAAAAABAAEAAAIBRAA7', 'data:image/gif;base64,R0lGODlhAQABAIAAAAAAAP///yH5BAEAAAAALAAAAAABAAEAAAIBRAA7']","Navy blue, Solid colour","['Black', 'White', 'Dark beige', 'Navy blue', 'Red', 'Light pink']","['HM.com', 'Ladies', 'Sport', 'Training & Gym', 'Tops & T-Shirts', 'Sports top with DryMove™']"
Ribbed vest top,799.00,Rs,,https://www2.hm.com/en_in/productpage.1310485001.html,"['XS: Width: 65 cm, Length: 52 cm', 'S: Width: 73 cm, Length: 55 cm', 'M: Width: 81 cm, Length: 57 cm', 'L: Width: 89 cm, Length: 58 cm', 'XL: Width: 1.01 m, Length: 60 cm']",Regular length,Slim fit,Vest top,"Deep neckline, V-neck","Deep neckline, V-neck",N/A,"H&M Hennes & Mauritz Retail Pvt. Ltd. A-wing, D-3, 2nd Floor District Centre Saket New Delhi -110017 India","Cotton 48%, Viscose 47%, Elastane 5%",Jersey,[],"['https://image.hm.com/assets/hm/e7/22/e722eeda2dc13edd46bde287e7cb57db35214f07.jpg?imwidth=2160', 'data:image/gif;base64,R0lGODlhAQABAIAAAAAAAP///yH5BAEAAAAALAAAAAABAAEAAAIBRAA7', 'data:image/gif;base64,R0lGODlhAQABAIAAAAAAAP///yH5BAEAAAAALAAAAAABAAEAAAIBRAA7', 'data:image/gif;base64,R0lGODlhAQABAIAAAAAAAP///yH5BAEAAAAALAAAAAABAAEAAAIBRAA7', 'data:image/gif;base64,R0lGODlhAQABAIAAAAAAAP///yH5BAEAAAAALAAAAAABAAEAAAIBRAA7']","Black, Solid colour","['Black', 'Dark brown', 'Dusty brown']","['HM.com', 'Ladies', 'Basics', 'Tops', 'Vests ', 'Ribbed vest top']"
Draped top,999.00,Rs,,https://www2.hm.com/en_in/productpage.1299843002.html,"['XXS: Width: 68 cm, Length: 50 cm', 'XS: Width: 71 cm, Length: 52 cm', 'S: Width: 79 cm, Length: 55 cm', 'M: Width: 87 cm, Length: 57 cm', 'L: Width: 95 cm, Length: 58 cm', 'XL: Width: 1.07 m, Length: 60 cm', 'XXL: Width: 1.19 m, Length: 62 cm']",Regular length,Slim fit,Draped,Round neck,Round neck,N/A,"H&M Hennes & Mauritz Retail Pvt. Ltd. A-wing, D-3, 2nd Floor District Centre Saket New Delhi -110017 India",Shell:,Jersey,[],"['https://image.hm.com/assets/hm/44/7b/447b498d29d7139ae52aa376f4bf73edb4f2ac3f.jpg?imwidth=2160', 'data:image/gif;base64,R0lGODlhAQABAIAAAAAAAP///yH5BAEAAAAALAAAAAABAAEAAAIBRAA7', 'data:image/gif;base64,R0lGODlhAQABAIAAAAAAAP///yH5BAEAAAAALAAAAAABAAEAAAIBRAA7', 'data:image/gif;base64,R0lGODlhAQABAIAAAAAAAP///yH5BAEAAAAALAAAAAABAAEAAAIBRAA7', 'data:image/gif;base64,R0lGODlhAQABAIAAAAAAAP///yH5BAEAAAAALAAAAAABAAEAAAIBRAA7']","Dark khaki green, Solid colour","['White', 'Dark khaki green', 'Dark grey']","['HM.com', 'Ladies', 'Tops', 'Short sleeve', 'Draped top']"
Ribbed vest top,799.00,Rs,,https://www2.hm.com/en_in/productpage.1310485003.html,"['XS: Width: 65 cm, Length: 52 cm', 'S: Width: 73 cm, Length: 55 cm', 'M: Width: 81 cm, Length: 57 cm', 'L: Width: 89 cm, Length: 58 cm', 'XL: Width: 1.01 m, Length: 60 cm']",Regular length,Slim fit,Vest top,"Deep neckline, V-neck","Deep neckline, V-neck",N/A,"H&M Hennes & Mauritz Retail Pvt. Ltd. A-wing, D-3, 2nd Floor District Centre Saket New Delhi -110017 India","Cotton 48%, Viscose 47%, Elastane 5%",Jersey,[],"['https://image.hm.com/assets/hm/ff/17/ff178af22c3bd96282cd54fa07da8a58e5c19f32.jpg?imwidth=2160', 'data:image/gif;base64,R0lGODlhAQABAIAAAAAAAP///yH5BAEAAAAALAAAAAABAAEAAAIBRAA7', 'data:image/gif;base64,R0lGODlhAQABAIAAAAAAAP///yH5BAEAAAAALAAAAAABAAEAAAIBRAA7', 'data:image/gif;base64,R0lGODlhAQABAIAAAAAAAP///yH5BAEAAAAALAAAAAABAAEAAAIBRAA7', 'data:image/gif;base64,R0lGODlhAQABAIAAAAAAAP///yH5BAEAAAAALAAAAAABAAEAAAIBRAA7']","Dusty brown, Solid colour","['Black', 'Dark brown', 'Dusty brown']","['HM.com', 'Ladies', 'Basics', 'Tops', 'Vests ', 'Ribbed vest top']"
Gathered strappy top,999.00,Rs,,https://www2.hm.com/en_in/productpage.1294272002.html,"['XS: Width: 75 cm, Length: 29 cm', 'S: Width: 83 cm, Length: 32 cm', 'M: Width: 90 cm, Length: 32 cm', 'L: Width: 98 cm, Length: 32 cm', 'XL: Width: 1.10 m, Length: 32 cm']",Regular length,Slim fit,"Flared, Strappy top",Sweetheart neckline,Sweetheart neckline,"SHAHI EXPORT PVT.LTD
INDUSTRIAL PLOT NO. 1, SECTOR 28, 121008, FARIDABAD, HARYANA",,Cotton 100%,Cotton,[],"['https://image.hm.com/assets/hm/af/ad/afad09602e2094557b013c27dd63354f76d5996e.jpg?imwidth=2160', 'data:image/gif;base64,R0lGODlhAQABAIAAAAAAAP///yH5BAEAAAAALAAAAAABAAEAAAIBRAA7', 'data:image/gif;base64,R0lGODlhAQABAIAAAAAAAP///yH5BAEAAAAALAAAAAABAAEAAAIBRAA7', 'data:image/gif;base64,R0lGODlhAQABAIAAAAAAAP///yH5BAEAAAAALAAAAAABAAEAAAIBRAA7', 'data:image/gif;base64,R0lGODlhAQABAIAAAAAAAP///yH5BAEAAAAALAAAAAABAAEAAAIBRAA7']","Beige/White, Striped","['White', 'Beige/Striped', 'Black']","['HM.com', 'Ladies', 'Tops', 'Tank Tops', 'Gathered strappy top']"
Microfibre vest top,799.00,Rs,,https://www2.hm.com/en_in/productpage.1292586003.html,"['XXS: Width: 63 cm, Length: 45 cm', 'XS: Width: 66 cm, Length: 46 cm', 'S: Width: 74 cm, Length: 48 cm', 'M: Width: 82 cm, Length: 50 cm', 'L: Width: 90 cm, Length: 51 cm', 'XL: Width: 98 cm, Length: 54 cm']",Short,Slim fit,Vest top,"Deep neckline, Round neck","Deep neckline, Round neck",N/A,"H&M Hennes & Mauritz Retail Pvt. Ltd. A-wing, D-3, 2nd Floor District Centre Saket New Delhi -110017 India","Polyester 87%, Elastane 13%",Microfibre,[],"['https://image.hm.com/assets/hm/f5/de/f5de0ff63e364b399e8286c0b37d7643195127d3.jpg?imwidth=2160', 'data:image/gif;base64,R0lGODlhAQABAIAAAAAAAP///yH5BAEAAAAALAAAAAABAAEAAAIBRAA7', 'data:image/gif;base64,R0lGODlhAQABAIAAAAAAAP///yH5BAEAAAAALAAAAAABAAEAAAIBRAA7', 'data:image/gif;base64,R0lGODlhAQABAIAAAAAAAP///yH5BAEAAAAALAAAAAABAAEAAAIBRAA7', 'data:image/gif;base64,R0lGODlhAQABAIAAAAAAAP///yH5BAEAAAAALAAAAAABAAEAAAIBRAA7', 'data:image/gif;base64,R0lGODlhAQABAIAAAAAAAP///yH5BAEAAAAALAAAAAABAAEAAAIBRAA7']","Dark brown, Solid colour","['White', 'Dark brown', 'Dark red', 'Light blue']","['HM.com', 'Ladies', 'Basics', 'Tops', 'Vests ', 'Microfibre vest top']"
Shimmering hole-knit top,"1,299.00",Rs,,https://www2.hm.com/en_in/productpage.1296631001.html,"['XS: Width: 66 cm, Length: 34 cm', 'S: Width: 74 cm, Length: 36 cm', 'M: Width: 82 cm, Length: 37 cm', 'L: Width: 90 cm, Length: 38 cm']",Short,Slim fit,"Keyhole cutout, Vest top",Round neck,Round neck,N/A,"H&M Hennes & Mauritz Retail Pvt. Ltd. A-wing, D-3, 2nd Floor District Centre Saket New Delhi -110017 India","Polyester 75%, Cotton 24%, Silver 1%",,[],"['https://image.hm.com/assets/hm/dc/33/dc33d7d6d867fc8c6c69d9cdc1c89f3107e85ccb.jpg?imwidth=2160', 'data:image/gif;base64,R0lGODlhAQABAIAAAAAAAP///yH5BAEAAAAALAAAAAABAAEAAAIBRAA7', 'data:image/gif;base64,R0lGODlhAQABAIAAAAAAAP///yH5BAEAAAAALAAAAAABAAEAAAIBRAA7', 'data:image/gif;base64,R0lGODlhAQABAIAAAAAAAP///yH5BAEAAAAALAAAAAABAAEAAAIBRAA7', 'data:image/gif;base64,R0lGODlhAQABAIAAAAAAAP///yH5BAEAAAAALAAAAAABAAEAAAIBRAA7']","Beige/Dark brown, Striped",['Beige/Striped'],"['HM.com', 'Shimmering hole-knit top']"
Ribbed boat-neck top,699.00,Rs,,https://www2.hm.com/en_in/productpage.1296056003.html,"['XXS: Width: 57 cm, Length: 42 cm', 'XS: Width: 60 cm, Length: 44 cm', 'S: Width: 68 cm, Length: 47 cm', 'M: Width: 74 cm, Length: 49 cm', 'L: Width: 80 cm, Length: 50 cm', 'XL: Width: 90 cm, Length: 51 cm']",Short,Slim fit,,Boat neck,Boat neck,"SHAKTHI KNITTING PRIVATE LIMITED
Survey N0 360/1 A1, Door No 4/677, SHAKTHI CENTRE, NOCHIPALAYAM ROAD,, VEERAPANDI POST, 641605, TIRUPUR",,"Cotton 95%, Elastane 5%","Cotton, Jersey",[],"['https://image.hm.com/assets/hm/82/f3/82f316d76b4e3a82e8e5a63ec120ff54951b7445.jpg?imwidth=2160', 'data:image/gif;base64,R0lGODlhAQABAIAAAAAAAP///yH5BAEAAAAALAAAAAABAAEAAAIBRAA7', 'data:image/gif;base64,R0lGODlhAQABAIAAAAAAAP///yH5BAEAAAAALAAAAAABAAEAAAIBRAA7', 'data:image/gif;base64,R0lGODlhAQABAIAAAAAAAP///yH5BAEAAAAALAAAAAABAAEAAAIBRAA7', 'data:image/gif;base64,R0lGODlhAQABAIAAAAAAAP///yH5BAEAAAAALAAAAAABAAEAAAIBRAA7']","Black, Solid colour","['White/Black striped', 'Black']","['HM.com', 'Ladies', 'Tops', 'Short sleeve', 'Ribbed boat-neck top']"
Scuba peplum top,"1,499.00",Rs,,https://www2.hm.com/en_in/productpage.1299852004.html,"['XXS: Width: 75 cm, Length: 48 cm', 'XS: Width: 78 cm, Length: 49 cm', 'S: Width: 86 cm, Length: 52 cm', 'M: Width: 94 cm, Length: 53 cm', 'L: Width: 1.02 cm, Length: 54 cm', 'XL: Width: 1.14 cm, Length: 56 cm', 'XXL: Width: 1.26 cm, Length: 57 cm']",Regular length,Regular fit,Peplum,Round neck,Round neck,N/A,"H&M Hennes & Mauritz Retail Pvt. Ltd. A-wing, D-3, 2nd Floor District Centre Saket New Delhi -110017 India",Shell:,Jersey,[],"['https://image.hm.com/assets/hm/46/22/462284113ed5ec8f76c175351fe4ca6e4d29c0aa.jpg?imwidth=2160', 'data:image/gif;base64,R0lGODlhAQABAIAAAAAAAP///yH5BAEAAAAALAAAAAABAAEAAAIBRAA7', 'data:image/gif;base64,R0lGODlhAQABAIAAAAAAAP///yH5BAEAAAAALAAAAAABAAEAAAIBRAA7', 'data:image/gif;base64,R0lGODlhAQABAIAAAAAAAP///yH5BAEAAAAALAAAAAABAAEAAAIBRAA7', 'data:image/gif;base64,R0lGODlhAQABAIAAAAAAAP///yH5BAEAAAAALAAAAAABAAEAAAIBRAA7']","Black, Solid colour","['Red', 'Black']","['HM.com', 'Ladies', 'Tops', 'Peplum Tops', 'Scuba peplum top']"
Cap-sleeved satin blouse,"1,299.00",Rs,,https://www2.hm.com/en_in/productpage.1295553002.html,"['XXS: Width: 87 cm, Length: 54 cm', 'XS: Width: 90 cm, Length: 55 cm', 'S: Width: 98 cm, Length: 57 cm', 'M: Width: 1.06 m, Length: 58 cm', 'L: Width: 1.14 m, Length: 59 cm', 'XL: Width: 1.26 m, Length: 60 cm']",Regular length,Regular fit,Draped,Cowl neck,Cowl neck,N/A,"H&M Hennes & Mauritz Retail Pvt. Ltd. A-wing, D-3, 2nd Floor District Centre Saket New Delhi -110017 India",Polyester 100%,Satin,[],"['https://image.hm.com/assets/hm/a3/25/a3259aaa7db723120d61f62eae6e596793957a5c.jpg?imwidth=2160', 'data:image/gif;base64,R0lGODlhAQABAIAAAAAAAP///yH5BAEAAAAALAAAAAABAAEAAAIBRAA7', 'data:image/gif;base64,R0lGODlhAQABAIAAAAAAAP///yH5BAEAAAAALAAAAAABAAEAAAIBRAA7', 'data:image/gif;base64,R0lGODlhAQABAIAAAAAAAP///yH5BAEAAAAALAAAAAABAAEAAAIBRAA7', 'data:image/gif;base64,R0lGODlhAQABAIAAAAAAAP///yH5BAEAAAAALAAAAAABAAEAAAIBRAA7', 'data:image/gif;base64,R0lGODlhAQABAIAAAAAAAP///yH5BAEAAAAALAAAAAABAAEAAAIBRAA7']","Cream/Black, Striped","['Burgundy', 'Cream/Striped', 'White']","['HM.com', 'Ladies', 'Tops', 'Short sleeve', 'Cap-sleeved satin blouse']"
Draped cap-sleeved top,699.00,Rs,,https://www2.hm.com/en_in/productpage.1300538003.html,"['XXS: Width: 69 cm, Length: 47 cm', 'XS: Width: 72 cm, Length: 49 cm', 'S: Width: 80 cm, Length: 53 cm', 'M: Width: 88 cm, Length: 54 cm', 'L: Width: 96 cm, Length: 56 cm', 'XL: Width: 1.07 m, Length: 58 cm', 'XXL: Width: 1.18 m, Length: 60 cm']",Regular length,Slim fit,"Draped, Vest top",Boat neck,Boat neck,N/A,"H&M Hennes & Mauritz Retail Pvt. Ltd. A-wing, D-3, 2nd Floor District Centre Saket New Delhi -110017 India",Shell:,Jersey,[],"['https://image.hm.com/assets/hm/74/25/7425fc7c7955d873573e1529cecaa4c46b0ebff9.jpg?imwidth=2160', 'data:image/gif;base64,R0lGODlhAQABAIAAAAAAAP///yH5BAEAAAAALAAAAAABAAEAAAIBRAA7', 'data:image/gif;base64,R0lGODlhAQABAIAAAAAAAP///yH5BAEAAAAALAAAAAABAAEAAAIBRAA7', 'data:image/gif;base64,R0lGODlhAQABAIAAAAAAAP///yH5BAEAAAAALAAAAAABAAEAAAIBRAA7', 'data:image/gif;base64,R0lGODlhAQABAIAAAAAAAP///yH5BAEAAAAALAAAAAABAAEAAAIBRAA7', 'data:image/gif;base64,R0lGODlhAQABAIAAAAAAAP///yH5BAEAAAAALAAAAAABAAEAAAIBRAA7']","Dark mole, Solid colour","['Dark grey', 'Cream', 'Dark mole']","['HM.com', 'Ladies', 'Tops', 'Tank Tops', 'Draped cap-sleeved top']"
Cap-sleeved top,799.00,Rs,,https://www2.hm.com/en_in/productpage.1301402001.html,"['XXS: Width: 63 cm, Length: 41 cm', 'XS: Width: 66 cm, Length: 42 cm', 'S: Width: 74 cm, Length: 46 cm', 'M: Width: 80 cm, Length: 48 cm', 'L: Width: 86 cm, Length: 50 cm', 'XL: Width: 96 cm, Length: 53 cm']",Short,Slim fit,Cap sleeve,Sweetheart neckline,Sweetheart neckline,N/A,"H&M Hennes & Mauritz Retail Pvt. Ltd. A-wing, D-3, 2nd Floor District Centre Saket New Delhi -110017 India","Polyester 83%, Elastane 17%",Jersey,[],"['https://image.hm.com/assets/hm/ef/34/ef34b8a1a5fe3ae13b5b6e4d5f1fb2af1f82c277.jpg?imwidth=2160', 'data:image/gif;base64,R0lGODlhAQABAIAAAAAAAP///yH5BAEAAAAALAAAAAABAAEAAAIBRAA7', 'data:image/gif;base64,R0lGODlhAQABAIAAAAAAAP///yH5BAEAAAAALAAAAAABAAEAAAIBRAA7', 'data:image/gif;base64,R0lGODlhAQABAIAAAAAAAP///yH5BAEAAAAALAAAAAABAAEAAAIBRAA7', 'data:image/gif;base64,R0lGODlhAQABAIAAAAAAAP///yH5BAEAAAAALAAAAAABAAEAAAIBRAA7']","Black, Solid colour","['Black', 'Burgundy']","['HM.com', 'Ladies', 'Tops', 'Short sleeve', 'Cap-sleeved top']"
Halterneck vest top,999.00,Rs,,https://www2.hm.com/en_in/productpage.1293336003.html,"['XXS: Width: 67 cm, Length: 35 cm', 'XS: Width: 70 cm, Length: 36 cm', 'S: Width: 78 cm, Length: 39 cm', 'M: Width: 86 cm, Length: 40 cm', 'L: Width: 94 cm, Length: 41 cm', 'XL: Width: 1.06 m, Length: 43 cm', 'XXL: Width: 1.18 m, Length: 44 cm']",Regular length,Slim fit,Vest top,Halterneck,Halterneck,N/A,"H&M Hennes & Mauritz Retail Pvt. Ltd. A-wing, D-3, 2nd Floor District Centre Saket New Delhi -110017 India",Shell:,Jersey,[],"['https://image.hm.com/assets/hm/51/70/5170d1bc3819217055f7172aa70b45b4eb692af2.jpg?imwidth=2160', 'data:image/gif;base64,R0lGODlhAQABAIAAAAAAAP///yH5BAEAAAAALAAAAAABAAEAAAIBRAA7']","Dark brown, Solid colour","['Black', 'White', 'Dark brown']","['HM.com', 'Ladies', 'Tops', 'Tank Tops', 'Halterneck vest top']"
Boxy-style sports vest top with DryMove™,799.00,Rs,,https://www2.hm.com/en_in/productpage.1256611013.html,"['XXS: Width: 87 cm, Length: 46 cm', 'XS: Width: 91 cm, Length: 48 cm', 'S: Width: 99 cm, Length: 50 cm', 'M: Width: 1.07 m, Length: 51 cm', 'L: Width: 1.15 m, Length: 53 cm', 'XL: Width: 1.25 m, Length: 55 cm', 'XXL: Width: 1.35 m, Length: 56 cm']",Cropped,Loose fit,"Boxy, Vest top",Round neck,Round neck,N/A,"H&M Hennes & Mauritz Retail Pvt. Ltd. A-wing, D-3, 2nd Floor District Centre Saket New Delhi -110017 India","Polyester 88%, Elastane 12%",,[],"['https://image.hm.com/assets/hm/63/ee/63ee59f7b8619c2d009fda53775804724b64e032.jpg?imwidth=2160', 'data:image/gif;base64,R0lGODlhAQABAIAAAAAAAP///yH5BAEAAAAALAAAAAABAAEAAAIBRAA7', 'data:image/gif;base64,R0lGODlhAQABAIAAAAAAAP///yH5BAEAAAAALAAAAAABAAEAAAIBRAA7', 'data:image/gif;base64,R0lGODlhAQABAIAAAAAAAP///yH5BAEAAAAALAAAAAABAAEAAAIBRAA7', 'data:image/gif;base64,R0lGODlhAQABAIAAAAAAAP///yH5BAEAAAAALAAAAAABAAEAAAIBRAA7', 'data:image/gif;base64,R0lGODlhAQABAIAAAAAAAP///yH5BAEAAAAALAAAAAABAAEAAAIBRAA7']","Greige, Solid colour","['Black', 'White', 'Pink', 'Light beige', 'Brown', 'Grey', 'Greige']","['HM.com', 'Ladies', 'Sport', 'Training & Gym', 'Tops & T-Shirts', 'Boxy-style sports vest top with DryMove™']"
Boat-neck cotton top,699.00,Rs,,https://www2.hm.com/en_in/productpage.1303332001.html,"['XXS: Width: 86 cm, Length: 49 cm', 'XS: Width: 89 cm, Length: 51 cm', 'S: Width: 97 cm, Length: 54 cm', 'M: Width: 1.05 m, Length: 56 cm', 'L: Width: 1.13 m, Length: 57 cm', 'XL: Width: 1.25 m, Length: 59 cm', 'XXL: Width: 1.37 m, Length: 61 cm']",Regular length,Regular fit,,Boat neck,Boat neck,N/A,"H&M Hennes & Mauritz Retail Pvt. Ltd. A-wing, D-3, 2nd Floor District Centre Saket New Delhi -110017 India",Cotton 100%,"Cotton, Jersey",[],"['https://image.hm.com/assets/hm/7a/4a/7a4aefba38d7cf604990151997b731cbd308f1d3.jpg?imwidth=2160', 'data:image/gif;base64,R0lGODlhAQABAIAAAAAAAP///yH5BAEAAAAALAAAAAABAAEAAAIBRAA7', 'data:image/gif;base64,R0lGODlhAQABAIAAAAAAAP///yH5BAEAAAAALAAAAAABAAEAAAIBRAA7', 'data:image/gif;base64,R0lGODlhAQABAIAAAAAAAP///yH5BAEAAAAALAAAAAABAAEAAAIBRAA7', 'data:image/gif;base64,R0lGODlhAQABAIAAAAAAAP///yH5BAEAAAAALAAAAAABAAEAAAIBRAA7', 'data:image/gif;base64,R0lGODlhAQABAIAAAAAAAP///yH5BAEAAAAALAAAAAABAAEAAAIBRAA7']","White, Solid colour","['White', 'Dark grey', 'Burgundy', 'Dusty turquoise', 'Light pink']","['HM.com', 'Ladies', 'Tops', 'Short sleeve', 'Boat-neck cotton top']"
Sweetheart-neck top,699.00,Rs,,https://www2.hm.com/en_in/productpage.1265784003.html,"['XXS: Width: 60 cm, Length: 43 cm', 'XS: Width: 63 cm, Length: 44 cm', 'S: Width: 71 cm, Length: 48 cm', 'M: Width: 77 cm, Length: 49 cm', 'L: Width: 83 cm, Length: 51 cm', 'XL: Width: 93 cm, Length: 53 cm']",Short,Slim fit,,"Deep neckline, Sweetheart neckline","Deep neckline, Sweetheart neckline","QUANTUM KNITS-3 (A UNIT OF KPR MILL LIMITED)
460 AVINASHI MAIN ROAD,, THEKKALUR, TIRUPPUR, 641654, TIRUPPUR",,"Cotton 95%, Elastane 5%","Cotton, Jersey",[],"['https://image.hm.com/assets/hm/1d/73/1d73cdb939f915b7b8fc0beb0d4ccbcc5604c0dd.jpg?imwidth=2160', 'data:image/gif;base64,R0lGODlhAQABAIAAAAAAAP///yH5BAEAAAAALAAAAAABAAEAAAIBRAA7', 'data:image/gif;base64,R0lGODlhAQABAIAAAAAAAP///yH5BAEAAAAALAAAAAABAAEAAAIBRAA7', 'data:image/gif;base64,R0lGODlhAQABAIAAAAAAAP///yH5BAEAAAAALAAAAAABAAEAAAIBRAA7', 'data:image/gif;base64,R0lGODlhAQABAIAAAAAAAP///yH5BAEAAAAALAAAAAABAAEAAAIBRAA7', 'data:image/gif;base64,R0lGODlhAQABAIAAAAAAAP///yH5BAEAAAAALAAAAAABAAEAAAIBRAA7']","White, Solid colour","['Black', 'White', 'Cream/Striped', 'Light dusty blue']","['HM.com', 'Ladies', 'Basics', 'Tops', 'Long Sleeves', 'Sweetheart-neck top']"
2-pack sports vest tops with DryMove™,"1,499.00",Rs,,https://www2.hm.com/en_in/productpage.1205890015.html,"['XS: Width: 78 cm, Length: 59 cm', 'S: Width: 86 cm, Length: 60 cm', 'M: Width: 94 cm, Length: 62 cm', 'L: Width: 1.02 m, Length: 63 cm', 'XL: Width: 1.14 cm, Length: 65 cm', 'XXL: Width: 1.26 m, Length: 66 cm']",Regular length,Relaxed fit,"Racer back, Vest top","Deep neckline, Round neck","Deep neckline, Round neck",N/A,"H&M Hennes & Mauritz Retail Pvt. Ltd. A-wing, D-3, 2nd Floor District Centre Saket New Delhi -110017 India","Polyester 88%, Elastane 12%",,[],"['https://image.hm.com/assets/hm/82/33/8233ac1cf9b9451ac0db094b71520293dd408a20.jpg?imwidth=2160', 'data:image/gif;base64,R0lGODlhAQABAIAAAAAAAP///yH5BAEAAAAALAAAAAABAAEAAAIBRAA7']","Olive green/Greige, Solid colour","['Black/Beige', 'Light teal marl/White', 'Dark plum/Beige marl', 'Dark grey/White', 'Khaki green/White', 'Light blue/Black', 'Light pink/Light grey', 'Dark grey/Light beige marl', 'Black', 'Light beige/Black', 'Light turquoise/White', 'Olive green/Greige', 'Black/White']","['HM.com', 'Ladies', 'Sport', 'Training & Gym', 'Tops & T-Shirts', '2-pack sports vest tops with DryMove™']"
Ribbed vest top,699.00,Rs,,https://www2.hm.com/en_in/productpage.1292587003.html,"['XXS: Width: 58 cm, Length: 50 cm', 'XS: Width: 61 cm, Length: 51 cm', 'S: Width: 69 cm, Length: 53 cm', 'M: Width: 77 cm, Length: 55 cm', 'L: Width: 85 cm, Length: 56 cm', 'XL: Width: 93 cm, Length: 59 cm']",Regular length,Slim fit,Vest top,"Deep neckline, Round neck","Deep neckline, Round neck","SHAKTHI KNITTING PRIVATE LIMITED
Survey N0 360/1 A1, Door No 4/677, SHAKTHI CENTRE, NOCHIPALAYAM ROAD,, VEERAPANDI POST, 641605, TIRUPUR",,"Cotton 95%, Elastane 5%",,[],"['https://image.hm.com/assets/hm/c0/69/c069e76f526292adc91ed6c1cf5546dae25c12de.jpg?imwidth=2160', 'data:image/gif;base64,R0lGODlhAQABAIAAAAAAAP///yH5BAEAAAAALAAAAAABAAEAAAIBRAA7', 'data:image/gif;base64,R0lGODlhAQABAIAAAAAAAP///yH5BAEAAAAALAAAAAABAAEAAAIBRAA7', 'data:image/gif;base64,R0lGODlhAQABAIAAAAAAAP///yH5BAEAAAAALAAAAAABAAEAAAIBRAA7', 'data:image/gif;base64,R0lGODlhAQABAIAAAAAAAP///yH5BAEAAAAALAAAAAABAAEAAAIBRAA7']","Black, Solid colour","['White', 'Blue/Striped', 'Black']","['HM.com', 'Ladies', 'Basics', 'Tops', 'Vests ', 'Ribbed vest top']"
Textured jersey top,999.00,Rs,,https://www2.hm.com/en_in/productpage.1296671003.html,"['XXS: Width: 56 cm, Length: 23 cm', 'XS: Width: 59 cm, Length: 25 cm', 'S: Width: 66 cm, Length: 27 cm', 'M: Width: 74 cm, Length: 28 cm', 'L: Width: 82 cm, Length: 28 cm', 'XL: Width: 94 cm, Length: 29 cm']",Short,Regular fit,"Flared, Strappy top",Square neckline,Square neckline,N/A,"H&M Hennes & Mauritz Retail Pvt. Ltd. A-wing, D-3, 2nd Floor District Centre Saket New Delhi -110017 India","Polyester 95%, Elastane 5%",Jersey,[],"['https://image.hm.com/assets/hm/9e/10/9e1044eb75c9f1c5ada03ce138820e5a5ca4e8f7.jpg?imwidth=2160', 'data:image/gif;base64,R0lGODlhAQABAIAAAAAAAP///yH5BAEAAAAALAAAAAABAAEAAAIBRAA7', 'data:image/gif;base64,R0lGODlhAQABAIAAAAAAAP///yH5BAEAAAAALAAAAAABAAEAAAIBRAA7', 'data:image/gif;base64,R0lGODlhAQABAIAAAAAAAP///yH5BAEAAAAALAAAAAABAAEAAAIBRAA7', 'data:image/gif;base64,R0lGODlhAQABAIAAAAAAAP///yH5BAEAAAAALAAAAAABAAEAAAIBRAA7', 'data:image/gif;base64,R0lGODlhAQABAIAAAAAAAP///yH5BAEAAAAALAAAAAABAAEAAAIBRAA7', 'data:image/gif;base64,R0lGODlhAQABAIAAAAAAAP///yH5BAEAAAAALAAAAAABAAEAAAIBRAA7']","Dusty purple, Solid colour","['Cream', 'Dusty purple']","['HM.com', 'Ladies', 'Tops', 'Tank Tops', 'Textured jersey top']"
Halterneck vest top,999.00,Rs,,https://www2.hm.com/en_in/productpage.1293336002.html,"['XXS: Width: 67 cm, Length: 35 cm', 'XS: Width: 70 cm, Length: 36 cm', 'S: Width: 78 cm, Length: 39 cm', 'M: Width: 86 cm, Length: 40 cm', 'L: Width: 94 cm, Length: 41 cm', 'XL: Width: 1.06 m, Length: 43 cm', 'XXL: Width: 1.18 m, Length: 44 cm']",Regular length,Slim fit,Vest top,Halterneck,Halterneck,N/A,"H&M Hennes & Mauritz Retail Pvt. Ltd. A-wing, D-3, 2nd Floor District Centre Saket New Delhi -110017 India",Shell:,Jersey,[],"['https://image.hm.com/assets/hm/e8/e8/e8e82fb5039de2216b376d65248336c6eb9adbe3.jpg?imwidth=2160', 'data:image/gif;base64,R0lGODlhAQABAIAAAAAAAP///yH5BAEAAAAALAAAAAABAAEAAAIBRAA7']","White, Solid colour","['Black', 'White', 'Dark brown']","['HM.com', 'Ladies', 'Tops', 'Tank Tops', 'Halterneck vest top']"
Cap-sleeved satin blouse,"1,299.00",Rs,,https://www2.hm.com/en_in/productpage.1295553003.html,"['XXS: Width: 87 cm, Length: 54 cm', 'XS: Width: 90 cm, Length: 55 cm', 'S: Width: 98 cm, Length: 57 cm', 'M: Width: 1.06 m, Length: 58 cm', 'L: Width: 1.14 m, Length: 59 cm', 'XL: Width: 1.26 m, Length: 60 cm']",Regular length,Regular fit,Draped,Cowl neck,Cowl neck,N/A,"H&M Hennes & Mauritz Retail Pvt. Ltd. A-wing, D-3, 2nd Floor District Centre Saket New Delhi -110017 India",Polyester 100%,Satin,[],"['https://image.hm.com/assets/hm/6d/eb/6deba8735a718036bd7bcf7f8362b92314f536a0.jpg?imwidth=2160', 'data:image/gif;base64,R0lGODlhAQABAIAAAAAAAP///yH5BAEAAAAALAAAAAABAAEAAAIBRAA7', 'data:image/gif;base64,R0lGODlhAQABAIAAAAAAAP///yH5BAEAAAAALAAAAAABAAEAAAIBRAA7', 'data:image/gif;base64,R0lGODlhAQABAIAAAAAAAP///yH5BAEAAAAALAAAAAABAAEAAAIBRAA7', 'data:image/gif;base64,R0lGODlhAQABAIAAAAAAAP///yH5BAEAAAAALAAAAAABAAEAAAIBRAA7', 'data:image/gif;base64,R0lGODlhAQABAIAAAAAAAP///yH5BAEAAAAALAAAAAABAAEAAAIBRAA7']","White, Solid colour","['Burgundy', 'Cream/Striped', 'White']","['HM.com', 'Ladies', 'Tops', 'Short sleeve', 'Cap-sleeved satin blouse']"
Turtleneck microfibre top,699.00,Rs,,https://www2.hm.com/en_in/productpage.1267584004.html,"['XXS: Width: 66 cm, Length: 38 cm', 'XS: Width: 69 cm, Length: 40 cm', 'S: Width: 77 cm, Length: 43 cm', 'M: Width: 85 cm, Length: 44 cm', 'L: Width: 93 cm, Length: 46 cm', 'XL: Width: 1.05 m, Length: 47 cm', 'XXL: Width: 1.17 m, Length: 49 cm']",Regular length,Slim fit,,Turtleneck,Turtleneck,N/A,"H&M Hennes & Mauritz Retail Pvt. Ltd. A-wing, D-3, 2nd Floor District Centre Saket New Delhi -110017 India","Polyester 93%, Elastane 7%",Microfibre,[],"['https://image.hm.com/assets/hm/a6/1c/a61c47af8e0aec16e02f8c3a0e8cfe339e33765e.jpg?imwidth=2160', 'data:image/gif;base64,R0lGODlhAQABAIAAAAAAAP///yH5BAEAAAAALAAAAAABAAEAAAIBRAA7', 'data:image/gif;base64,R0lGODlhAQABAIAAAAAAAP///yH5BAEAAAAALAAAAAABAAEAAAIBRAA7', 'data:image/gif;base64,R0lGODlhAQABAIAAAAAAAP///yH5BAEAAAAALAAAAAABAAEAAAIBRAA7']","Blue-grey, Solid colour","['Black', 'White', 'Blue-grey', 'Light beige']","['HM.com', 'Ladies', 'Tops', 'Short sleeve', 'Turtleneck microfibre top']"
Gathered cap-sleeved top,799.00,Rs,,https://www2.hm.com/en_in/productpage.1267254002.html,"['XXS: Width: 52 cm, Length: 45 cm', 'XS: Width: 56 cm, Length: 46 cm', 'S: Width: 64 cm, Length: 47 cm', 'M: Width: 70 cm, Length: 48 cm', 'L: Width: 76 cm, Length: 49 cm', 'XL: Width: 86 cm, Length: 50 cm']",Regular length,Slim fit,Cap sleeve,Square neckline,Square neckline,N/A,"H&M Hennes & Mauritz Retail Pvt. Ltd. A-wing, D-3, 2nd Floor District Centre Saket New Delhi -110017 India","Cotton 95%, Elastane 5%","Cotton, Jersey",[],"['https://image.hm.com/assets/hm/e2/a0/e2a077177c3201cc12ccd8f10a6ae13231812a88.jpg?imwidth=2160', 'data:image/gif;base64,R0lGODlhAQABAIAAAAAAAP///yH5BAEAAAAALAAAAAABAAEAAAIBRAA7', 'data:image/gif;base64,R0lGODlhAQABAIAAAAAAAP///yH5BAEAAAAALAAAAAABAAEAAAIBRAA7', 'data:image/gif;base64,R0lGODlhAQABAIAAAAAAAP///yH5BAEAAAAALAAAAAABAAEAAAIBRAA7', 'data:image/gif;base64,R0lGODlhAQABAIAAAAAAAP///yH5BAEAAAAALAAAAAABAAEAAAIBRAA7']","Light dusty pink, Solid colour","['Cream/Striped', 'Light dusty pink', 'Cream/Floral', 'Blue']","['HM.com', 'Ladies', 'Tops', 'Short sleeve', 'Gathered cap-sleeved top']"
Waisted T-shirt,999.00,Rs,,https://www2.hm.com/en_in/productpage.1299849002.html,"['XXS: Width: 80 cm, Length: 52 cm', 'XS: Width: 83 cm, Length: 54 cm', 'S: Width: 91 cm, Length: 57 cm', 'M: Width: 99 cm, Length: 59 cm', 'L: Width: 1.07 m, Length: 60 cm', 'XL: Width: 1.19 m, Length: 62 cm', 'XXL: Width: 1.31 m, Length: 64 cm']",Regular length,Regular fit,"Draped, Peplum",Round neck,Round neck,N/A,"H&M Hennes & Mauritz Retail Pvt. Ltd. A-wing, D-3, 2nd Floor District Centre Saket New Delhi -110017 India",Cotton 100%,"Cotton, Jersey",[],"['https://image.hm.com/assets/hm/e3/80/e380468dd33758dd47a92719c46c3a68c0c196d1.jpg?imwidth=2160', 'data:image/gif;base64,R0lGODlhAQABAIAAAAAAAP///yH5BAEAAAAALAAAAAABAAEAAAIBRAA7']","Red, Solid colour","['White', 'Red']","['HM.com', 'Ladies', 'Tops', 'Peplum Tops', 'Waisted T-shirt']"
Ribbed vest top,699.00,Rs,,https://www2.hm.com/en_in/productpage.1292587002.html,"['XXS: Width: 58 cm, Length: 50 cm', 'XS: Width: 61 cm, Length: 51 cm', 'S: Width: 69 cm, Length: 53 cm', 'M: Width: 77 cm, Length: 55 cm', 'L: Width: 85 cm, Length: 56 cm', 'XL: Width: 93 cm, Length: 59 cm']",Regular length,Slim fit,Vest top,"Deep neckline, Round neck","Deep neckline, Round neck",N/A,"H&M Hennes & Mauritz Retail Pvt. Ltd. A-wing, D-3, 2nd Floor District Centre Saket New Delhi -110017 India","Cotton 95%, Elastane 5%",,[],"['https://image.hm.com/assets/hm/32/9d/329d0f299d887b058d06a3216d1b6928c739130f.jpg?imwidth=2160', 'data:image/gif;base64,R0lGODlhAQABAIAAAAAAAP///yH5BAEAAAAALAAAAAABAAEAAAIBRAA7', 'data:image/gif;base64,R0lGODlhAQABAIAAAAAAAP///yH5BAEAAAAALAAAAAABAAEAAAIBRAA7', 'data:image/gif;base64,R0lGODlhAQABAIAAAAAAAP///yH5BAEAAAAALAAAAAABAAEAAAIBRAA7', 'data:image/gif;base64,R0lGODlhAQABAIAAAAAAAP///yH5BAEAAAAALAAAAAABAAEAAAIBRAA7', 'data:image/gif;base64,R0lGODlhAQABAIAAAAAAAP///yH5BAEAAAAALAAAAAABAAEAAAIBRAA7']","Blue/White, Striped","['White', 'Blue/Striped', 'Black']","['HM.com', 'Ladies', 'Basics', 'Tops', 'Vests ', 'Ribbed vest top']"
Boat-neck cotton top,699.00,Rs,,https://www2.hm.com/en_in/productpage.1303332004.html,"['XXS: Width: 86 cm, Length: 49 cm', 'XS: Width: 89 cm, Length: 51 cm', 'S: Width: 97 cm, Length: 54 cm', 'M: Width: 1.05 m, Length: 56 cm', 'L: Width: 1.13 m, Length: 57 cm', 'XL: Width: 1.25 m, Length: 59 cm', 'XXL: Width: 1.37 m, Length: 61 cm']",Regular length,Regular fit,,Boat neck,Boat neck,N/A,"H&M Hennes & Mauritz Retail Pvt. Ltd. A-wing, D-3, 2nd Floor District Centre Saket New Delhi -110017 India",Cotton 100%,"Cotton, Jersey",[],"['https://image.hm.com/assets/hm/ad/34/ad34a8a833320a131b330858520d3d8ea4568312.jpg?imwidth=2160', 'data:image/gif;base64,R0lGODlhAQABAIAAAAAAAP///yH5BAEAAAAALAAAAAABAAEAAAIBRAA7', 'data:image/gif;base64,R0lGODlhAQABAIAAAAAAAP///yH5BAEAAAAALAAAAAABAAEAAAIBRAA7', 'data:image/gif;base64,R0lGODlhAQABAIAAAAAAAP///yH5BAEAAAAALAAAAAABAAEAAAIBRAA7', 'data:image/gif;base64,R0lGODlhAQABAIAAAAAAAP///yH5BAEAAAAALAAAAAABAAEAAAIBRAA7', 'data:image/gif;base64,R0lGODlhAQABAIAAAAAAAP///yH5BAEAAAAALAAAAAABAAEAAAIBRAA7']","Dusty turquoise, Solid colour","['White', 'Dark grey', 'Burgundy', 'Dusty turquoise', 'Light pink']","['HM.com', 'Ladies', 'Tops', 'Short sleeve', 'Boat-neck cotton top']"
Boat-neck cotton top,699.00,Rs,,https://www2.hm.com/en_in/productpage.1303332005.html,"['XXS: Width: 86 cm, Length: 49 cm', 'XS: Width: 89 cm, Length: 51 cm', 'S: Width: 97 cm, Length: 54 cm', 'M: Width: 1.05 m, Length: 56 cm', 'L: Width: 1.13 m, Length: 57 cm', 'XL: Width: 1.25 m, Length: 59 cm', 'XXL: Width: 1.37 m, Length: 61 cm']",Regular length,Regular fit,,Boat neck,Boat neck,N/A,"H&M Hennes & Mauritz Retail Pvt. Ltd. A-wing, D-3, 2nd Floor District Centre Saket New Delhi -110017 India",Cotton 100%,"Cotton, Jersey",[],"['https://image.hm.com/assets/hm/e5/f6/e5f6d07a6b2794848150063ae348776cc2a5c957.jpg?imwidth=2160', 'data:image/gif;base64,R0lGODlhAQABAIAAAAAAAP///yH5BAEAAAAALAAAAAABAAEAAAIBRAA7', 'data:image/gif;base64,R0lGODlhAQABAIAAAAAAAP///yH5BAEAAAAALAAAAAABAAEAAAIBRAA7', 'data:image/gif;base64,R0lGODlhAQABAIAAAAAAAP///yH5BAEAAAAALAAAAAABAAEAAAIBRAA7', 'data:image/gif;base64,R0lGODlhAQABAIAAAAAAAP///yH5BAEAAAAALAAAAAABAAEAAAIBRAA7']","Light pink, Solid colour","['White', 'Dark grey', 'Burgundy', 'Dusty turquoise', 'Light pink']","['HM.com', 'Ladies', 'Tops', 'Short sleeve', 'Boat-neck cotton top']"
Cropped vest top,699.00,Rs,,https://www2.hm.com/en_in/productpage.1049251010.html,"['XS: Width: 60 cm, Length: 37 cm', 'S: Width: 68 cm, Length: 38 cm', 'M: Width: 76 cm, Length: 40 cm', 'L: Width: 84 cm, Length: 42 cm', 'XL: Width: 94 cm, Length: 44 cm']",Cropped,Slim fit,Vest top,,,N/A,"H&M Hennes & Mauritz Retail Pvt. Ltd. A-wing, D-3, 2nd Floor District Centre Saket New Delhi -110017 India","Cotton 95%, Elastane 5%","Cotton, Jersey",[],"['https://image.hm.com/assets/hm/88/8b/888b138e2c81eb83a1668878fb39ed5ac0d6e00e.jpg?imwidth=2160', 'data:image/gif;base64,R0lGODlhAQABAIAAAAAAAP///yH5BAEAAAAALAAAAAABAAEAAAIBRAA7', 'data:image/gif;base64,R0lGODlhAQABAIAAAAAAAP///yH5BAEAAAAALAAAAAABAAEAAAIBRAA7', 'data:image/gif;base64,R0lGODlhAQABAIAAAAAAAP///yH5BAEAAAAALAAAAAABAAEAAAIBRAA7', 'data:image/gif;base64,R0lGODlhAQABAIAAAAAAAP///yH5BAEAAAAALAAAAAABAAEAAAIBRAA7']","Cream/Black, Striped","['Black', 'White', 'Light beige', 'Dark yellow', 'Light blue', 'Green', 'Pink', 'Apricot', 'Cream/Black striped', 'White', 'Cerise', 'Green', 'Bright blue', 'Red', 'Yellow', 'Light beige', 'White/Red striped', 'Light blue', 'Black/White striped', 'Grey marl', 'Light greige', 'Blue', 'White/Black', 'Bright red', 'Light pink', 'Brown', 'Black/Striped', 'Pale yellow', 'White/Red striped', 'Brown', 'Light blue', 'Pink', 'Light green', 'Dark green']","['HM.com', 'Ladies', 'Tops', 'Cropped tops', 'Cropped vest top']"
Fitted vest top,799.00,Rs,,https://www2.hm.com/en_in/productpage.1283557001.html,"['XXS: Width: 56 cm, Length: 54 cm', 'XS: Width: 60 cm, Length: 56 cm', 'S: Width: 68 cm, Length: 57 cm', 'M: Width: 74 cm, Length: 59 cm', 'L: Width: 80 cm, Length: 60 cm', 'XL: Width: 90 cm, Length: 62 cm']",Regular length,Slim fit,Vest top,Deep neckline,Deep neckline,N/A,"H&M Hennes & Mauritz Retail Pvt. Ltd. A-wing, D-3, 2nd Floor District Centre Saket New Delhi -110017 India","Cotton 97%, Elastane 3%","Cotton, Jersey",[],"['https://image.hm.com/assets/hm/7e/77/7e77317a7a23b225374a974faa033053404688ce.jpg?imwidth=2160', 'data:image/gif;base64,R0lGODlhAQABAIAAAAAAAP///yH5BAEAAAAALAAAAAABAAEAAAIBRAA7', 'data:image/gif;base64,R0lGODlhAQABAIAAAAAAAP///yH5BAEAAAAALAAAAAABAAEAAAIBRAA7', 'data:image/gif;base64,R0lGODlhAQABAIAAAAAAAP///yH5BAEAAAAALAAAAAABAAEAAAIBRAA7', 'data:image/gif;base64,R0lGODlhAQABAIAAAAAAAP///yH5BAEAAAAALAAAAAABAAEAAAIBRAA7']","Cream, Solid colour","['Cream', 'Greige', 'Navy blue', 'Dark brown']","['HM.com', 'Ladies', 'Basics', 'Tops', 'Vests ', 'Fitted vest top']"
Draped cap-sleeved top,699.00,Rs,,https://www2.hm.com/en_in/productpage.1300538002.html,"['XXS: Width: 69 cm, Length: 47 cm', 'XS: Width: 72 cm, Length: 49 cm', 'S: Width: 80 cm, Length: 53 cm', 'M: Width: 88 cm, Length: 54 cm', 'L: Width: 96 cm, Length: 56 cm', 'XL: Width: 1.07 m, Length: 58 cm', 'XXL: Width: 1.18 m, Length: 60 cm']",Regular length,Slim fit,"Draped, Vest top",Boat neck,Boat neck,N/A,"H&M Hennes & Mauritz Retail Pvt. Ltd. A-wing, D-3, 2nd Floor District Centre Saket New Delhi -110017 India",Shell:,Jersey,[],"['https://image.hm.com/assets/hm/f1/61/f161f0bac3d3551076b89da6ac805126547518dd.jpg?imwidth=2160', 'data:image/gif;base64,R0lGODlhAQABAIAAAAAAAP///yH5BAEAAAAALAAAAAABAAEAAAIBRAA7', 'data:image/gif;base64,R0lGODlhAQABAIAAAAAAAP///yH5BAEAAAAALAAAAAABAAEAAAIBRAA7', 'data:image/gif;base64,R0lGODlhAQABAIAAAAAAAP///yH5BAEAAAAALAAAAAABAAEAAAIBRAA7', 'data:image/gif;base64,R0lGODlhAQABAIAAAAAAAP///yH5BAEAAAAALAAAAAABAAEAAAIBRAA7', 'data:image/gif;base64,R0lGODlhAQABAIAAAAAAAP///yH5BAEAAAAALAAAAAABAAEAAAIBRAA7']","Cream, Solid colour","['Dark grey', 'Cream', 'Dark mole']","['HM.com', 'Ladies', 'Tops', 'Tank Tops', 'Draped cap-sleeved top']"
Boat-neck cotton top,699.00,Rs,,https://www2.hm.com/en_in/productpage.1303332002.html,"['XXS: Width: 86 cm, Length: 49 cm', 'XS: Width: 89 cm, Length: 51 cm', 'S: Width: 97 cm, Length: 54 cm', 'M: Width: 1.05 m, Length: 56 cm', 'L: Width: 1.13 m, Length: 57 cm', 'XL: Width: 1.25 m, Length: 59 cm', 'XXL: Width: 1.37 m, Length: 61 cm']",Regular length,Regular fit,,Boat neck,Boat neck,N/A,"H&M Hennes & Mauritz Retail Pvt. Ltd. A-wing, D-3, 2nd Floor District Centre Saket New Delhi -110017 India",Cotton 100%,"Cotton, Jersey",[],"['https://image.hm.com/assets/hm/7f/d5/7fd5880dbad3c0aed9c4107468f499c2812b023f.jpg?imwidth=2160', 'data:image/gif;base64,R0lGODlhAQABAIAAAAAAAP///yH5BAEAAAAALAAAAAABAAEAAAIBRAA7', 'data:image/gif;base64,R0lGODlhAQABAIAAAAAAAP///yH5BAEAAAAALAAAAAABAAEAAAIBRAA7', 'data:image/gif;base64,R0lGODlhAQABAIAAAAAAAP///yH5BAEAAAAALAAAAAABAAEAAAIBRAA7', 'data:image/gif;base64,R0lGODlhAQABAIAAAAAAAP///yH5BAEAAAAALAAAAAABAAEAAAIBRAA7']","Dark grey, Solid colour","['White', 'Dark grey', 'Burgundy', 'Dusty turquoise', 'Light pink']","['HM.com', 'Ladies', 'Tops', 'Short sleeve', 'Boat-neck cotton top']"
Draped halterneck top,899.00,Rs,,https://www2.hm.com/en_in/productpage.1290398002.html,"['XXS: Width: 66 cm, Length: 23 cm', 'XS: Width: 69 cm, Length: 24 cm', 'S: Width: 77 cm, Length: 26 cm', 'M: Width: 85 cm, Length: 27 cm', 'L: Width: 93 cm, Length: 27 cm', 'XL: Width: 1.03 m, Length: 28 cm', 'XXL: Width: 1.13 m, Length: 28 cm']",Regular length,Slim fit,Draped,"Cowl neck, Halterneck","Cowl neck, Halterneck",N/A,"H&M Hennes & Mauritz Retail Pvt. Ltd. A-wing, D-3, 2nd Floor District Centre Saket New Delhi -110017 India",Polyester 100%,Jersey,[],"['https://image.hm.com/assets/hm/07/47/07471a985919ae8dc1875d922855c8480bdeb973.jpg?imwidth=2160', 'data:image/gif;base64,R0lGODlhAQABAIAAAAAAAP///yH5BAEAAAAALAAAAAABAAEAAAIBRAA7', 'data:image/gif;base64,R0lGODlhAQABAIAAAAAAAP///yH5BAEAAAAALAAAAAABAAEAAAIBRAA7', 'data:image/gif;base64,R0lGODlhAQABAIAAAAAAAP///yH5BAEAAAAALAAAAAABAAEAAAIBRAA7', 'data:image/gif;base64,R0lGODlhAQABAIAAAAAAAP///yH5BAEAAAAALAAAAAABAAEAAAIBRAA7', 'data:image/gif;base64,R0lGODlhAQABAIAAAAAAAP///yH5BAEAAAAALAAAAAABAAEAAAIBRAA7', 'data:image/gif;base64,R0lGODlhAQABAIAAAAAAAP///yH5BAEAAAAALAAAAAABAAEAAAIBRAA7', 'data:image/gif;base64,R0lGODlhAQABAIAAAAAAAP///yH5BAEAAAAALAAAAAABAAEAAAIBRAA7', 'data:image/gif;base64,R0lGODlhAQABAIAAAAAAAP///yH5BAEAAAAALAAAAAABAAEAAAIBRAA7']","Black, Solid colour","['White', 'Black', 'Green']","['HM.com', 'Ladies', 'Tops', 'Draped halterneck top']"
Sports top with DryMove™,799.00,Rs,,https://www2.hm.com/en_in/productpage.1285424003.html,"['XS: Width: 70 cm, Length: 47 cm', 'S: Width: 78 cm, Length: 50 cm', 'M: Width: 84 cm, Length: 52 cm', 'L: Width: 90 cm, Length: 53 cm', 'XL: Width: 100 cm, Length: 55 cm', 'XXL: Width: 1.10 m, Length: 56 cm']",Short,Slim fit,,Round neck,Round neck,N/A,"H&M Hennes & Mauritz Retail Pvt. Ltd. A-wing, D-3, 2nd Floor District Centre Saket New Delhi -110017 India","Polyester 87%, Elastane 13%",,[],"['https://image.hm.com/assets/hm/5b/e6/5be6a9a6d5ab37d8673d80ca8ad57d98c8e3d54a.jpg?imwidth=2160', 'data:image/gif;base64,R0lGODlhAQABAIAAAAAAAP///yH5BAEAAAAALAAAAAABAAEAAAIBRAA7', 'data:image/gif;base64,R0lGODlhAQABAIAAAAAAAP///yH5BAEAAAAALAAAAAABAAEAAAIBRAA7', 'data:image/gif;base64,R0lGODlhAQABAIAAAAAAAP///yH5BAEAAAAALAAAAAABAAEAAAIBRAA7', 'data:image/gif;base64,R0lGODlhAQABAIAAAAAAAP///yH5BAEAAAAALAAAAAABAAEAAAIBRAA7', 'data:image/gif;base64,R0lGODlhAQABAIAAAAAAAP///yH5BAEAAAAALAAAAAABAAEAAAIBRAA7']","Dark beige, Solid colour","['Black', 'White', 'Dark beige', 'Navy blue', 'Red', 'Light pink']","['HM.com', 'Ladies', 'Sport', 'Training & Gym', 'Tops & T-Shirts', 'Sports top with DryMove™']"
Ribbed off-the-shoulder top,699.00,Rs,,https://www2.hm.com/en_in/productpage.1282200002.html,"['XXS: Width: 57 cm, Length: 36 cm', 'XS: Width: 60 cm, Length: 37 cm', 'S: Width: 68 cm, Length: 40 cm', 'M: Width: 76 cm, Length: 41 cm', 'L: Width: 84 cm, Length: 42 cm', 'XL: Width: 96 cm, Length: 43 cm']",Short,Slim fit,Off-the-shoulder,Boat neck,Boat neck,N/A,"H&M Hennes & Mauritz Retail Pvt. Ltd. A-wing, D-3, 2nd Floor District Centre Saket New Delhi -110017 India","Cotton 95%, Elastane 5%","Cotton, Jersey",[],"['https://image.hm.com/assets/hm/02/15/02158f5a6c56d21902514b43e4f24af78dd353c3.jpg?imwidth=2160', 'data:image/gif;base64,R0lGODlhAQABAIAAAAAAAP///yH5BAEAAAAALAAAAAABAAEAAAIBRAA7', 'data:image/gif;base64,R0lGODlhAQABAIAAAAAAAP///yH5BAEAAAAALAAAAAABAAEAAAIBRAA7', 'data:image/gif;base64,R0lGODlhAQABAIAAAAAAAP///yH5BAEAAAAALAAAAAABAAEAAAIBRAA7', 'data:image/gif;base64,R0lGODlhAQABAIAAAAAAAP///yH5BAEAAAAALAAAAAABAAEAAAIBRAA7']","Dusty pink, Solid colour","['Black', 'Dusty pink', 'Grey marl', 'Navy blue', 'White']","['HM.com', 'Ladies', 'Basics', 'Tops', 'Short Sleeves', 'Ribbed off-the-shoulder top']"
One-shoulder top,799.00,Rs,,https://www2.hm.com/en_in/productpage.1290227001.html,"['XXS: Width: 65 cm, Length: 27 cm', 'XS: Width: 68 cm, Length: 29 cm', 'S: Width: 76 cm, Length: 31 cm', 'M: Width: 84 cm, Length: 32 cm', 'L: Width: 92 cm, Length: 32 cm', 'XL: Width: 1.04 m, Length: 32 cm', 'XXL: Width: 1.16 m, Length: 33 cm']",Regular length,Slim fit,"Draped, One-shoulder",Asymmetric neckline,Asymmetric neckline,N/A,"H&M Hennes & Mauritz Retail Pvt. Ltd. A-wing, D-3, 2nd Floor District Centre Saket New Delhi -110017 India",Shell:,Jersey,[],"['https://image.hm.com/assets/hm/7c/ed/7ced754df2a4ce1b07d55f394ffdb6961911c56c.jpg?imwidth=2160', 'data:image/gif;base64,R0lGODlhAQABAIAAAAAAAP///yH5BAEAAAAALAAAAAABAAEAAAIBRAA7', 'data:image/gif;base64,R0lGODlhAQABAIAAAAAAAP///yH5BAEAAAAALAAAAAABAAEAAAIBRAA7', 'data:image/gif;base64,R0lGODlhAQABAIAAAAAAAP///yH5BAEAAAAALAAAAAABAAEAAAIBRAA7', 'data:image/gif;base64,R0lGODlhAQABAIAAAAAAAP///yH5BAEAAAAALAAAAAABAAEAAAIBRAA7', 'data:image/gif;base64,R0lGODlhAQABAIAAAAAAAP///yH5BAEAAAAALAAAAAABAAEAAAIBRAA7']","Black, Solid colour","['Black', 'Light beige', 'Golden olive']","['HM.com', 'Ladies', 'Tops', 'One-shoulder top']"
Sports top with DryMove™,799.00,Rs,,https://www2.hm.com/en_in/productpage.1285424002.html,"['XS: Width: 70 cm, Length: 47 cm', 'S: Width: 78 cm, Length: 50 cm', 'M: Width: 84 cm, Length: 52 cm', 'L: Width: 90 cm, Length: 53 cm', 'XL: Width: 100 cm, Length: 55 cm', 'XXL: Width: 1.10 m, Length: 56 cm']",Short,Slim fit,,Round neck,Round neck,N/A,"H&M Hennes & Mauritz Retail Pvt. Ltd. A-wing, D-3, 2nd Floor District Centre Saket New Delhi -110017 India","Polyester 87%, Elastane 13%",,[],"['https://image.hm.com/assets/hm/18/a4/18a402b23251ca8300983fd344555251b2f12e5f.jpg?imwidth=2160', 'data:image/gif;base64,R0lGODlhAQABAIAAAAAAAP///yH5BAEAAAAALAAAAAABAAEAAAIBRAA7', 'data:image/gif;base64,R0lGODlhAQABAIAAAAAAAP///yH5BAEAAAAALAAAAAABAAEAAAIBRAA7', 'data:image/gif;base64,R0lGODlhAQABAIAAAAAAAP///yH5BAEAAAAALAAAAAABAAEAAAIBRAA7', 'data:image/gif;base64,R0lGODlhAQABAIAAAAAAAP///yH5BAEAAAAALAAAAAABAAEAAAIBRAA7']","White, Solid colour","['Black', 'White', 'Dark beige', 'Navy blue', 'Red', 'Light pink']","['HM.com', 'Ladies', 'Sport', 'Training & Gym', 'Tops & T-Shirts', 'Sports top with DryMove™']"
Cropped vest top,699.00,Rs,,https://www2.hm.com/en_in/productpage.1049251002.html,"['XXS: Width: 57 cm, Length: 36 cm', 'XS: Width: 60 cm, Length: 37 cm', 'S: Width: 68 cm, Length: 38 cm', 'M: Width: 76 cm, Length: 40 cm', 'L: Width: 84 cm, Length: 42 cm', 'XL: Width: 94 cm, Length: 44 cm', 'XXL: Width: 1.04 m, Length: 47 cm']",Cropped,Slim fit,Vest top,,,N/A,"H&M Hennes & Mauritz Retail Pvt. Ltd. A-wing, D-3, 2nd Floor District Centre Saket New Delhi -110017 India","Cotton 95%, Elastane 5%","Cotton, Jersey",[],"['https://image.hm.com/assets/hm/4a/fe/4afe7f39d6798c08f68b3f6fb91f0b1e3cf4b58a.jpg?imwidth=2160', 'data:image/gif;base64,R0lGODlhAQABAIAAAAAAAP///yH5BAEAAAAALAAAAAABAAEAAAIBRAA7', 'data:image/gif;base64,R0lGODlhAQABAIAAAAAAAP///yH5BAEAAAAALAAAAAABAAEAAAIBRAA7', 'data:image/gif;base64,R0lGODlhAQABAIAAAAAAAP///yH5BAEAAAAALAAAAAABAAEAAAIBRAA7', 'data:image/gif;base64,R0lGODlhAQABAIAAAAAAAP///yH5BAEAAAAALAAAAAABAAEAAAIBRAA7', 'data:image/gif;base64,R0lGODlhAQABAIAAAAAAAP///yH5BAEAAAAALAAAAAABAAEAAAIBRAA7', 'data:image/gif;base64,R0lGODlhAQABAIAAAAAAAP///yH5BAEAAAAALAAAAAABAAEAAAIBRAA7']","White, Solid colour","['Black', 'White', 'Light beige', 'Dark yellow', 'Light blue', 'Green', 'Pink', 'Apricot', 'Cream/Black striped', 'White', 'Cerise', 'Green', 'Bright blue', 'Red', 'Yellow', 'Light beige', 'White/Red striped', 'Light blue', 'Black/White striped', 'Grey marl', 'Light greige', 'Blue', 'White/Black', 'Bright red', 'Light pink', 'Brown', 'Black/Striped', 'Pale yellow', 'White/Red striped', 'Brown', 'Light blue', 'Pink', 'Light green', 'Dark green']","['HM.com', 'Ladies', 'Tops', 'Cropped tops', 'Cropped vest top']"
Ribbed vest top,699.00,Rs,,https://www2.hm.com/en_in/productpage.1257593021.html,"['XS: Width: 60 cm, Length: 53 cm', 'S: Width: 68 cm, Length: 55 cm', 'M: Width: 74 cm, Length: 56 cm', 'L: Width: 80 cm, Length: 58 cm', 'XL: Width: 90 cm, Length: 59 cm', 'XXL: Width: 100 cm, Length: 61 cm', '3XL: Width: 1.1 m, Length: 62 cm', '4XL: Width: 1.2 m, Length: 64 cm']",Regular length,Slim fit,Vest top,Round neck,Round neck,"SCM GARMENTS PVT LIMITED
57,V.O.C Nagar (South), Valayankadu, Tirupur, 641603, Tirupur",,"Cotton 95%, Elastane 5%","Cotton, Jersey",[],"['https://image.hm.com/assets/hm/cd/c5/cdc55b8aceba3ad6711dcfd2624015e13f70e48a.jpg?imwidth=2160', 'data:image/gif;base64,R0lGODlhAQABAIAAAAAAAP///yH5BAEAAAAALAAAAAABAAEAAAIBRAA7', 'data:image/gif;base64,R0lGODlhAQABAIAAAAAAAP///yH5BAEAAAAALAAAAAABAAEAAAIBRAA7', 'data:image/gif;base64,R0lGODlhAQABAIAAAAAAAP///yH5BAEAAAAALAAAAAABAAEAAAIBRAA7']","Old rose, Solid colour","['Black', 'White', 'Grey marl', 'Burgundy', 'Dark beige', 'Dark khaki green', 'White', 'Mole', 'Light dusty pink', 'Grey', 'Blue-grey', 'Dusty pink', 'Light beige', 'Old rose', 'Burgundy']","['HM.com', 'Ladies', 'Basics', 'Tops', 'Vests ', 'Ribbed vest top']"
Draped top,999.00,Rs,,https://www2.hm.com/en_in/productpage.1299843003.html,"['XXS: Width: 68 cm, Length: 50 cm', 'XS: Width: 71 cm, Length: 52 cm', 'S: Width: 79 cm, Length: 55 cm', 'M: Width: 87 cm, Length: 57 cm', 'L: Width: 95 cm, Length: 58 cm', 'XL: Width: 1.07 m, Length: 60 cm', 'XXL: Width: 1.19 m, Length: 62 cm']",Regular length,Slim fit,Draped,Round neck,Round neck,N/A,"H&M Hennes & Mauritz Retail Pvt. Ltd. A-wing, D-3, 2nd Floor District Centre Saket New Delhi -110017 India",Shell:,Jersey,[],"['https://image.hm.com/assets/hm/c3/35/c33568e7640138d5db941b987763385b37df9774.jpg?imwidth=2160', 'data:image/gif;base64,R0lGODlhAQABAIAAAAAAAP///yH5BAEAAAAALAAAAAABAAEAAAIBRAA7', 'data:image/gif;base64,R0lGODlhAQABAIAAAAAAAP///yH5BAEAAAAALAAAAAABAAEAAAIBRAA7', 'data:image/gif;base64,R0lGODlhAQABAIAAAAAAAP///yH5BAEAAAAALAAAAAABAAEAAAIBRAA7', 'data:image/gif;base64,R0lGODlhAQABAIAAAAAAAP///yH5BAEAAAAALAAAAAABAAEAAAIBRAA7']","Dark grey, Solid colour","['White', 'Dark khaki green', 'Dark grey']","['HM.com', 'Ladies', 'Tops', 'Short sleeve', 'Draped top']"
Microfibre vest top,799.00,Rs,,https://www2.hm.com/en_in/productpage.1292586001.html,"['XXS: Width: 63 cm, Length: 45 cm', 'XS: Width: 66 cm, Length: 46 cm', 'S: Width: 74 cm, Length: 48 cm', 'M: Width: 82 cm, Length: 50 cm', 'L: Width: 90 cm, Length: 51 cm', 'XL: Width: 98 cm, Length: 54 cm']",Short,Slim fit,Vest top,"Deep neckline, Round neck","Deep neckline, Round neck",N/A,"H&M Hennes & Mauritz Retail Pvt. Ltd. A-wing, D-3, 2nd Floor District Centre Saket New Delhi -110017 India","Polyester 87%, Elastane 13%",Microfibre,[],"['https://image.hm.com/assets/hm/7e/0e/7e0eabd779c2e9bcb1433f15878d978b1bf28b7b.jpg?imwidth=2160', 'data:image/gif;base64,R0lGODlhAQABAIAAAAAAAP///yH5BAEAAAAALAAAAAABAAEAAAIBRAA7', 'data:image/gif;base64,R0lGODlhAQABAIAAAAAAAP///yH5BAEAAAAALAAAAAABAAEAAAIBRAA7', 'data:image/gif;base64,R0lGODlhAQABAIAAAAAAAP///yH5BAEAAAAALAAAAAABAAEAAAIBRAA7', 'data:image/gif;base64,R0lGODlhAQABAIAAAAAAAP///yH5BAEAAAAALAAAAAABAAEAAAIBRAA7']","White, Solid colour","['White', 'Dark brown', 'Dark red', 'Light blue']","['HM.com', 'Ladies', 'Basics', 'Tops', 'Vests ', 'Microfibre vest top']"
Cable-knit top,"1,499.00",Rs,,https://www2.hm.com/en_in/productpage.1294062001.html,"['XXS: Width: 60 cm, Length: 52 cm', 'XS: Width: 64 cm, Length: 53 cm', 'S: Width: 72 cm, Length: 55 cm', 'M: Width: 80 cm, Length: 57 cm', 'L: Width: 88 cm, Length: 59 cm', 'XL: Width: 96 cm, Length: 61 cm']",Regular length,Regular fit,,Round neck,Round neck,N/A,"H&M Hennes & Mauritz Retail Pvt. Ltd. A-wing, D-3, 2nd Floor District Centre Saket New Delhi -110017 India","Viscose 55%, Polyester 25%, Polyamide 20%",,[],"['https://image.hm.com/assets/hm/c5/9e/c59e3a723d98e298d823d06aa1563b2d83114f15.jpg?imwidth=2160', 'data:image/gif;base64,R0lGODlhAQABAIAAAAAAAP///yH5BAEAAAAALAAAAAABAAEAAAIBRAA7', 'data:image/gif;base64,R0lGODlhAQABAIAAAAAAAP///yH5BAEAAAAALAAAAAABAAEAAAIBRAA7', 'data:image/gif;base64,R0lGODlhAQABAIAAAAAAAP///yH5BAEAAAAALAAAAAABAAEAAAIBRAA7']","Dark brown, Solid colour","['Dark brown', 'Cream']","['HM.com', 'Cable-knit top']"
