unique_id,product_name,regular_price,selling_price,percentage_discount,breadcrumb,pdp_url,uom
509938,"Zott Jogobella élőflórás, zsírszegény joghurtos ital 250 g",319.00,319.00,0,"Főoldal>Online áruház>Friss élelmiszer>Tejtermék, tojás, sajt>Joghurtok>Joghurt italok>Zott Jogobella élőflórás, zsírszegény joghurtos ital 250 g",https://auchan.hu/shop/zott-jogobella-élőflórás-zsírszegény-joghurtos-ital-250-g.p-509938,g
557410,Zott Jogobella joghurtos ital 250 g,319.00,319.00,0,"Főoldal>Online áruház>Friss élelmiszer>Tejtermék, tojás, sajt>Joghurtok>Joghurt italok>Zott Jogobella joghurtos ital 250 g",https://auchan.hu/shop/zott-jogobella-joghurtos-ital-250-g.p-557410,g
557414,Zott Jogobella joghurtos ital 250 g,319.00,319.00,0,"Főoldal>Online áruház>Friss élelmiszer>Tejtermék, tojás, sajt>Joghurtok>Joghurt italok>Zott Jogobella joghurtos ital 250 g",https://auchan.hu/shop/zott-jogobella-joghurtos-ital-250-g.p-557414,g
763965,Real Nature epres-banános joghurtital 250 g,369.00,369.00,0,"Főoldal>Online áruház>Friss élelmiszer>Tejtermék, tojás, sajt>Joghurtok>Joghurt italok>Real Nature epres-banános joghurtital 250 g",https://auchan.hu/shop/real-nature-epres-banános-joghurtital-250-g.p-763965,g
953460,Danone dinnye ízű iható fermentált tejkészítmény 310 g,429.00,429.00,0,"Főoldal>Online áruház>Friss élelmiszer>Tejtermék, tojás, sajt>Joghurtok>Joghurt italok>Danone dinnye ízű iható fermentált tejkészítmény 310 g",https://auchan.hu/shop/danone-dinnye-ízű-iható-fermentált-tejkészítmény-310-g.p-953460,g
959303,Danone eper ízű iható fermentált tejkészítmény 310 g,429.00,429.00,0,"Főoldal>Online áruház>Friss élelmiszer>Tejtermék, tojás, sajt>Joghurtok>Joghurt italok>Danone eper ízű iható fermentált tejkészítmény 310 g",https://auchan.hu/shop/danone-eper-ízű-iható-fermentált-tejkészítmény-310-g.p-959303,g
953461,Danone málnaízű iható fermentált tejkészítmény 310 g,429.00,429.00,0,"Főoldal>Online áruház>Friss élelmiszer>Tejtermék, tojás, sajt>Joghurtok>Joghurt italok>Danone málnaízű iható fermentált tejkészítmény 310 g",https://auchan.hu/shop/danone-málnaízű-iható-fermentált-tejkészítmény-310-g.p-953461,g
695177,Parmalat zsírszegény epres ivójoghurt 330 g,459.00,459.00,0,"Főoldal>Online áruház>Friss élelmiszer>Tejtermék, tojás, sajt>Joghurtok>Joghurt italok>Parmalat zsírszegény epres ivójoghurt 330 g",https://auchan.hu/shop/parmalat-zsírszegény-epres-ivójoghurt-330-g.p-695177,g
695022,Parmalat zsírszegény erdei gyümölcsös ivójoghurt 330 g,459.00,459.00,0,"Főoldal>Online áruház>Friss élelmiszer>Tejtermék, tojás, sajt>Joghurtok>Joghurt italok>Parmalat zsírszegény erdei gyümölcsös ivójoghurt 330 g",https://auchan.hu/shop/parmalat-zsírszegény-erdei-gyümölcsös-ivójoghurt-330-g.p-695022,g
695176,Parmalat zsírszegény meggyes ivójoghurt 330 g,459.00,459.00,0,"Főoldal>Online áruház>Friss élelmiszer>Tejtermék, tojás, sajt>Joghurtok>Joghurt italok>Parmalat zsírszegény meggyes ivójoghurt 330 g",https://auchan.hu/shop/parmalat-zsírszegény-meggyes-ivójoghurt-330-g.p-695176,g
695021,Parmalat zsírszegény őszibarackos ivójoghurt 330,459.00,459.00,0,"Főoldal>Online áruház>Friss élelmiszer>Tejtermék, tojás, sajt>Joghurtok>Joghurt italok>Parmalat zsírszegény őszibarackos ivójoghurt 330",https://auchan.hu/shop/parmalat-zsírszegény-őszibarackos-ivójoghurt-330.p-695021,
379299,Havasi Joghurt,464.00,464.00,0,"Főoldal>Online áruház>Friss élelmiszer>Tejtermék, tojás, sajt>Joghurtok>Joghurt italok>Havasi Joghurt",https://auchan.hu/shop/havasi-joghurt.p-379299,
409985,Danone Actimel eperízű sovány joghurtalapú ital édesítőszerekkel 4 x 100 g (400 g),799.00,499.00,37,"Főoldal>Online áruház>Friss élelmiszer>Tejtermék, tojás, sajt>Joghurtok>Joghurt italok>Danone Actimel eperízű sovány joghurtalapú ital édesítőszerekkel 4 x 100 g (400 g)",https://auchan.hu/shop/danone-actimel-eperízű-sovány-joghurtalapú-ital-édesítőszerekkel-4-x-100-g-(400-g).p-409985,g
333472,Danone Actimel eperízű zsírszegény joghurtalapú ital B6- és D-vitaminnal 4 x 100 g (400 g),799.00,499.00,37,"Főoldal>Online áruház>Friss élelmiszer>Tejtermék, tojás, sajt>Joghurtok>Joghurt italok>Danone Actimel eperízű zsírszegény joghurtalapú ital B6- és D-vitaminnal 4 x 100 g (400 g)",https://auchan.hu/shop/danone-actimel-eperízű-zsírszegény-joghurtalapú-ital-b6--és-d-vitaminnal-4-x-100-g-(400-g).p-333472,g
375219,Danone Actimel Kids vaníliaízű zsírszegény joghurtalapú ital B6-és D-vitaminnal 4 x 100 g (400 g),799.00,499.00,37,"Főoldal>Online áruház>Friss élelmiszer>Tejtermék, tojás, sajt>Joghurtok>Joghurt italok>Danone Actimel Kids vaníliaízű zsírszegény joghurtalapú ital B6-és D-vitaminnal 4 x 100 g (400 g)",https://auchan.hu/shop/danone-actimel-kids-vaníliaízű-zsírszegény-joghurtalapú-ital-b6-és-d-vitaminnal-4-x-100-g-(400-g).p-375219,g
778011,Danone Actimel Kids zsírszegény eper-banánízű joghurtital B6- és D-vitaminnal 4 x 100 g (400 g),799.00,499.00,37,"Főoldal>Online áruház>Friss élelmiszer>Tejtermék, tojás, sajt>Joghurtok>Joghurt italok>Danone Actimel Kids zsírszegény eper-banánízű joghurtital B6- és D-vitaminnal 4 x 100 g (400 g)",https://auchan.hu/shop/danone-actimel-kids-zsírszegény-eper-banánízű-joghurtital-b6--és-d-vitaminnal-4-x-100-g-(400-g).p-778011,g
768537,Danone Actimel vegyes gyümölcsízű sovány joghurtalapú ital  B6- és D-vitaminnal 4 x 100 g (400 g),799.00,499.00,37,"Főoldal>Online áruház>Friss élelmiszer>Tejtermék, tojás, sajt>Joghurtok>Joghurt italok>Danone Actimel vegyes gyümölcsízű sovány joghurtalapú ital  B6- és D-vitaminnal 4 x 100 g (400 g)",https://auchan.hu/shop/danone-actimel-vegyes-gyümölcsízű-sovány-joghurtalapú-ital--b6--és-d-vitaminnal-4-x-100-g-(400-g).p-768537,g
290784,Danone Actimel vegyes gyümölcsízű zsírszegény joghurtalapú ital 4 x 100 g (400 g),799.00,499.00,37,"Főoldal>Online áruház>Friss élelmiszer>Tejtermék, tojás, sajt>Joghurtok>Joghurt italok>Danone Actimel vegyes gyümölcsízű zsírszegény joghurtalapú ital 4 x 100 g (400 g)",https://auchan.hu/shop/danone-actimel-vegyes-gyümölcsízű-zsírszegény-joghurtalapú-ital-4-x-100-g-(400-g).p-290784,g
385766,"Danone Actimel zsírszegény, élőflórás, erdei gyümölcsízű joghurtalapú ital 4 x 100 g (400 g)",799.00,499.00,37,"Főoldal>Online áruház>Friss élelmiszer>Tejtermék, tojás, sajt>Joghurtok>Joghurt italok>Danone Actimel zsírszegény, élőflórás, erdei gyümölcsízű joghurtalapú ital 4 x 100 g (400 g)",https://auchan.hu/shop/danone-actimel-zsírszegény-élőflórás-erdei-gyümölcsízű-joghurtalapú-ital-4-x-100-g-(400-g).p-385766,g
870921,Danone Actimel+ áfonya- és feketeszeder ízű joghurtalapú ital 4 x 100 g (400 g),799.00,499.00,37,"Főoldal>Online áruház>Friss élelmiszer>Tejtermék, tojás, sajt>Joghurtok>Joghurt italok>Danone Actimel+ áfonya- és feketeszeder ízű joghurtalapú ital 4 x 100 g (400 g)",https://auchan.hu/shop/danone-actimel+-áfonya--és-feketeszeder-ízű-joghurtalapú-ital-4-x-100-g-(400-g).p-870921,g
870910,Danone Actimel+ eper- és gránátalmaízű zsírszegény joghurtalapú ital 4 x 100 g (400 g),799.00,499.00,37,"Főoldal>Online áruház>Friss élelmiszer>Tejtermék, tojás, sajt>Joghurtok>Joghurt italok>Danone Actimel+ eper- és gránátalmaízű zsírszegény joghurtalapú ital 4 x 100 g (400 g)",https://auchan.hu/shop/danone-actimel+-eper--és-gránátalmaízű-zsírszegény-joghurtalapú-ital-4-x-100-g-(400-g).p-870910,g
870924,Danone Actimel+ őszibarack- és maracujaízű zsírszegény joghurtalapú ital 4 x 100 g (400 g),799.00,499.00,37,"Főoldal>Online áruház>Friss élelmiszer>Tejtermék, tojás, sajt>Joghurtok>Joghurt italok>Danone Actimel+ őszibarack- és maracujaízű zsírszegény joghurtalapú ital 4 x 100 g (400 g)",https://auchan.hu/shop/danone-actimel+-őszibarack--és-maracujaízű-zsírszegény-joghurtalapú-ital-4-x-100-g-(400-g).p-870924,g
344058,"Martontej hazai áfonyás ivójoghurt 0,33 l",529.00,529.00,0,"Főoldal>Online áruház>Friss élelmiszer>Tejtermék, tojás, sajt>Joghurtok>Joghurt italok>Martontej hazai áfonyás ivójoghurt 0,33 l",https://auchan.hu/shop/martontej-hazai-áfonyás-ivójoghurt-033-l.p-344058,l
344065,Martontej Ivójoghurt natúr 330 ml ,569.00,569.00,0,"Főoldal>Online áruház>Friss élelmiszer>Tejtermék, tojás, sajt>Joghurtok>Joghurt italok>Martontej Ivójoghurt natúr 330 ml ",https://auchan.hu/shop/martontej-ivójoghurt-natúr-330-ml-.p-344065,ml
675424,"Zott Jogobella zsírszegény joghurtos ital, hozzáadott B6- és D-vitaminokkal 6 x 100 g (600 g)",599.00,599.00,0,"Főoldal>Online áruház>Friss élelmiszer>Tejtermék, tojás, sajt>Joghurtok>Joghurt italok>Zott Jogobella zsírszegény joghurtos ital, hozzáadott B6- és D-vitaminokkal 6 x 100 g (600 g)",https://auchan.hu/shop/zott-jogobella-zsírszegény-joghurtos-ital-hozzáadott-b6--és-d-vitaminokkal-6-x-100-g-(600-g).p-675424,g
748897,"Zott Jogobella zsírszegény, joghurtos ital, hozzáadott B6- és D-vitaminokkal 6 x 100 g (600 g)",599.00,599.00,0,"Főoldal>Online áruház>Friss élelmiszer>Tejtermék, tojás, sajt>Joghurtok>Joghurt italok>Zott Jogobella zsírszegény, joghurtos ital, hozzáadott B6- és D-vitaminokkal 6 x 100 g (600 g)",https://auchan.hu/shop/zott-jogobella-zsírszegény-joghurtos-ital-hozzáadott-b6--és-d-vitaminokkal-6-x-100-g-(600-g).p-748897,g
953581,"Parmalat Smoothie almás, banános, kivis zsírszegény savanyú tejkészítmény matcha teával 330 g",669.00,669.00,0,"Főoldal>Online áruház>Friss élelmiszer>Tejtermék, tojás, sajt>Joghurtok>Joghurt italok>Parmalat Smoothie almás, banános, kivis zsírszegény savanyú tejkészítmény matcha teával 330 g",https://auchan.hu/shop/parmalat-smoothie-almás-banános-kivis-zsírszegény-savanyú-tejkészítmény-matcha-teával-330-g.p-953581,g
953582,"Parmalat Smoothie almás, őszibarackos, lime-os zsírszegény savanyú tejkészítmény spirulinával 330 g",669.00,669.00,0,"Főoldal>Online áruház>Friss élelmiszer>Tejtermék, tojás, sajt>Joghurtok>Joghurt italok>Parmalat Smoothie almás, őszibarackos, lime-os zsírszegény savanyú tejkészítmény spirulinával 330 g",https://auchan.hu/shop/parmalat-smoothie-almás-őszibarackos-lime-os-zsírszegény-savanyú-tejkészítmény-spirulinával-330-g.p-953582,g
953616,"Parmalat Smoothie ananászos, banános, narancsos zsírszegény savanyú tejkészítmény kurkumával 330 g",669.00,669.00,0,"Főoldal>Online áruház>Friss élelmiszer>Tejtermék, tojás, sajt>Joghurtok>Joghurt italok>Parmalat Smoothie ananászos, banános, narancsos zsírszegény savanyú tejkészítmény kurkumával 330 g",https://auchan.hu/shop/parmalat-smoothie-ananászos-banános-narancsos-zsírszegény-savanyú-tejkészítmény-kurkumával-330-g.p-953616,g
931798,JOP Probiotikus joghurt ital meggy 280 g,699.00,699.00,0,"Főoldal>Online áruház>Friss élelmiszer>Tejtermék, tojás, sajt>Joghurtok>Joghurt italok>JOP Probiotikus joghurt ital meggy 280 g",https://auchan.hu/shop/jop-probiotikus-joghurt-ital-meggy-280-g.p-931798,g
931797,JOP Probiotikus johurt ital eper-banán 280 g,699.00,699.00,0,"Főoldal>Online áruház>Friss élelmiszer>Tejtermék, tojás, sajt>Joghurtok>Joghurt italok>JOP Probiotikus johurt ital eper-banán 280 g",https://auchan.hu/shop/jop-probiotikus-johurt-ital-eper-banán-280-g.p-931797,g
545357,"Good Milk joghurtital 0,1% eper 500 g ",709.00,709.00,0,"Főoldal>Online áruház>Friss élelmiszer>Tejtermék, tojás, sajt>Joghurtok>Joghurt italok>Good Milk joghurtital 0,1% eper 500 g ",https://auchan.hu/shop/good-milk-joghurtital-01%-eper-500-g-.p-545357,g
959298,Danone Danonino zsírszegény banánízű joghurtital kalciummal és D3-vitaminnal 4 x 100 g (400 g),749.00,749.00,0,"Főoldal>Online áruház>Friss élelmiszer>Tejtermék, tojás, sajt>Joghurtok>Joghurt italok>Danone Danonino zsírszegény banánízű joghurtital kalciummal és D3-vitaminnal 4 x 100 g (400 g)",https://auchan.hu/shop/danone-danonino-zsírszegény-banánízű-joghurtital-kalciummal-és-d3-vitaminnal-4-x-100-g-(400-g).p-959298,g
953453,Danone Danonino zsírszegény epres joghurtital kalciummal és D3-vitaminnal 4 x 100 g (400 g),749.00,749.00,0,"Főoldal>Online áruház>Friss élelmiszer>Tejtermék, tojás, sajt>Joghurtok>Joghurt italok>Danone Danonino zsírszegény epres joghurtital kalciummal és D3-vitaminnal 4 x 100 g (400 g)",https://auchan.hu/shop/danone-danonino-zsírszegény-epres-joghurtital-kalciummal-és-d3-vitaminnal-4-x-100-g-(400-g).p-953453,g
832075,Real Nature erdei gyümölcs zsírszegény joghurt ital 4 x 100 g,749.00,749.00,0,"Főoldal>Online áruház>Friss élelmiszer>Tejtermék, tojás, sajt>Joghurtok>Joghurt italok>Real Nature erdei gyümölcs zsírszegény joghurt ital 4 x 100 g",https://auchan.hu/shop/real-nature-erdei-gyümölcs-zsírszegény-joghurt-ital-4-x-100-g.p-832075,g
832076,Real Nature földieper zsírszegény joghurt ital 4 x 100 g,749.00,749.00,0,"Főoldal>Online áruház>Friss élelmiszer>Tejtermék, tojás, sajt>Joghurtok>Joghurt italok>Real Nature földieper zsírszegény joghurt ital 4 x 100 g",https://auchan.hu/shop/real-nature-földieper-zsírszegény-joghurt-ital-4-x-100-g.p-832076,g
473238,Fasten epres joghurtital 500 g,789.00,789.00,0,"Főoldal>Online áruház>Friss élelmiszer>Tejtermék, tojás, sajt>Joghurtok>Joghurt italok>Fasten epres joghurtital 500 g",https://auchan.hu/shop/fasten-epres-joghurtital-500-g.p-473238,g
214643,Fasten őszibarackos-mangós joghurtital 500 g,789.00,789.00,0,"Főoldal>Online áruház>Friss élelmiszer>Tejtermék, tojás, sajt>Joghurtok>Joghurt italok>Fasten őszibarackos-mangós joghurtital 500 g",https://auchan.hu/shop/fasten-őszibarackos-mangós-joghurtital-500-g.p-214643,g
473240,NÖM Fasten málna joghurtital 500 g,789.00,789.00,0,"Főoldal>Online áruház>Friss élelmiszer>Tejtermék, tojás, sajt>Joghurtok>Joghurt italok>NÖM Fasten málna joghurtital 500 g",https://auchan.hu/shop/nöm-fasten-málna-joghurtital-500-g.p-473240,g
813789,Real Nature eper-banán joghurtital 750 g,889.00,889.00,0,"Főoldal>Online áruház>Friss élelmiszer>Tejtermék, tojás, sajt>Joghurtok>Joghurt italok>Real Nature eper-banán joghurtital 750 g",https://auchan.hu/shop/real-nature-eper-banán-joghurtital-750-g.p-813789,g
813790,Real Nature erdei gyümölcs joghurtital 750 g,889.00,889.00,0,"Főoldal>Online áruház>Friss élelmiszer>Tejtermék, tojás, sajt>Joghurtok>Joghurt italok>Real Nature erdei gyümölcs joghurtital 750 g",https://auchan.hu/shop/real-nature-erdei-gyümölcs-joghurtital-750-g.p-813790,g
135799,Real Nature ProXY meggyes joghurtital 750 g,889.00,889.00,0,"Főoldal>Online áruház>Friss élelmiszer>Tejtermék, tojás, sajt>Joghurtok>Joghurt italok>Real Nature ProXY meggyes joghurtital 750 g",https://auchan.hu/shop/real-nature-proxy-meggyes-joghurtital-750-g.p-135799,g
347600,Real Nature ProXY őszibarack mangó joghurtital 750 g,889.00,889.00,0,"Főoldal>Online áruház>Friss élelmiszer>Tejtermék, tojás, sajt>Joghurtok>Joghurt italok>Real Nature ProXY őszibarack mangó joghurtital 750 g",https://auchan.hu/shop/real-nature-proxy-őszibarack-mangó-joghurtital-750-g.p-347600,g
269139,Fasten joghurtital ananász-kókuszos 500 g,989.00,989.00,0,"Főoldal>Online áruház>Friss élelmiszer>Tejtermék, tojás, sajt>Joghurtok>Joghurt italok>Fasten joghurtital ananász-kókuszos 500 g",https://auchan.hu/shop/fasten-joghurtital-ananász-kókuszos-500-g.p-269139,g
77062,Parmalat zsírszegény epres ivójoghurt 1 kg,1179.00,1179.00,0,"Főoldal>Online áruház>Friss élelmiszer>Tejtermék, tojás, sajt>Joghurtok>Joghurt italok>Parmalat zsírszegény epres ivójoghurt 1 kg",https://auchan.hu/shop/parmalat-zsírszegény-epres-ivójoghurt-1-kg.p-77062,kg
258187,Parmalat zsírszegény erdei gyümölcsös ivójoghurt 1 kg,1179.00,1179.00,0,"Főoldal>Online áruház>Friss élelmiszer>Tejtermék, tojás, sajt>Joghurtok>Joghurt italok>Parmalat zsírszegény erdei gyümölcsös ivójoghurt 1 kg",https://auchan.hu/shop/parmalat-zsírszegény-erdei-gyümölcsös-ivójoghurt-1-kg.p-258187,kg
150292,Parmalat zsírszegény meggyes ivójoghurt 1 kg,1179.00,1179.00,0,"Főoldal>Online áruház>Friss élelmiszer>Tejtermék, tojás, sajt>Joghurtok>Joghurt italok>Parmalat zsírszegény meggyes ivójoghurt 1 kg",https://auchan.hu/shop/parmalat-zsírszegény-meggyes-ivójoghurt-1-kg.p-150292,kg
950830,Parmalat zsírszegény őszibarackos ivójoghurt 1 kg,1179.00,1179.00,0,"Főoldal>Online áruház>Friss élelmiszer>Tejtermék, tojás, sajt>Joghurtok>Joghurt italok>Parmalat zsírszegény őszibarackos ivójoghurt 1 kg",https://auchan.hu/shop/parmalat-zsírszegény-őszibarackos-ivójoghurt-1-kg.p-950830,kg
413355,Danone Actimel eperízű zsírszegény joghurtalapú ital B6- és D-vitaminnal 8 x 100 g (800 g),1399.00,1399.00,0,"Főoldal>Online áruház>Friss élelmiszer>Tejtermék, tojás, sajt>Joghurtok>Joghurt italok>Danone Actimel eperízű zsírszegény joghurtalapú ital B6- és D-vitaminnal 8 x 100 g (800 g)",https://auchan.hu/shop/danone-actimel-eperízű-zsírszegény-joghurtalapú-ital-b6--és-d-vitaminnal-8-x-100-g-(800-g).p-413355,g
374950,Danone Actimel Kids zsírszegény eper-banánízű joghurtital B6- és D-vitaminnal 8 x 100 g (800 g),1399.00,1399.00,0,"Főoldal>Online áruház>Friss élelmiszer>Tejtermék, tojás, sajt>Joghurtok>Joghurt italok>Danone Actimel Kids zsírszegény eper-banánízű joghurtital B6- és D-vitaminnal 8 x 100 g (800 g)",https://auchan.hu/shop/danone-actimel-kids-zsírszegény-eper-banánízű-joghurtital-b6--és-d-vitaminnal-8-x-100-g-(800-g).p-374950,g
828137,Danone Actimel Kids zsírszegény őszibarackízű joghurtalapú ital kalciummal 8 x 100 g (800 g),1399.00,1399.00,0,"Főoldal>Online áruház>Friss élelmiszer>Tejtermék, tojás, sajt>Joghurtok>Joghurt italok>Danone Actimel Kids zsírszegény őszibarackízű joghurtalapú ital kalciummal 8 x 100 g (800 g)",https://auchan.hu/shop/danone-actimel-kids-zsírszegény-őszibarackízű-joghurtalapú-ital-kalciummal-8-x-100-g-(800-g).p-828137,g
347008,Danone Actimel vegyes gyümölcsízű zsírszegény joghurtalapú ital  8 x 100 g (800 g),1399.00,1399.00,0,"Főoldal>Online áruház>Friss élelmiszer>Tejtermék, tojás, sajt>Joghurtok>Joghurt italok>Danone Actimel vegyes gyümölcsízű zsírszegény joghurtalapú ital  8 x 100 g (800 g)",https://auchan.hu/shop/danone-actimel-vegyes-gyümölcsízű-zsírszegény-joghurtalapú-ital--8-x-100-g-(800-g).p-347008,g
769080,"Danone Actimel zsírszegény, élőflórás, erdei gyümölcsízű joghurtalapú ital 8 x 100 g (800 g)",1399.00,1399.00,0,"Főoldal>Online áruház>Friss élelmiszer>Tejtermék, tojás, sajt>Joghurtok>Joghurt italok>Danone Actimel zsírszegény, élőflórás, erdei gyümölcsízű joghurtalapú ital 8 x 100 g (800 g)",https://auchan.hu/shop/danone-actimel-zsírszegény-élőflórás-erdei-gyümölcsízű-joghurtalapú-ital-8-x-100-g-(800-g).p-769080,g
870027,Danone Actimel+ áfonya- és feketeszeder ízű joghurtalapú ital 8 x 100 g (800 g),1399.00,1399.00,0,"Főoldal>Online áruház>Friss élelmiszer>Tejtermék, tojás, sajt>Joghurtok>Joghurt italok>Danone Actimel+ áfonya- és feketeszeder ízű joghurtalapú ital 8 x 100 g (800 g)",https://auchan.hu/shop/danone-actimel+-áfonya--és-feketeszeder-ízű-joghurtalapú-ital-8-x-100-g-(800-g).p-870027,g
769859,Good Milk Active Drink epres zsírszegény joghurtital 8 x 100 g (800 g),1489.00,1489.00,0,"Főoldal>Online áruház>Friss élelmiszer>Tejtermék, tojás, sajt>Joghurtok>Joghurt italok>Good Milk Active Drink epres zsírszegény joghurtital 8 x 100 g (800 g)",https://auchan.hu/shop/good-milk-active-drink-epres-zsírszegény-joghurtital-8-x-100-g-(800-g).p-769859,g
870026,Danone Actimel+ eper- és gránátalmaízű zsírszegény joghurtalapú ital 8 x 100 g (800 g),1599.00,1599.00,0,"Főoldal>Online áruház>Friss élelmiszer>Tejtermék, tojás, sajt>Joghurtok>Joghurt italok>Danone Actimel+ eper- és gránátalmaízű zsírszegény joghurtalapú ital 8 x 100 g (800 g)",https://auchan.hu/shop/danone-actimel+-eper--és-gránátalmaízű-zsírszegény-joghurtalapú-ital-8-x-100-g-(800-g).p-870026,g
511771,Auchan Kedvenc natúr joghurt élőflórás homogénezett  3% 175 g,93.00,93.00,0,"Főoldal>Online áruház>Friss élelmiszer>Tejtermék, tojás, sajt>Joghurtok>Natúr és görög joghurt>Auchan Kedvenc natúr joghurt élőflórás homogénezett  3% 175 g",https://auchan.hu/shop/auchan-kedvenc-natúr-joghurt-élőflórás-homogénezett--3%-175-g.p-511771,g
802373,"Auchan Tipp natúr joghurt 0,1% 175 g",93.00,93.00,0,"Főoldal>Online áruház>Friss élelmiszer>Tejtermék, tojás, sajt>Joghurtok>Natúr és görög joghurt>Auchan Tipp natúr joghurt 0,1% 175 g",https://auchan.hu/shop/auchan-tipp-natúr-joghurt-01%-175-g.p-802373,g
929375,"Nádudvari zsírszegény, élőflórás natúr joghurt 150 g",105.00,105.00,0,"Főoldal>Online áruház>Friss élelmiszer>Tejtermék, tojás, sajt>Joghurtok>Natúr és görög joghurt>Nádudvari zsírszegény, élőflórás natúr joghurt 150 g",https://auchan.hu/shop/nádudvari-zsírszegény-élőflórás-natúr-joghurt-150-g.p-929375,g
842319,Magyar Joghurt natúr joghurt 140 g,109.00,109.00,0,"Főoldal>Online áruház>Friss élelmiszer>Tejtermék, tojás, sajt>Joghurtok>Natúr és görög joghurt>Magyar Joghurt natúr joghurt 140 g",https://auchan.hu/shop/magyar-joghurt-natúr-joghurt-140-g.p-842319,g
601847,Nádudvari élőflórás natúr joghurt 150 g,125.00,125.00,0,"Főoldal>Online áruház>Friss élelmiszer>Tejtermék, tojás, sajt>Joghurtok>Natúr és görög joghurt>Nádudvari élőflórás natúr joghurt 150 g",https://auchan.hu/shop/nádudvari-élőflórás-natúr-joghurt-150-g.p-601847,g
368242,Mizo natúr joghurt 150 g,149.00,149.00,0,"Főoldal>Online áruház>Friss élelmiszer>Tejtermék, tojás, sajt>Joghurtok>Natúr és görög joghurt>Mizo natúr joghurt 150 g",https://auchan.hu/shop/mizo-natúr-joghurt-150-g.p-368242,g
733700,Magyar Joghurt natúr joghurt 300 g,207.00,207.00,0,"Főoldal>Online áruház>Friss élelmiszer>Tejtermék, tojás, sajt>Joghurtok>Natúr és görög joghurt>Magyar Joghurt natúr joghurt 300 g",https://auchan.hu/shop/magyar-joghurt-natúr-joghurt-300-g.p-733700,g
578716,"Nádudvari zsírszegény élőflórás natúr joghurt 1,4% 350 g",208.00,208.00,0,"Főoldal>Online áruház>Friss élelmiszer>Tejtermék, tojás, sajt>Joghurtok>Natúr és görög joghurt>Nádudvari zsírszegény élőflórás natúr joghurt 1,4% 350 g",https://auchan.hu/shop/nádudvari-zsírszegény-élőflórás-natúr-joghurt-14%-350-g.p-578716,g
802372,"Auchan Tipp natúr joghurt 0,1% 450 g",233.00,233.00,0,"Főoldal>Online áruház>Friss élelmiszer>Tejtermék, tojás, sajt>Joghurtok>Natúr és görög joghurt>Auchan Tipp natúr joghurt 0,1% 450 g",https://auchan.hu/shop/auchan-tipp-natúr-joghurt-01%-450-g.p-802372,g
114576,"Nádudvari natúr, élőflórás krémjoghurt 180 g",238.00,238.00,0,"Főoldal>Online áruház>Friss élelmiszer>Tejtermék, tojás, sajt>Joghurtok>Natúr és görög joghurt>Nádudvari natúr, élőflórás krémjoghurt 180 g",https://auchan.hu/shop/nádudvari-natúr-élőflórás-krémjoghurt-180-g.p-114576,g
730719,Szultán Ayran frissítő ital joghurttal 250 ml,238.00,238.00,0,"Főoldal>Online áruház>Friss élelmiszer>Tejtermék, tojás, sajt>Joghurtok>Natúr és görög joghurt>Szultán Ayran frissítő ital joghurttal 250 ml",https://auchan.hu/shop/szultán-ayran-frissítő-ital-joghurttal-250-ml.p-730719,ml
965485,Tarka görög natúr joghurt 180 g,240.00,240.00,0,"Főoldal>Online áruház>Friss élelmiszer>Tejtermék, tojás, sajt>Joghurtok>Natúr és görög joghurt>Tarka görög natúr joghurt 180 g",https://auchan.hu/shop/tarka-görög-natúr-joghurt-180-g.p-965485,g
511772,Auchan Kedvenc Natúr joghurt 3% 450 g,255.00,255.00,0,"Főoldal>Online áruház>Friss élelmiszer>Tejtermék, tojás, sajt>Joghurtok>Natúr és görög joghurt>Auchan Kedvenc Natúr joghurt 3% 450 g",https://auchan.hu/shop/auchan-kedvenc-natúr-joghurt-3%-450-g.p-511772,g
929374,Nádudvari élőflórás natúr joghurt 330 g,259.00,259.00,0,"Főoldal>Online áruház>Friss élelmiszer>Tejtermék, tojás, sajt>Joghurtok>Natúr és görög joghurt>Nádudvari élőflórás natúr joghurt 330 g",https://auchan.hu/shop/nádudvari-élőflórás-natúr-joghurt-330-g.p-929374,g
851044,Zilda natúr joghurt 250 ml,279.00,279.00,0,"Főoldal>Online áruház>Friss élelmiszer>Tejtermék, tojás, sajt>Joghurtok>Natúr és görög joghurt>Zilda natúr joghurt 250 ml",https://auchan.hu/shop/zilda-natúr-joghurt-250-ml.p-851044,ml
480118,Bakoma Greek natúr joghurt 180 g,280.00,280.00,0,"Főoldal>Online áruház>Friss élelmiszer>Tejtermék, tojás, sajt>Joghurtok>Natúr és görög joghurt>Bakoma Greek natúr joghurt 180 g",https://auchan.hu/shop/bakoma-greek-natúr-joghurt-180-g.p-480118,g
871799,Auchan Tipp natúr joghurt  4 x 125 g,287.00,287.00,0,"Főoldal>Online áruház>Friss élelmiszer>Tejtermék, tojás, sajt>Joghurtok>Natúr és görög joghurt>Auchan Tipp natúr joghurt  4 x 125 g",https://auchan.hu/shop/auchan-tipp-natúr-joghurt--4-x-125-g.p-871799,g
703765,Zott Primo Greek Style élőflórás zsíros natúr joghurt 330 g,312.00,312.00,0,"Főoldal>Online áruház>Friss élelmiszer>Tejtermék, tojás, sajt>Joghurtok>Natúr és görög joghurt>Zott Primo Greek Style élőflórás zsíros natúr joghurt 330 g",https://auchan.hu/shop/zott-primo-greek-style-élőflórás-zsíros-natúr-joghurt-330-g.p-703765,g
842392,Auchan Kedvenc Natúr sovány joghurt 0% 4 x 125 g,336.00,336.00,0,"Főoldal>Online áruház>Friss élelmiszer>Tejtermék, tojás, sajt>Joghurtok>Natúr és görög joghurt>Auchan Kedvenc Natúr sovány joghurt 0% 4 x 125 g",https://auchan.hu/shop/auchan-kedvenc-natúr-sovány-joghurt-0%-4-x-125-g.p-842392,g
571627,Danone natúr joghurt 375 g,338.00,338.00,0,"Főoldal>Online áruház>Friss élelmiszer>Tejtermék, tojás, sajt>Joghurtok>Natúr és görög joghurt>Danone natúr joghurt 375 g",https://auchan.hu/shop/danone-natúr-joghurt-375-g.p-571627,g
871363,Auchan Kedvenc natúr joghurt nádcukorral 4x125 g,343.00,343.00,0,"Főoldal>Online áruház>Friss élelmiszer>Tejtermék, tojás, sajt>Joghurtok>Natúr és görög joghurt>Auchan Kedvenc natúr joghurt nádcukorral 4x125 g",https://auchan.hu/shop/auchan-kedvenc-natúr-joghurt-nádcukorral-4x125-g.p-871363,g
273382,Auchan Kedvenc Natúr görög krémjoghurt 10% zsírtartalom 400 g,350.00,350.00,0,"Főoldal>Online áruház>Friss élelmiszer>Tejtermék, tojás, sajt>Joghurtok>Natúr és görög joghurt>Auchan Kedvenc Natúr görög krémjoghurt 10% zsírtartalom 400 g",https://auchan.hu/shop/auchan-kedvenc-natúr-görög-krémjoghurt-10%-zsírtartalom-400-g.p-273382,g
832929,"Danone Ayran sós, zsírszegény fermentált tejtermék 320 g",369.00,369.00,0,"Főoldal>Online áruház>Friss élelmiszer>Tejtermék, tojás, sajt>Joghurtok>Natúr és görög joghurt>Danone Ayran sós, zsírszegény fermentált tejtermék 320 g",https://auchan.hu/shop/danone-ayran-sós-zsírszegény-fermentált-tejtermék-320-g.p-832929,g
842344,Mizo natúr joghurt 330 g,376.00,376.00,0,"Főoldal>Online áruház>Friss élelmiszer>Tejtermék, tojás, sajt>Joghurtok>Natúr és görög joghurt>Mizo natúr joghurt 330 g",https://auchan.hu/shop/mizo-natúr-joghurt-330-g.p-842344,g
400113,Cserpes Sajtműhely natúr joghurt élőflórás 250 g,391.00,391.00,0,"Főoldal>Online áruház>Friss élelmiszer>Tejtermék, tojás, sajt>Joghurtok>Natúr és görög joghurt>Cserpes Sajtműhely natúr joghurt élőflórás 250 g",https://auchan.hu/shop/cserpes-sajtműhely-natúr-joghurt-élőflórás-250-g.p-400113,g
413350,Danone élőflórás natúr joghurt 130 g,416.00,416.00,0,"Főoldal>Online áruház>Friss élelmiszer>Tejtermék, tojás, sajt>Joghurtok>Natúr és görög joghurt>Danone élőflórás natúr joghurt 130 g",https://auchan.hu/shop/danone-élőflórás-natúr-joghurt-130-g.p-413350,g
677226,Bakoma Greek natúr joghurt 400 g,471.00,471.00,0,"Főoldal>Online áruház>Friss élelmiszer>Tejtermék, tojás, sajt>Joghurtok>Natúr és görög joghurt>Bakoma Greek natúr joghurt 400 g",https://auchan.hu/shop/bakoma-greek-natúr-joghurt-400-g.p-677226,g
914701,Auchan Kedvenc natúr joghurt 850 g,507.00,507.00,0,"Főoldal>Online áruház>Friss élelmiszer>Tejtermék, tojás, sajt>Joghurtok>Natúr és görög joghurt>Auchan Kedvenc natúr joghurt 850 g",https://auchan.hu/shop/auchan-kedvenc-natúr-joghurt-850-g.p-914701,g
538017,"Danone Activia Pille élőflórás, natúr joghurt 4 x 125 g (500 g)",507.00,507.00,0,"Főoldal>Online áruház>Friss élelmiszer>Tejtermék, tojás, sajt>Joghurtok>Natúr és görög joghurt>Danone Activia Pille élőflórás, natúr joghurt 4 x 125 g (500 g)",https://auchan.hu/shop/danone-activia-pille-élőflórás-natúr-joghurt-4-x-125-g-(500-g).p-538017,g
318135,"Danone Activia élőflórás, krémes natúr joghurt 4 x 125 g",589.00,589.00,0,"Főoldal>Online áruház>Friss élelmiszer>Tejtermék, tojás, sajt>Joghurtok>Natúr és görög joghurt>Danone Activia élőflórás, krémes natúr joghurt 4 x 125 g",https://auchan.hu/shop/danone-activia-élőflórás-krémes-natúr-joghurt-4-x-125-g.p-318135,g
842381,Auchan Kedvenc Natúr görög joghurt 4 x 150 g,650.00,650.00,0,"Főoldal>Online áruház>Friss élelmiszer>Tejtermék, tojás, sajt>Joghurtok>Natúr és görög joghurt>Auchan Kedvenc Natúr görög joghurt 4 x 150 g",https://auchan.hu/shop/auchan-kedvenc-natúr-görög-joghurt-4-x-150-g.p-842381,g
933940,Exquisa Skyr Mild natúr krémsajt 400 g,719.00,719.00,0,"Főoldal>Online áruház>Friss élelmiszer>Tejtermék, tojás, sajt>Joghurtok>Natúr és görög joghurt>Exquisa Skyr Mild natúr krémsajt 400 g",https://auchan.hu/shop/exquisa-skyr-mild-natúr-krémsajt-400-g.p-933940,g
738057,Real Nature görög natúr joghurt 4x125 g,912.00,912.00,0,"Főoldal>Online áruház>Friss élelmiszer>Tejtermék, tojás, sajt>Joghurtok>Natúr és görög joghurt>Real Nature görög natúr joghurt 4x125 g",https://auchan.hu/shop/real-nature-görög-natúr-joghurt-4x125-g.p-738057,g
112880,Nádudvari natúr élőflórás krémjoghurt 700 g,1065.00,1065.00,0,"Főoldal>Online áruház>Friss élelmiszer>Tejtermék, tojás, sajt>Joghurtok>Natúr és görög joghurt>Nádudvari natúr élőflórás krémjoghurt 700 g",https://auchan.hu/shop/nádudvari-natúr-élőflórás-krémjoghurt-700-g.p-112880,g
413270,Real Nature 2% görög joghurt 1 kg,1221.00,1221.00,0,"Főoldal>Online áruház>Friss élelmiszer>Tejtermék, tojás, sajt>Joghurtok>Natúr és görög joghurt>Real Nature 2% görög joghurt 1 kg",https://auchan.hu/shop/real-nature-2%-görög-joghurt-1-kg.p-413270,kg
852640,Real Nature Proxy görög joghurt nádcukorral 1 kg,1310.00,1310.00,0,"Főoldal>Online áruház>Friss élelmiszer>Tejtermék, tojás, sajt>Joghurtok>Natúr és görög joghurt>Real Nature Proxy görög joghurt nádcukorral 1 kg",https://auchan.hu/shop/real-nature-proxy-görög-joghurt-nádcukorral-1-kg.p-852640,kg
852641,Real Nature Görög joghurt natúr 1 kg,1413.00,1413.00,0,"Főoldal>Online áruház>Friss élelmiszer>Tejtermék, tojás, sajt>Joghurtok>Natúr és görög joghurt>Real Nature Görög joghurt natúr 1 kg",https://auchan.hu/shop/real-nature-görög-joghurt-natúr-1-kg.p-852641,kg
12226,Zott Jogobella élőflórás joghurt 150 g,157.00,157.00,0,"Főoldal>Online áruház>Friss élelmiszer>Tejtermék, tojás, sajt>Joghurtok>Gyümölcs joghurt>Zott Jogobella élőflórás joghurt 150 g",https://auchan.hu/shop/zott-jogobella-élőflórás-joghurt-150-g.p-12226,g
160342,Zott Jogobella élőflórás joghurt 150 g,157.00,157.00,0,"Főoldal>Online áruház>Friss élelmiszer>Tejtermék, tojás, sajt>Joghurtok>Gyümölcs joghurt>Zott Jogobella élőflórás joghurt 150 g",https://auchan.hu/shop/zott-jogobella-élőflórás-joghurt-150-g.p-160342,g
484915,Zott Jogobella élőflórás joghurt 150 g,157.00,157.00,0,"Főoldal>Online áruház>Friss élelmiszer>Tejtermék, tojás, sajt>Joghurtok>Gyümölcs joghurt>Zott Jogobella élőflórás joghurt 150 g",https://auchan.hu/shop/zott-jogobella-élőflórás-joghurt-150-g.p-484915,g
87829,Zott Jogobella élőflórás joghurt 150 g,157.00,157.00,0,"Főoldal>Online áruház>Friss élelmiszer>Tejtermék, tojás, sajt>Joghurtok>Gyümölcs joghurt>Zott Jogobella élőflórás joghurt 150 g",https://auchan.hu/shop/zott-jogobella-élőflórás-joghurt-150-g.p-87829,g
868893,Zott Jogobella Panna Cotta élőflórás joghurt 150 g,160.00,160.00,0,"Főoldal>Online áruház>Friss élelmiszer>Tejtermék, tojás, sajt>Joghurtok>Gyümölcs joghurt>Zott Jogobella Panna Cotta élőflórás joghurt 150 g",https://auchan.hu/shop/zott-jogobella-panna-cotta-élőflórás-joghurt-150-g.p-868893,g
695016,Danone Activia élőflórás áfonyás-fekete ribizlis joghurt 125 g,167.00,167.00,0,"Főoldal>Online áruház>Friss élelmiszer>Tejtermék, tojás, sajt>Joghurtok>Gyümölcs joghurt>Danone Activia élőflórás áfonyás-fekete ribizlis joghurt 125 g",https://auchan.hu/shop/danone-activia-élőflórás-áfonyás-fekete-ribizlis-joghurt-125-g.p-695016,g
695018,Danone Activia élőflórás epres joghurt 125 g,167.00,167.00,0,"Főoldal>Online áruház>Friss élelmiszer>Tejtermék, tojás, sajt>Joghurtok>Gyümölcs joghurt>Danone Activia élőflórás epres joghurt 125 g",https://auchan.hu/shop/danone-activia-élőflórás-epres-joghurt-125-g.p-695018,g
695017,Danone Activia élőflórás meggyes joghurt 125 g,167.00,167.00,0,"Főoldal>Online áruház>Friss élelmiszer>Tejtermék, tojás, sajt>Joghurtok>Gyümölcs joghurt>Danone Activia élőflórás meggyes joghurt 125 g",https://auchan.hu/shop/danone-activia-élőflórás-meggyes-joghurt-125-g.p-695017,g
737102,Danone Activia élőflórás sárgabarackos joghurt 125 g,167.00,167.00,0,"Főoldal>Online áruház>Friss élelmiszer>Tejtermék, tojás, sajt>Joghurtok>Gyümölcs joghurt>Danone Activia élőflórás sárgabarackos joghurt 125 g",https://auchan.hu/shop/danone-activia-élőflórás-sárgabarackos-joghurt-125-g.p-737102,g
695014,Danone Activia élőflórás vegyes gyümölcsös joghurt 125 g,167.00,167.00,0,"Főoldal>Online áruház>Friss élelmiszer>Tejtermék, tojás, sajt>Joghurtok>Gyümölcs joghurt>Danone Activia élőflórás vegyes gyümölcsös joghurt 125 g",https://auchan.hu/shop/danone-activia-élőflórás-vegyes-gyümölcsös-joghurt-125-g.p-695014,g
769536,"Danone Activia epres joghurt élőkultúrával, édesítőszerekkel 125 g",167.00,167.00,0,"Főoldal>Online áruház>Friss élelmiszer>Tejtermék, tojás, sajt>Joghurtok>Gyümölcs joghurt>Danone Activia epres joghurt élőkultúrával, édesítőszerekkel 125 g",https://auchan.hu/shop/danone-activia-epres-joghurt-élőkultúrával-édesítőszerekkel-125-g.p-769536,g
769535,"Danone Activia őszibarackos joghurt élőkultúrával, édesítőszerekkel 125 g",167.00,167.00,0,"Főoldal>Online áruház>Friss élelmiszer>Tejtermék, tojás, sajt>Joghurtok>Gyümölcs joghurt>Danone Activia őszibarackos joghurt élőkultúrával, édesítőszerekkel 125 g",https://auchan.hu/shop/danone-activia-őszibarackos-joghurt-élőkultúrával-édesítőszerekkel-125-g.p-769535,g
693090,"Be Mooore almás-körtés joghurt napraforgómaggal, préselt búzával, búzakorpával és tökmaggal 150 g",178.00,178.00,0,"Főoldal>Online áruház>Friss élelmiszer>Tejtermék, tojás, sajt>Joghurtok>Gyümölcs joghurt>Be Mooore almás-körtés joghurt napraforgómaggal, préselt búzával, búzakorpával és tökmaggal 150 g",https://auchan.hu/shop/be-mooore-almás-körtés-joghurt-napraforgómaggal-préselt-búzával-búzakorpával-és-tökmaggal-150-g.p-693090,g
693098,"Be Mooore sárgabarackos-őszibarackos joghurt napraforgómaggal, zabbal, quinoával és tökmaggal 150 g",178.00,178.00,0,"Főoldal>Online áruház>Friss élelmiszer>Tejtermék, tojás, sajt>Joghurtok>Gyümölcs joghurt>Be Mooore sárgabarackos-őszibarackos joghurt napraforgómaggal, zabbal, quinoával és tökmaggal 150 g",https://auchan.hu/shop/be-mooore-sárgabarackos-őszibarackos-joghurt-napraforgómaggal-zabbal-quinoával-és-tökmaggal-150-g.p-693098,g
746361,"Zott Monte Snack tejes, tejcsokoládés-mogyorós krémmel töltött sütemény 29 g",179.00,179.00,0,"Főoldal>Online áruház>Friss élelmiszer>Tejtermék, tojás, sajt>Joghurtok>Gyümölcs joghurt>Zott Monte Snack tejes, tejcsokoládés-mogyorós krémmel töltött sütemény 29 g",https://auchan.hu/shop/zott-monte-snack-tejes-tejcsokoládés-mogyorós-krémmel-töltött-sütemény-29-g.p-746361,g
660124,Mini Mooore epres joghurt 150 g,199.00,199.00,0,"Főoldal>Online áruház>Friss élelmiszer>Tejtermék, tojás, sajt>Joghurtok>Gyümölcs joghurt>Mini Mooore epres joghurt 150 g",https://auchan.hu/shop/mini-mooore-epres-joghurt-150-g.p-660124,g
660125,Mini Mooore kekszes joghurt 150 g,199.00,199.00,0,"Főoldal>Online áruház>Friss élelmiszer>Tejtermék, tojás, sajt>Joghurtok>Gyümölcs joghurt>Mini Mooore kekszes joghurt 150 g",https://auchan.hu/shop/mini-mooore-kekszes-joghurt-150-g.p-660125,g
660086,Mini Mooore málnás joghurt 150 g,199.00,199.00,0,"Főoldal>Online áruház>Friss élelmiszer>Tejtermék, tojás, sajt>Joghurtok>Gyümölcs joghurt>Mini Mooore málnás joghurt 150 g",https://auchan.hu/shop/mini-mooore-málnás-joghurt-150-g.p-660086,g
660126,Mini Mooore vaníliás ízű joghurt 150 g,199.00,199.00,0,"Főoldal>Online áruház>Friss élelmiszer>Tejtermék, tojás, sajt>Joghurtok>Gyümölcs joghurt>Mini Mooore vaníliás ízű joghurt 150 g",https://auchan.hu/shop/mini-mooore-vaníliás-ízű-joghurt-150-g.p-660126,g
746926,Nádudvari Fitness élőflórás réteges krémjoghurt meggyes-vaníliás 180 g,199.00,199.00,0,"Főoldal>Online áruház>Friss élelmiszer>Tejtermék, tojás, sajt>Joghurtok>Gyümölcs joghurt>Nádudvari Fitness élőflórás réteges krémjoghurt meggyes-vaníliás 180 g",https://auchan.hu/shop/nádudvari-fitness-élőflórás-réteges-krémjoghurt-meggyes-vaníliás-180-g.p-746926,g
746925,"Nádudvari Fitness élőflórás, réteges krémjoghurt erdei gyümölcsökkel 180 g",199.00,199.00,0,"Főoldal>Online áruház>Friss élelmiszer>Tejtermék, tojás, sajt>Joghurtok>Gyümölcs joghurt>Nádudvari Fitness élőflórás, réteges krémjoghurt erdei gyümölcsökkel 180 g",https://auchan.hu/shop/nádudvari-fitness-élőflórás-réteges-krémjoghurt-erdei-gyümölcsökkel-180-g.p-746925,g
441958,Zott Szívecske zsírszegény joghurt 315 g,225.00,225.00,0,"Főoldal>Online áruház>Friss élelmiszer>Tejtermék, tojás, sajt>Joghurtok>Gyümölcs joghurt>Zott Szívecske zsírszegény joghurt 315 g",https://auchan.hu/shop/zott-szívecske-zsírszegény-joghurt-315-g.p-441958,g
688426,Danone Danonino élőflórás eper-banánízű joghurt hozzáadott kalciummal és D-vitaminnal 70 g,248.00,248.00,0,"Főoldal>Online áruház>Friss élelmiszer>Tejtermék, tojás, sajt>Joghurtok>Gyümölcs joghurt>Danone Danonino élőflórás eper-banánízű joghurt hozzáadott kalciummal és D-vitaminnal 70 g",https://auchan.hu/shop/danone-danonino-élőflórás-eper-banánízű-joghurt-hozzáadott-kalciummal-és-d-vitaminnal-70-g.p-688426,g
616015,"Danone Oikos Édes Kettes édesített joghurt vaníliaízű, csokoládéval bevont gabonacsillagokkal 102 g",329.00,329.00,0,"Főoldal>Online áruház>Friss élelmiszer>Tejtermék, tojás, sajt>Joghurtok>Gyümölcs joghurt>Danone Oikos Édes Kettes édesített joghurt vaníliaízű, csokoládéval bevont gabonacsillagokkal 102 g",https://auchan.hu/shop/danone-oikos-édes-kettes-édesített-joghurt-vaníliaízű-csokoládéval-bevont-gabonacsillagokkal-102-g.p-616015,g
785341,Landliebe édesített joghurt 15% eper vagy cseresznye készítménnyel 150 g,332.00,332.00,0,"Főoldal>Online áruház>Friss élelmiszer>Tejtermék, tojás, sajt>Joghurtok>Gyümölcs joghurt>Landliebe édesített joghurt 15% eper vagy cseresznye készítménnyel 150 g",https://auchan.hu/shop/landliebe-édesített-joghurt-15%-eper-vagy-cseresznye-készítménnyel-150-g.p-785341,g
813888,Landliebe édesített joghurt 15% málna vagy áfonya készítménnyel 150 g,332.00,332.00,0,"Főoldal>Online áruház>Friss élelmiszer>Tejtermék, tojás, sajt>Joghurtok>Gyümölcs joghurt>Landliebe édesített joghurt 15% málna vagy áfonya készítménnyel 150 g",https://auchan.hu/shop/landliebe-édesített-joghurt-15%-málna-vagy-áfonya-készítménnyel-150-g.p-813888,g
545442,Danone Oikos Habdesszert habosított tejtermék áfonyás öntettel 125 g,349.00,349.00,0,"Főoldal>Online áruház>Friss élelmiszer>Tejtermék, tojás, sajt>Joghurtok>Gyümölcs joghurt>Danone Oikos Habdesszert habosított tejtermék áfonyás öntettel 125 g",https://auchan.hu/shop/danone-oikos-habdesszert-habosított-tejtermék-áfonyás-öntettel-125-g.p-545442,g
545255,Danone Oikos Habdesszert habosított tejtermék epres öntettel 125 g,349.00,349.00,0,"Főoldal>Online áruház>Friss élelmiszer>Tejtermék, tojás, sajt>Joghurtok>Gyümölcs joghurt>Danone Oikos Habdesszert habosított tejtermék epres öntettel 125 g",https://auchan.hu/shop/danone-oikos-habdesszert-habosított-tejtermék-epres-öntettel-125-g.p-545255,g
820744,Zott Jogobella élőflórás joghurt 400 g,363.00,363.00,0,"Főoldal>Online áruház>Friss élelmiszer>Tejtermék, tojás, sajt>Joghurtok>Gyümölcs joghurt>Zott Jogobella élőflórás joghurt 400 g",https://auchan.hu/shop/zott-jogobella-élőflórás-joghurt-400-g.p-820744,g
820745,Zott Jogobella élőflórás joghurt 400 g,363.00,363.00,0,"Főoldal>Online áruház>Friss élelmiszer>Tejtermék, tojás, sajt>Joghurtok>Gyümölcs joghurt>Zott Jogobella élőflórás joghurt 400 g",https://auchan.hu/shop/zott-jogobella-élőflórás-joghurt-400-g.p-820745,g
89794,Zott Jogobella élőflórás joghurt 400 g,363.00,363.00,0,"Főoldal>Online áruház>Friss élelmiszer>Tejtermék, tojás, sajt>Joghurtok>Gyümölcs joghurt>Zott Jogobella élőflórás joghurt 400 g",https://auchan.hu/shop/zott-jogobella-élőflórás-joghurt-400-g.p-89794,g
495867,Müller Mix vanília ízesítésű joghurt karamellizált mandulával 130 g,409.00,409.00,0,"Főoldal>Online áruház>Friss élelmiszer>Tejtermék, tojás, sajt>Joghurtok>Gyümölcs joghurt>Müller Mix vanília ízesítésű joghurt karamellizált mandulával 130 g",https://auchan.hu/shop/müller-mix-vanília-ízesítésű-joghurt-karamellizált-mandulával-130-g.p-495867,g
470392,Auchan Kedvenc Citrom ízű Bifidus joghurt 4x125 g,510.00,510.00,0,"Főoldal>Online áruház>Friss élelmiszer>Tejtermék, tojás, sajt>Joghurtok>Gyümölcs joghurt>Auchan Kedvenc Citrom ízű Bifidus joghurt 4x125 g",https://auchan.hu/shop/auchan-kedvenc-citrom-ízű-bifidus-joghurt-4x125-g.p-470392,g
470393,Auchan Kedvenc Kókusz ízű Bifidus joghurt 4x125 g,510.00,510.00,0,"Főoldal>Online áruház>Friss élelmiszer>Tejtermék, tojás, sajt>Joghurtok>Gyümölcs joghurt>Auchan Kedvenc Kókusz ízű Bifidus joghurt 4x125 g",https://auchan.hu/shop/auchan-kedvenc-kókusz-ízű-bifidus-joghurt-4x125-g.p-470393,g
470394,Auchan Kedvenc Vanília ízű Bifidus joghurt 4x125 g,510.00,510.00,0,"Főoldal>Online áruház>Friss élelmiszer>Tejtermék, tojás, sajt>Joghurtok>Gyümölcs joghurt>Auchan Kedvenc Vanília ízű Bifidus joghurt 4x125 g",https://auchan.hu/shop/auchan-kedvenc-vanília-ízű-bifidus-joghurt-4x125-g.p-470394,g
470397,Auchan Kedvenc Gyümölcs joghurt 3 féle mangó/őszibarack/sárgabarack-nektarin 4x125g,514.00,514.00,0,"Főoldal>Online áruház>Friss élelmiszer>Tejtermék, tojás, sajt>Joghurtok>Gyümölcs joghurt>Auchan Kedvenc Gyümölcs joghurt 3 féle mangó/őszibarack/sárgabarack-nektarin 4x125g",https://auchan.hu/shop/auchan-kedvenc-gyümölcs-joghurt-3-féle-mangó/őszibarack/sárgabarack-nektarin-4x125g.p-470397,
801277,Danone Nap mint Nap élőflórás eperízű zsírszegény joghurt 4 x 110 g,559.00,559.00,0,"Főoldal>Online áruház>Friss élelmiszer>Tejtermék, tojás, sajt>Joghurtok>Gyümölcs joghurt>Danone Nap mint Nap élőflórás eperízű zsírszegény joghurt 4 x 110 g",https://auchan.hu/shop/danone-nap-mint-nap-élőflórás-eperízű-zsírszegény-joghurt-4-x-110-g.p-801277,g
86811,"Danone málnaízű, élőflórás, zsírszegény joghurt 4 x 125 g (500 g)",599.00,599.00,0,"Főoldal>Online áruház>Friss élelmiszer>Tejtermék, tojás, sajt>Joghurtok>Gyümölcs joghurt>Danone málnaízű, élőflórás, zsírszegény joghurt 4 x 125 g (500 g)",https://auchan.hu/shop/danone-málnaízű-élőflórás-zsírszegény-joghurt-4-x-125-g-(500-g).p-86811,g
892692,Activia erdei gyümölcsös joghurt gabonákkal 4x120 g,647.00,647.00,0,"Főoldal>Online áruház>Friss élelmiszer>Tejtermék, tojás, sajt>Joghurtok>Gyümölcs joghurt>Activia erdei gyümölcsös joghurt gabonákkal 4x120 g",https://auchan.hu/shop/activia-erdei-gyümölcsös-joghurt-gabonákkal-4x120-g.p-892692,g
892682,Activia őszibarackos joghurtgabonákkal 4x120 g,647.00,647.00,0,"Főoldal>Online áruház>Friss élelmiszer>Tejtermék, tojás, sajt>Joghurtok>Gyümölcs joghurt>Activia őszibarackos joghurtgabonákkal 4x120 g",https://auchan.hu/shop/activia-őszibarackos-joghurtgabonákkal-4x120-g.p-892682,g
433175,Riska epres krémjoghurt 850 g,693.00,693.00,0,"Főoldal>Online áruház>Friss élelmiszer>Tejtermék, tojás, sajt>Joghurtok>Gyümölcs joghurt>Riska epres krémjoghurt 850 g",https://auchan.hu/shop/riska-epres-krémjoghurt-850-g.p-433175,g
929742,Zott Jogobella élőflórás joghurt 900 g,772.00,772.00,0,"Főoldal>Online áruház>Friss élelmiszer>Tejtermék, tojás, sajt>Joghurtok>Gyümölcs joghurt>Zott Jogobella élőflórás joghurt 900 g",https://auchan.hu/shop/zott-jogobella-élőflórás-joghurt-900-g.p-929742,g
929741,"Zott Jogobella élőflórás, epres joghurt 900 g",772.00,772.00,0,"Főoldal>Online áruház>Friss élelmiszer>Tejtermék, tojás, sajt>Joghurtok>Gyümölcs joghurt>Zott Jogobella élőflórás, epres joghurt 900 g",https://auchan.hu/shop/zott-jogobella-élőflórás-epres-joghurt-900-g.p-929741,g
933941,Exquisa Mild Skyr Vanilla 400 g,786.00,786.00,0,"Főoldal>Online áruház>Friss élelmiszer>Tejtermék, tojás, sajt>Joghurtok>Gyümölcs joghurt>Exquisa Mild Skyr Vanilla 400 g",https://auchan.hu/shop/exquisa-mild-skyr-vanilla-400-g.p-933941,g
868408,"Milli Power Bowl zsírszegény eredeti görög krémjoghurt eperrel, ribizlivel 2 x 175 g (350 g)",848.00,848.00,0,"Főoldal>Online áruház>Friss élelmiszer>Tejtermék, tojás, sajt>Joghurtok>Gyümölcs joghurt>Milli Power Bowl zsírszegény eredeti görög krémjoghurt eperrel, ribizlivel 2 x 175 g (350 g)",https://auchan.hu/shop/milli-power-bowl-zsírszegény-eredeti-görög-krémjoghurt-eperrel-ribizlivel-2-x-175-g-(350-g).p-868408,g
868407,Milli Power Bowl zsírszegény eredeti görög krémjoghurt őszibarackkal 2 x 175 g (350 g),848.00,848.00,0,"Főoldal>Online áruház>Friss élelmiszer>Tejtermék, tojás, sajt>Joghurtok>Gyümölcs joghurt>Milli Power Bowl zsírszegény eredeti görög krémjoghurt őszibarackkal 2 x 175 g (350 g)",https://auchan.hu/shop/milli-power-bowl-zsírszegény-eredeti-görög-krémjoghurt-őszibarackkal-2-x-175-g-(350-g).p-868407,g
868406,Milli Power Bowl zsírszegény eredeti görög krémjoghurt teljes kiőrlésű keksszel 2 x 175 g (350 g),848.00,848.00,0,"Főoldal>Online áruház>Friss élelmiszer>Tejtermék, tojás, sajt>Joghurtok>Gyümölcs joghurt>Milli Power Bowl zsírszegény eredeti görög krémjoghurt teljes kiőrlésű keksszel 2 x 175 g (350 g)",https://auchan.hu/shop/milli-power-bowl-zsírszegény-eredeti-görög-krémjoghurt-teljes-kiőrlésű-keksszel-2-x-175-g-(350-g).p-868406,g
635904,Danone Oikos Görög élőflórás áfonyás sajttorta ízű krémjoghurt 4 x 125 g,849.00,849.00,0,"Főoldal>Online áruház>Friss élelmiszer>Tejtermék, tojás, sajt>Joghurtok>Gyümölcs joghurt>Danone Oikos Görög élőflórás áfonyás sajttorta ízű krémjoghurt 4 x 125 g",https://auchan.hu/shop/danone-oikos-görög-élőflórás-áfonyás-sajttorta-ízű-krémjoghurt-4-x-125-g.p-635904,g
929729,Landliebe joghurt barack készítménnyel 500 g,868.00,868.00,0,"Főoldal>Online áruház>Friss élelmiszer>Tejtermék, tojás, sajt>Joghurtok>Gyümölcs joghurt>Landliebe joghurt barack készítménnyel 500 g",https://auchan.hu/shop/landliebe-joghurt-barack-készítménnyel-500-g.p-929729,g
840956,Landliebe joghurt cseresznye készítménnyel 500 g,869.00,869.00,0,"Főoldal>Online áruház>Friss élelmiszer>Tejtermék, tojás, sajt>Joghurtok>Gyümölcs joghurt>Landliebe joghurt cseresznye készítménnyel 500 g",https://auchan.hu/shop/landliebe-joghurt-cseresznye-készítménnyel-500-g.p-840956,g
875096,Landliebe joghurt mák-marcipán készítménnyel 500 g,869.00,869.00,0,"Főoldal>Online áruház>Friss élelmiszer>Tejtermék, tojás, sajt>Joghurtok>Gyümölcs joghurt>Landliebe joghurt mák-marcipán készítménnyel 500 g",https://auchan.hu/shop/landliebe-joghurt-mák-marcipán-készítménnyel-500-g.p-875096,g
840955,Landliebe joghurt zamatos áfonyával 500 g,869.00,869.00,0,"Főoldal>Online áruház>Friss élelmiszer>Tejtermék, tojás, sajt>Joghurtok>Gyümölcs joghurt>Landliebe joghurt zamatos áfonyával 500 g",https://auchan.hu/shop/landliebe-joghurt-zamatos-áfonyával-500-g.p-840955,g
913754,Auchan Kedvenc gyümölcs joghurt eper-szeder-málna- 8x125 g,989.00,989.00,0,"Főoldal>Online áruház>Friss élelmiszer>Tejtermék, tojás, sajt>Joghurtok>Gyümölcs joghurt>Auchan Kedvenc gyümölcs joghurt eper-szeder-málna- 8x125 g",https://auchan.hu/shop/auchan-kedvenc-gyümölcs-joghurt-eper-szeder-málna--8x125-g.p-913754,g
964885,BAILEYS Snack 4x28 g,1099.00,1099.00,0,"Főoldal>Online áruház>Friss élelmiszer>Tejtermék, tojás, sajt>Joghurtok>Gyümölcs joghurt>BAILEYS Snack 4x28 g",https://auchan.hu/shop/baileys-snack-4x28-g.p-964885,g
441955,Zott Szívecske zsírszegény joghurt 125 g,108.00,108.00,0,"Főoldal>Online áruház>Friss élelmiszer>Tejtermék, tojás, sajt>Joghurtok>Light gyümölcsjoghurtok>Zott Szívecske zsírszegény joghurt 125 g",https://auchan.hu/shop/zott-szívecske-zsírszegény-joghurt-125-g.p-441955,g
520515,Tarka zsírszegény eperízű élőflórás joghurt 125 g,142.00,142.00,0,"Főoldal>Online áruház>Friss élelmiszer>Tejtermék, tojás, sajt>Joghurtok>Light gyümölcsjoghurtok>Tarka zsírszegény eperízű élőflórás joghurt 125 g",https://auchan.hu/shop/tarka-zsírszegény-eperízű-élőflórás-joghurt-125-g.p-520515,g
520516,Tarka zsírszegény sárgabarackízű élőflórás joghurt 125 g,142.00,142.00,0,"Főoldal>Online áruház>Friss élelmiszer>Tejtermék, tojás, sajt>Joghurtok>Light gyümölcsjoghurtok>Tarka zsírszegény sárgabarackízű élőflórás joghurt 125 g",https://auchan.hu/shop/tarka-zsírszegény-sárgabarackízű-élőflórás-joghurt-125-g.p-520516,g
847333,"Zott Jogobella 0% élőflórás, sovány joghurt édesítőszerekkel 150 g",157.00,157.00,0,"Főoldal>Online áruház>Friss élelmiszer>Tejtermék, tojás, sajt>Joghurtok>Light gyümölcsjoghurtok>Zott Jogobella 0% élőflórás, sovány joghurt édesítőszerekkel 150 g",https://auchan.hu/shop/zott-jogobella-0%-élőflórás-sovány-joghurt-édesítőszerekkel-150-g.p-847333,g
160341,Zott Jogobella Light zsírszegény joghurt cukorral és édesítőszerrel 150 g,157.00,157.00,0,"Főoldal>Online áruház>Friss élelmiszer>Tejtermék, tojás, sajt>Joghurtok>Light gyümölcsjoghurtok>Zott Jogobella Light zsírszegény joghurt cukorral és édesítőszerrel 150 g",https://auchan.hu/shop/zott-jogobella-light-zsírszegény-joghurt-cukorral-és-édesítőszerrel-150-g.p-160341,g
273379,Zott Jogobella élőflórás joghurt hozzáadott cukor nélkül 150 g,160.00,160.00,0,"Főoldal>Online áruház>Friss élelmiszer>Tejtermék, tojás, sajt>Joghurtok>Light gyümölcsjoghurtok>Zott Jogobella élőflórás joghurt hozzáadott cukor nélkül 150 g",https://auchan.hu/shop/zott-jogobella-élőflórás-joghurt-hozzáadott-cukor-nélkül-150-g.p-273379,g
763970,"Danone YoPro banános sovány joghurt földimogyoró aromával, édesítőszerekkel 160 g",317.00,317.00,0,"Főoldal>Online áruház>Friss élelmiszer>Tejtermék, tojás, sajt>Joghurtok>Light gyümölcsjoghurtok>Danone YoPro banános sovány joghurt földimogyoró aromával, édesítőszerekkel 160 g",https://auchan.hu/shop/danone-yopro-banános-sovány-joghurt-földimogyoró-aromával-édesítőszerekkel-160-g.p-763970,g
763971,"Danone YoPro sovány joghurt áfonyával, édesítőszerekkel, magnéziummal és folsavval 160 g",317.00,317.00,0,"Főoldal>Online áruház>Friss élelmiszer>Tejtermék, tojás, sajt>Joghurtok>Light gyümölcsjoghurtok>Danone YoPro sovány joghurt áfonyával, édesítőszerekkel, magnéziummal és folsavval 160 g",https://auchan.hu/shop/danone-yopro-sovány-joghurt-áfonyával-édesítőszerekkel-magnéziummal-és-folsavval-160-g.p-763971,g
932977,"Danone YoPro sovány joghurt eperrel, édesítőszerekkel 160 g",395.00,395.00,0,"Főoldal>Online áruház>Friss élelmiszer>Tejtermék, tojás, sajt>Joghurtok>Light gyümölcsjoghurtok>Danone YoPro sovány joghurt eperrel, édesítőszerekkel 160 g",https://auchan.hu/shop/danone-yopro-sovány-joghurt-eperrel-édesítőszerekkel-160-g.p-932977,g
763969,"Danone YoPro sztracsatellaízű sovány joghurt édesítőszerekkel, magnéziummal és folsavval 160 g",395.00,395.00,0,"Főoldal>Online áruház>Friss élelmiszer>Tejtermék, tojás, sajt>Joghurtok>Light gyümölcsjoghurtok>Danone YoPro sztracsatellaízű sovány joghurt édesítőszerekkel, magnéziummal és folsavval 160 g",https://auchan.hu/shop/danone-yopro-sztracsatellaízű-sovány-joghurt-édesítőszerekkel-magnéziummal-és-folsavval-160-g.p-763969,g
827929,Danone Oikos élőflórás epres krémjoghurt 125 g,146.00,146.00,0,"Főoldal>Online áruház>Friss élelmiszer>Tejtermék, tojás, sajt>Joghurtok>Ízesített joghurtok>Danone Oikos élőflórás epres krémjoghurt 125 g",https://auchan.hu/shop/danone-oikos-élőflórás-epres-krémjoghurt-125-g.p-827929,g
827706,Danone Oikos élőflórás meggyes krémjoghurt 125 g,146.00,146.00,0,"Főoldal>Online áruház>Friss élelmiszer>Tejtermék, tojás, sajt>Joghurtok>Ízesített joghurtok>Danone Oikos élőflórás meggyes krémjoghurt 125 g",https://auchan.hu/shop/danone-oikos-élőflórás-meggyes-krémjoghurt-125-g.p-827706,g
929738,Zott Jogobella élőflórás joghurt 150 g,157.00,157.00,0,"Főoldal>Online áruház>Friss élelmiszer>Tejtermék, tojás, sajt>Joghurtok>Ízesített joghurtok>Zott Jogobella élőflórás joghurt 150 g",https://auchan.hu/shop/zott-jogobella-élőflórás-joghurt-150-g.p-929738,g
634905,Danone Oikos Édes Kettes élőflórás édesített joghurt eperszósszal 118 g,242.00,242.00,0,"Főoldal>Online áruház>Friss élelmiszer>Tejtermék, tojás, sajt>Joghurtok>Ízesített joghurtok>Danone Oikos Édes Kettes élőflórás édesített joghurt eperszósszal 118 g",https://auchan.hu/shop/danone-oikos-édes-kettes-élőflórás-édesített-joghurt-eperszósszal-118-g.p-634905,g
634904,Danone Oikos Édes Kettes élőflórás édesített joghurt meggyszósszal 118 g,242.00,242.00,0,"Főoldal>Online áruház>Friss élelmiszer>Tejtermék, tojás, sajt>Joghurtok>Ízesített joghurtok>Danone Oikos Édes Kettes élőflórás édesített joghurt meggyszósszal 118 g",https://auchan.hu/shop/danone-oikos-édes-kettes-élőflórás-édesített-joghurt-meggyszósszal-118-g.p-634904,g
871009,Danone Oikos Édes Kettes élőflórás édesített joghurt piros gyümölcsös szósszal 118 g,242.00,242.00,0,"Főoldal>Online áruház>Friss élelmiszer>Tejtermék, tojás, sajt>Joghurtok>Ízesített joghurtok>Danone Oikos Édes Kettes élőflórás édesített joghurt piros gyümölcsös szósszal 118 g",https://auchan.hu/shop/danone-oikos-édes-kettes-élőflórás-édesített-joghurt-piros-gyümölcsös-szósszal-118-g.p-871009,g
785342,Landliebe őszibarackos-maracujás vagy szeder joghurt 150 g,332.00,332.00,0,"Főoldal>Online áruház>Friss élelmiszer>Tejtermék, tojás, sajt>Joghurtok>Ízesített joghurtok>Landliebe őszibarackos-maracujás vagy szeder joghurt 150 g",https://auchan.hu/shop/landliebe-őszibarackos-maracujás-vagy-szeder-joghurt-150-g.p-785342,g
871011,Danone Oikos Édes Kettes élőflórás édesített joghurt csokoládéval bevont kukoricapelyhekkel 102 g,339.00,339.00,0,"Főoldal>Online áruház>Friss élelmiszer>Tejtermék, tojás, sajt>Joghurtok>Ízesített joghurtok>Danone Oikos Édes Kettes élőflórás édesített joghurt csokoládéval bevont kukoricapelyhekkel 102 g",https://auchan.hu/shop/danone-oikos-édes-kettes-élőflórás-édesített-joghurt-csokoládéval-bevont-kukoricapelyhekkel-102-g.p-871011,g
763972,Danone Oikos Habdesszert habosított tejtermék meggyes öntettel 125 g,349.00,349.00,0,"Főoldal>Online áruház>Friss élelmiszer>Tejtermék, tojás, sajt>Joghurtok>Ízesített joghurtok>Danone Oikos Habdesszert habosított tejtermék meggyes öntettel 125 g",https://auchan.hu/shop/danone-oikos-habdesszert-habosított-tejtermék-meggyes-öntettel-125-g.p-763972,g
86845,Danone banánízű és erdei gyümölcsízű élőflórás zsírszegény joghurt 4 x 125 g (500 g),599.00,599.00,0,"Főoldal>Online áruház>Friss élelmiszer>Tejtermék, tojás, sajt>Joghurtok>Ízesített joghurtok>Danone banánízű és erdei gyümölcsízű élőflórás zsírszegény joghurt 4 x 125 g (500 g)",https://auchan.hu/shop/danone-banánízű-és-erdei-gyümölcsízű-élőflórás-zsírszegény-joghurt-4-x-125-g-(500-g).p-86845,g
87139,"Danone citromízű, élőflórás, zsírszegény joghurt 4 x 125 g (500 g)",599.00,599.00,0,"Főoldal>Online áruház>Friss élelmiszer>Tejtermék, tojás, sajt>Joghurtok>Ízesített joghurtok>Danone citromízű, élőflórás, zsírszegény joghurt 4 x 125 g (500 g)",https://auchan.hu/shop/danone-citromízű-élőflórás-zsírszegény-joghurt-4-x-125-g-(500-g).p-87139,g
86846,"Danone eperízű, élőflórás, zsírszegény joghurt 4 x 125 g",599.00,599.00,0,"Főoldal>Online áruház>Friss élelmiszer>Tejtermék, tojás, sajt>Joghurtok>Ízesített joghurtok>Danone eperízű, élőflórás, zsírszegény joghurt 4 x 125 g",https://auchan.hu/shop/danone-eperízű-élőflórás-zsírszegény-joghurt-4-x-125-g.p-86846,g
86848,"Danone meggyízű, élőflórás, zsírszegény joghurt 125 g",599.00,599.00,0,"Főoldal>Online áruház>Friss élelmiszer>Tejtermék, tojás, sajt>Joghurtok>Ízesített joghurtok>Danone meggyízű, élőflórás, zsírszegény joghurt 125 g",https://auchan.hu/shop/danone-meggyízű-élőflórás-zsírszegény-joghurt-125-g.p-86848,g
86849,"Danone sárgabarackízű, élőflórás, zsírszegény joghurt 125 g",599.00,599.00,0,"Főoldal>Online áruház>Friss élelmiszer>Tejtermék, tojás, sajt>Joghurtok>Ízesített joghurtok>Danone sárgabarackízű, élőflórás, zsírszegény joghurt 125 g",https://auchan.hu/shop/danone-sárgabarackízű-élőflórás-zsírszegény-joghurt-125-g.p-86849,g
688384,"Danone Oikos Görög citromos túrótortaízű, élőflórás krémjoghurt 4 x 125 g",849.00,849.00,0,"Főoldal>Online áruház>Friss élelmiszer>Tejtermék, tojás, sajt>Joghurtok>Ízesített joghurtok>Danone Oikos Görög citromos túrótortaízű, élőflórás krémjoghurt 4 x 125 g",https://auchan.hu/shop/danone-oikos-görög-citromos-túrótortaízű-élőflórás-krémjoghurt-4-x-125-g.p-688384,g
494614,Danone Oikos Görög élőflórás almás pite ízű krémjoghurt 4 x 125 g,849.00,849.00,0,"Főoldal>Online áruház>Friss élelmiszer>Tejtermék, tojás, sajt>Joghurtok>Ízesített joghurtok>Danone Oikos Görög élőflórás almás pite ízű krémjoghurt 4 x 125 g",https://auchan.hu/shop/danone-oikos-görög-élőflórás-almás-pite-ízű-krémjoghurt-4-x-125-g.p-494614,g
526592,"Danone Oikos Görög kekszízű, élőflórás krémjoghurt 4 x 125 g",849.00,849.00,0,"Főoldal>Online áruház>Friss élelmiszer>Tejtermék, tojás, sajt>Joghurtok>Ízesített joghurtok>Danone Oikos Görög kekszízű, élőflórás krémjoghurt 4 x 125 g",https://auchan.hu/shop/danone-oikos-görög-kekszízű-élőflórás-krémjoghurt-4-x-125-g.p-526592,g
531641,Danone Oikos Görög stracciatellaízű élőflórás krémjoghurt 4 x 125 g,849.00,849.00,0,"Főoldal>Online áruház>Friss élelmiszer>Tejtermék, tojás, sajt>Joghurtok>Ízesített joghurtok>Danone Oikos Görög stracciatellaízű élőflórás krémjoghurt 4 x 125 g",https://auchan.hu/shop/danone-oikos-görög-stracciatellaízű-élőflórás-krémjoghurt-4-x-125-g.p-531641,g
535828,Danone Oikos málnás sajttorta ízű krémjoghurt 4 x 125 g,849.00,849.00,0,"Főoldal>Online áruház>Friss élelmiszer>Tejtermék, tojás, sajt>Joghurtok>Ízesített joghurtok>Danone Oikos málnás sajttorta ízű krémjoghurt 4 x 125 g",https://auchan.hu/shop/danone-oikos-málnás-sajttorta-ízű-krémjoghurt-4-x-125-g.p-535828,g
470399,Auchan Kedvenc görög joghurt citrom ízű 4x150 g,901.00,901.00,0,"Főoldal>Online áruház>Friss élelmiszer>Tejtermék, tojás, sajt>Joghurtok>Ízesített joghurtok>Auchan Kedvenc görög joghurt citrom ízű 4x150 g",https://auchan.hu/shop/auchan-kedvenc-görög-joghurt-citrom-ízű-4x150-g.p-470399,g
470398,Auchan Kedvenc Vanília ízű görög joghurt 4x150 g,907.00,907.00,0,"Főoldal>Online áruház>Friss élelmiszer>Tejtermék, tojás, sajt>Joghurtok>Ízesített joghurtok>Auchan Kedvenc Vanília ízű görög joghurt 4x150 g",https://auchan.hu/shop/auchan-kedvenc-vanília-ízű-görög-joghurt-4x150-g.p-470398,g
842383,"Auchan Kedvenc Görög joghurt őszibarack- , körte ízesítésű 4 x 150 g",1009.00,1009.00,0,"Főoldal>Online áruház>Friss élelmiszer>Tejtermék, tojás, sajt>Joghurtok>Ízesített joghurtok>Auchan Kedvenc Görög joghurt őszibarack- , körte ízesítésű 4 x 150 g",https://auchan.hu/shop/auchan-kedvenc-görög-joghurt-őszibarack---körte-ízesítésű-4-x-150-g.p-842383,g
842382,"Auchan Kedvenc Görög joghurt szeder-,  málna ízesítésű 4 x 150 g",1018.00,1018.00,0,"Főoldal>Online áruház>Friss élelmiszer>Tejtermék, tojás, sajt>Joghurtok>Ízesített joghurtok>Auchan Kedvenc Görög joghurt szeder-,  málna ízesítésű 4 x 150 g",https://auchan.hu/shop/auchan-kedvenc-görög-joghurt-szeder---málna-ízesítésű-4-x-150-g.p-842382,g
748241,"Nádudvari élőflórás, barackos, zsírszegény gyümölcsjoghurt 125 g",122.00,122.00,0,"Főoldal>Online áruház>Friss élelmiszer>Tejtermék, tojás, sajt>Joghurtok>Réteges gyümölcs joghurt>Nádudvari élőflórás, barackos, zsírszegény gyümölcsjoghurt 125 g",https://auchan.hu/shop/nádudvari-élőflórás-barackos-zsírszegény-gyümölcsjoghurt-125-g.p-748241,g
748240,"Nádudvari élőflórás, epres, zsírszegény gyümölcsjoghurt 125 g",122.00,122.00,0,"Főoldal>Online áruház>Friss élelmiszer>Tejtermék, tojás, sajt>Joghurtok>Réteges gyümölcs joghurt>Nádudvari élőflórás, epres, zsírszegény gyümölcsjoghurt 125 g",https://auchan.hu/shop/nádudvari-élőflórás-epres-zsírszegény-gyümölcsjoghurt-125-g.p-748240,g
656803,Nádudvari réteges élőflórás krémjoghurt áfonyával 180 g,199.00,199.00,0,"Főoldal>Online áruház>Friss élelmiszer>Tejtermék, tojás, sajt>Joghurtok>Réteges gyümölcs joghurt>Nádudvari réteges élőflórás krémjoghurt áfonyával 180 g",https://auchan.hu/shop/nádudvari-réteges-élőflórás-krémjoghurt-áfonyával-180-g.p-656803,g
656804,Nádudvari réteges élőflórás krémjoghurt erdei gyümölcsökkel 180 g,199.00,199.00,0,"Főoldal>Online áruház>Friss élelmiszer>Tejtermék, tojás, sajt>Joghurtok>Réteges gyümölcs joghurt>Nádudvari réteges élőflórás krémjoghurt erdei gyümölcsökkel 180 g",https://auchan.hu/shop/nádudvari-réteges-élőflórás-krémjoghurt-erdei-gyümölcsökkel-180-g.p-656804,g
656802,Nádudvari réteges élőflórás krémjoghurt kajszibarackkal 180 g,199.00,199.00,0,"Főoldal>Online áruház>Friss élelmiszer>Tejtermék, tojás, sajt>Joghurtok>Réteges gyümölcs joghurt>Nádudvari réteges élőflórás krémjoghurt kajszibarackkal 180 g",https://auchan.hu/shop/nádudvari-réteges-élőflórás-krémjoghurt-kajszibarackkal-180-g.p-656802,g
850975,Zilda epres joghurt 250 ml,350.00,350.00,0,"Főoldal>Online áruház>Friss élelmiszer>Tejtermék, tojás, sajt>Joghurtok>Réteges gyümölcs joghurt>Zilda epres joghurt 250 ml",https://auchan.hu/shop/zilda-epres-joghurt-250-ml.p-850975,ml
851042,Zilda meggyes joghurt 250 ml,350.00,350.00,0,"Főoldal>Online áruház>Friss élelmiszer>Tejtermék, tojás, sajt>Joghurtok>Réteges gyümölcs joghurt>Zilda meggyes joghurt 250 ml",https://auchan.hu/shop/zilda-meggyes-joghurt-250-ml.p-851042,ml
851043,Zilda sült almás joghurt 250 ml,350.00,350.00,0,"Főoldal>Online áruház>Friss élelmiszer>Tejtermék, tojás, sajt>Joghurtok>Réteges gyümölcs joghurt>Zilda sült almás joghurt 250 ml",https://auchan.hu/shop/zilda-sült-almás-joghurt-250-ml.p-851043,ml
19868,Auchan Kedvenc Áfonyás réteges joghurt 200 g,377.00,377.00,0,"Főoldal>Online áruház>Friss élelmiszer>Tejtermék, tojás, sajt>Joghurtok>Réteges gyümölcs joghurt>Auchan Kedvenc Áfonyás réteges joghurt 200 g",https://auchan.hu/shop/auchan-kedvenc-áfonyás-réteges-joghurt-200-g.p-19868,g
19871,Auchan Kedvenc Almás réteges joghurt 200 g,377.00,377.00,0,"Főoldal>Online áruház>Friss élelmiszer>Tejtermék, tojás, sajt>Joghurtok>Réteges gyümölcs joghurt>Auchan Kedvenc Almás réteges joghurt 200 g",https://auchan.hu/shop/auchan-kedvenc-almás-réteges-joghurt-200-g.p-19871,g
19873,Auchan Kedvenc Barackos réteges joghurt 200 g,377.00,377.00,0,"Főoldal>Online áruház>Friss élelmiszer>Tejtermék, tojás, sajt>Joghurtok>Réteges gyümölcs joghurt>Auchan Kedvenc Barackos réteges joghurt 200 g",https://auchan.hu/shop/auchan-kedvenc-barackos-réteges-joghurt-200-g.p-19873,g
19872,Auchan Kedvenc Meggyes réteges joghurt 200 g,377.00,377.00,0,"Főoldal>Online áruház>Friss élelmiszer>Tejtermék, tojás, sajt>Joghurtok>Réteges gyümölcs joghurt>Auchan Kedvenc Meggyes réteges joghurt 200 g",https://auchan.hu/shop/auchan-kedvenc-meggyes-réteges-joghurt-200-g.p-19872,g
375946,Auchan Kedvenc Szamócás réteges joghurt 200 g,377.00,377.00,0,"Főoldal>Online áruház>Friss élelmiszer>Tejtermék, tojás, sajt>Joghurtok>Réteges gyümölcs joghurt>Auchan Kedvenc Szamócás réteges joghurt 200 g",https://auchan.hu/shop/auchan-kedvenc-szamócás-réteges-joghurt-200-g.p-375946,g
400116,Cserpes Sajtműhely epres joghurt élőflórás 250 g,391.00,391.00,0,"Főoldal>Online áruház>Friss élelmiszer>Tejtermék, tojás, sajt>Joghurtok>Réteges gyümölcs joghurt>Cserpes Sajtműhely epres joghurt élőflórás 250 g",https://auchan.hu/shop/cserpes-sajtműhely-epres-joghurt-élőflórás-250-g.p-400116,g
400115,Cserpes Sajtműhely erdei gyümölcsös élőflórás joghurt 250 g,391.00,391.00,0,"Főoldal>Online áruház>Friss élelmiszer>Tejtermék, tojás, sajt>Joghurtok>Réteges gyümölcs joghurt>Cserpes Sajtműhely erdei gyümölcsös élőflórás joghurt 250 g",https://auchan.hu/shop/cserpes-sajtműhely-erdei-gyümölcsös-élőflórás-joghurt-250-g.p-400115,g
400120,Cserpes Sajtműhely feketeszedres joghurt 250 g,391.00,391.00,0,"Főoldal>Online áruház>Friss élelmiszer>Tejtermék, tojás, sajt>Joghurtok>Réteges gyümölcs joghurt>Cserpes Sajtműhely feketeszedres joghurt 250 g",https://auchan.hu/shop/cserpes-sajtműhely-feketeszedres-joghurt-250-g.p-400120,g
400117,Cserpes Sajtműhely málnás élőflórás joghurt 250 g,391.00,391.00,0,"Főoldal>Online áruház>Friss élelmiszer>Tejtermék, tojás, sajt>Joghurtok>Réteges gyümölcs joghurt>Cserpes Sajtműhely málnás élőflórás joghurt 250 g",https://auchan.hu/shop/cserpes-sajtműhely-málnás-élőflórás-joghurt-250-g.p-400117,g
400114,Cserpes Sajtműhely sárgabarackos élőflórás joghurt 250 g,391.00,391.00,0,"Főoldal>Online áruház>Friss élelmiszer>Tejtermék, tojás, sajt>Joghurtok>Réteges gyümölcs joghurt>Cserpes Sajtműhely sárgabarackos élőflórás joghurt 250 g",https://auchan.hu/shop/cserpes-sajtműhely-sárgabarackos-élőflórás-joghurt-250-g.p-400114,g
837164,Parmalat barackos gyümölcsjoghurt 4 x 125 g ,465.00,465.00,0,"Főoldal>Online áruház>Friss élelmiszer>Tejtermék, tojás, sajt>Joghurtok>Réteges gyümölcs joghurt>Parmalat barackos gyümölcsjoghurt 4 x 125 g ",https://auchan.hu/shop/parmalat-barackos-gyümölcsjoghurt-4-x-125-g-.p-837164,g
837163,Parmalat epres gyümölcsjoghurt 4 x 125 g ,465.00,465.00,0,"Főoldal>Online áruház>Friss élelmiszer>Tejtermék, tojás, sajt>Joghurtok>Réteges gyümölcs joghurt>Parmalat epres gyümölcsjoghurt 4 x 125 g ",https://auchan.hu/shop/parmalat-epres-gyümölcsjoghurt-4-x-125-g-.p-837163,g
