unique_id,product_name,brand,product_description,selling_price,currency,pdp_url,color
T282194M,Cotton Rich Fleece Lined Hoodie,M&S Collection,"Stay snug in style with this pure cotton hoodie. It's made in a regular fit so you can layer up easily. Fluffy fleece lining. The zip-through fastening and drawstrings ensure you can wrap up warm in the worst weather. Two external pockets keep your essentials handy and your hands out of the cold.
 
 M&S Collection: easy-to-wear wardrobe staples that combine classic and contemporary styles.",55.00,£,https://www.marksandspencer.com/cotton-rich-fleece-lined-hoodie/p/clp60744215?color=BLACK#intid=pid_pg2pip48g4r2c2%7Cprodflag_New%7Cprodflag_plp_ts_CBS_7,Black
T285385M,Pure Cotton V Neck T-Shirt,M&S Collection,"Refresh your essentials with this pure cotton t-shirt. Made to a comfy regular fit. The v-neck adds a smart touch. 
 
 M&S Collection: easy-to-wear wardrobe staples that combine classic and contemporary styles.",8.00,£,https://www.marksandspencer.com/pure-cotton-v-neck-t-shirt/p/clp60746462?color=WHITE#intid=pid_pg2pip48g4r12c4%7Cprodflag_New%7Cprodflag_plp_ts_CBS_6,White
T303000A,Pure Extra Fine Merino Wool Jumper,Autograph,"This extra-fine merino wool jumper from our Autograph collection is a luxurious addition to your knitwear collection. It's made with Merino Perform technology to keep you feeling cool and dry all day. A crew neck gives it a laid-back look, while the ribbed trims add a neat finish. 
 
 Autograph: premium investment pieces featuring contemporary cuts and refined finishing touches.",40.00,£,https://www.marksandspencer.com/pure-extra-fine-merino-wool-jumper/p/clp60744504?color=GREYMARL#intid=pid_pg2pip48g4r12c3%7Cprodflag_New,Grey Marl
T111103S,The Ultimate Slim Fit Pure Cotton Non Iron Textured Shirt,M&S Collection,,40.00,£,https://www.marksandspencer.com/the-ultimate-non-iron-textured-shirt/p/clp60735968?color=DARKNAVY#intid=pid_pg2pip48g4r12c2%7Cprodflag_New,Dark Navy
T165086A,Textured Technical Twill Trucker Jacket,Autograph,"This classic trucker jacket from our Autograph collection is made from textured technical twill fabric for long-lasting wear. It's cut to an easy regular fit and lined for extra comfort. Two external flap pockets keep your essentials handy, The chunky button fastening complements the sharp collared neck to give it an effortlessly stylish casual look.
Autograph: premium investment pieces featuring contemporary cuts and refined finishing touches.",75.00,£,https://www.marksandspencer.com/textured-technical-twill-trucker-jacket/p/clp60743556#intid=pid_pg2pip48g4r12c1%7Cprodflag_New,Dark Navy
T307188M,Supersoft Ribbed Half zip Jumper with Wool,M&S Collection,"This understated jumper is crafted from supersoft yarn for a luxuriously smooth and cosy feel. A touch of wool makes it extra warm. There's added stretch for freedom of movement, too. Ribbing adds a touch of texture. On-trend half-zip fastening for easy changes. 
 
 M&S Collection: easy-to-wear wardrobe staples that combine classic and contemporary styles.",35.00,£,https://www.marksandspencer.com/supersoft-ribbed-half-zip-jumper-with-wool/p/clp60745621?color=BLACK#intid=pid_pg2pip48g4r11c4%7Cprodflag_New,Black
T303029M,Cotton Blend Funnel Neck Zip Up Jumper,M&S Collection,,45.00,£,https://www.marksandspencer.com/cotton-blend-funnel-neck-zip-up-jumper/p/clp60745624?color=BLACK#intid=pid_pg2pip48g4r11c3%7Cprodflag_New%7Cprodflag_plp_ts_CBS_6,Black
T307188M,Supersoft Ribbed Half zip Jumper with Wool,M&S Collection,"This understated jumper is crafted from supersoft yarn for a luxuriously smooth and cosy feel. A touch of wool makes it extra warm. There's added stretch for freedom of movement, too. Ribbing adds a touch of texture. On-trend half-zip fastening for easy changes. 
 
 M&S Collection: easy-to-wear wardrobe staples that combine classic and contemporary styles.",35.00,£,https://www.marksandspencer.com/supersoft-ribbed-half-zip-jumper-with-wool/p/clp60745621?color=ECRU#intid=pid_pg2pip48g4r11c2%7Cprodflag_New,Ecru
T281426M,Elasticated Waist Cotton Rich Joggers,M&S Collection,"Kick back in style in these soft and breathable cotton-rich joggers. Roomy relaxed fit. The comfy elasticated drawstring waist keeps them securely in place. Handy side pockets. Snug ribbed cuffs.
 
 M&S Collection: easy-to-wear wardrobe staples that combine classic and contemporary styles.",30.00,£,https://www.marksandspencer.com/elasticated-waist-cotton-rich-joggers/p/clp60749175?color=NAVY#intid=pid_pg2pip48g4r11c1%7Cprodflag_New,Navy
T303000A,Pure Extra Fine Merino Wool Jumper,Autograph,"This extra-fine merino wool jumper from our Autograph collection is a luxurious addition to your knitwear collection. It's made with Merino Perform technology to keep you feeling cool and dry all day. A crew neck gives it a laid-back look, while the ribbed trims add a neat finish. 
 
 Autograph: premium investment pieces featuring contemporary cuts and refined finishing touches.",40.00,£,https://www.marksandspencer.com/pure-extra-fine-merino-wool-jumper/p/clp60744504?color=TEALGREEN#intid=pid_pg2pip48g4r10c4%7Cprodflag_New,Teal Green
T303023M,Pure Cotton V-Neck Jumper,M&S Collection,"Crafted from soft and breathable pure cotton, this smart jumper is the perfect lightweight layer for cooler weather. V-neck for versatile outfit styling. Snug ribbed cuffs and hem.
 
 M&S Collection: easy-to-wear wardrobe staples that combine classic and contemporary styles.",25.00,£,https://www.marksandspencer.com/pure-cotton-v-neck-jumper/p/clp60749002?color=PEWTER#intid=pid_pg2pip48g4r10c3%7Cprodflag_New,Pewter
T303000A,Pure Extra Fine Merino Wool Jumper,Autograph,"This extra-fine merino wool jumper from our Autograph collection is a luxurious addition to your knitwear collection. It's made with Merino Perform technology to keep you feeling cool and dry all day. A crew neck gives it a laid-back look, while the ribbed trims add a neat finish. 
 
 Autograph: premium investment pieces featuring contemporary cuts and refined finishing touches.",40.00,£,https://www.marksandspencer.com/pure-extra-fine-merino-wool-jumper/p/clp60744504?color=SMOKEYBLUE#intid=pid_pg2pip48g4r10c2%7Cprodflag_New,Smokey Blue
T305020M,Pure Lambswool Crew Neck Jumper,M&S Collection,,40.00,£,https://www.marksandspencer.com/pure-lambswool-crew-neck-jumper/p/clp60745525?color=MUSHROOM#intid=pid_pg2pip48g4r10c1%7Cprodflag_New,Mushroom
T111210M,The Ultimate Regular Fit Non Iron Cotton Shirt,M&S Collection,"Introducing The Ultimate Shirt, crafted from pure cotton fabric for smart, comfortable wear. It's designed in a regular fit, with a classic collar and single cuffs. Our new and improved non-iron finish means it needs no ironing after washing or tumble drying, while taped seams make it extra durable. 
 
 M&S Collection: easy-to-wear wardrobe staples that combine classic and contemporary styles.",40.00,£,https://www.marksandspencer.com/the-ultimate-regular-fit-non-iron-cotton-shirt/p/clp60736022?color=WHITE#intid=pid_pg2pip48g4r9c4%7Cprodflag_New%7Cprodflag_plp_ts_QP_40,White
T112169X,Regular Fit Cotton Blend Shirt,M&S Collection,"Stay smart all day long in this crisp cotton-blend shirt. It's cut to a regular fit with a classic collar and single cuffs for a timeless look. The easy-iron finish means it needs no more than a quick press.
M&S Collection: easy-to-wear wardrobe staples that combine classic and contemporary styles.",20.00,£,https://www.marksandspencer.com/regular-fit-cotton-blend-shirt/p/clp60740999?color=MIDBLUE#intid=pid_pg2pip48g4r9c3%7Cprodflag_New%7Cprodflag_plp_ts_QP_78,Mid Blue
T303000A,Pure Extra Fine Merino Wool Jumper,Autograph,"This extra-fine merino wool jumper from our Autograph collection is a luxurious addition to your knitwear collection. It's made with Merino Perform technology to keep you feeling cool and dry all day. A crew neck gives it a laid-back look, while the ribbed trims add a neat finish. 
 
 Autograph: premium investment pieces featuring contemporary cuts and refined finishing touches.",40.00,£,https://www.marksandspencer.com/pure-extra-fine-merino-wool-jumper/p/clp60744504?color=DARKNAVY#intid=pid_pg2pip48g4r9c2%7Cprodflag_New%7Cprodflag_plp_ts_CBS_2,Dark Navy
T284142M,Pure Cotton Graphic T-Shirt,M&S Collection,,18.00,£,https://www.marksandspencer.com/pure-cotton-graphic-t-shirt/p/clp60749507#intid=pid_pg2pip48g4r9c1%7Cprodflag_New,White
T111103S,The Ultimate Slim Fit Pure Cotton Non Iron Textured Shirt,M&S Collection,,40.00,£,https://www.marksandspencer.com/the-ultimate-non-iron-textured-shirt/p/clp60735968?color=BLUE#intid=pid_pg2pip48g4r8c4%7Cprodflag_New%7Cprodflag_plp_ts_QP_46,Blue
T303023M,Pure Cotton V-Neck Jumper,M&S Collection,"Crafted from soft and breathable pure cotton, this smart jumper is the perfect lightweight layer for cooler weather. V-neck for versatile outfit styling. Snug ribbed cuffs and hem.
 
 M&S Collection: easy-to-wear wardrobe staples that combine classic and contemporary styles.",25.00,£,https://www.marksandspencer.com/pure-cotton-v-neck-jumper/p/clp60749002?color=DARKBURGUNDY#intid=pid_pg2pip48g4r8c3%7Cprodflag_New,Dark Burgundy
T303027M,Cotton Blend Knitted Jacket,M&S Collection,"This elegant fine rib knit jacket made from soft cotton-blend fabric is perfect for layering up when the weather cools down. Sharp collar. Smart five button fastening.
 
 M&S Collection: easy-to-wear wardrobe staples that combine classic and contemporary styles.",40.00,£,https://www.marksandspencer.com/cotton-blend-knitted-jacket/p/clp60749094?color=PEWTER#intid=pid_pg2pip48g4r8c2%7Cprodflag_New,Pewter
T165019M,Shirt Collar Mac with Removable Bib,M&S Collection,"This on-trend mac with a sharp shirt collar is a versatile choice for changeable weather. It's cut to a comfy regular fit and lightly padded and smoothly lined for a luxuriously comfortable feel. The removable bib and warm funnel neck offer two quick-change styling choices . Two external slip pockets keep your essentials easily accessible, while the internal pocket keeps valuables safely stored. The concealed fastening helps protect you from the elements.
 
 M&S Collection: easy-to-wear wardrobe staples that combine classic and contemporary styles.",99.00,£,https://www.marksandspencer.com/shirt-collar-mac-with-removable-bib/p/clp60743692#intid=pid_pg2pip48g4r8c1%7Cprodflag_New,Mole
T199574A,Dandelion Print Shirt,White Stuff,,55.00,£,https://www.marksandspencer.com/dandelion-print-shirt/p/clp23041868#intid=pid_pg2pip48g4r7c4%7Cprodflag_New,Pink
T199581A,Bike Print Shirt,White Stuff,,55.00,£,https://www.marksandspencer.com/bike-print-shirt/p/clp23041866#intid=pid_pg2pip48g4r7c3%7Cprodflag_New,White Mix
T188875,Silk Rich Polo Shirt,Ted Baker,,99.00,£,https://www.marksandspencer.com/nickk-ss-silk-cotton-polo/p/clp23027977?color=TAUPE#intid=pid_pg2pip48g4r7c2%7Cprodflag_New,Taupe
T188871,Short Mac,Ted Baker,,175.00,£,https://www.marksandspencer.com/hummels-smart-nylon-short-mac/p/clp23027934#intid=pid_pg2pip48g4r7c1%7Cprodflag_New,Beige
T089670,Slim Fit Pure Linen Suit Trousers,Hawes & Curtis,"These woven pure linen suit trousers from Hawes & Curtis bring refined style to warm-weather occasions. They're cut in a modern slim fit, with an offset button and zip fastening at the flat front for a streamlined silhouette. Side adjusters let you find your ideal fit, without the need to wear a belt. Pressed creases keep you looking sharp.",180.00,£,https://www.marksandspencer.com/slim-fit-pure-linen-suit-trousers/p/clp23022853#intid=pid_pg2pip48g4r6c4%7Cprodflag_New,Denim
T303027M,Cotton Blend Knitted Jacket,M&S Collection,"This elegant fine rib knit jacket made from soft cotton-blend fabric is perfect for layering up when the weather cools down. Sharp collar. Smart five button fastening.
 
 M&S Collection: easy-to-wear wardrobe staples that combine classic and contemporary styles.",40.00,£,https://www.marksandspencer.com/cotton-blend-knitted-jacket/p/clp60749094?color=CHARCOAL#intid=pid_pg2pip48g4r6c3%7Cprodflag_New,Charcoal
T307150M,Supersoft Ribbed Crew Neck Jumper with Wool,M&S Collection,"Stay snug in style with this Supersoft ribbed jumper. Made with a crew neck and a touch of wool for extra warmth. The yarn is enhanced with added stretch for comfort and easy movement. 
 
 M&S Collection: easy-to-wear wardrobe staples that combine classic and contemporary styles.",25.00,£,https://www.marksandspencer.com/supersoft-ribbed-crew-neck-jumper/p/clp60745188?color=MEDIUMINDIGO#intid=pid_pg2pip48g4r6c2%7Cprodflag_New,Medium Indigo
T307150M,Supersoft Ribbed Crew Neck Jumper with Wool,M&S Collection,"Stay snug in style with this Supersoft ribbed jumper. Made with a crew neck and a touch of wool for extra warmth. The yarn is enhanced with added stretch for comfort and easy movement. 
 
 M&S Collection: easy-to-wear wardrobe staples that combine classic and contemporary styles.",25.00,£,https://www.marksandspencer.com/supersoft-ribbed-crew-neck-jumper/p/clp60745188?color=ECRU#intid=pid_pg2pip48g4r6c1%7Cprodflag_New,Ecru
T282194M,Cotton Rich Fleece Lined Hoodie,M&S Collection,"Stay snug in style with this pure cotton hoodie. It's made in a regular fit so you can layer up easily. Fluffy fleece lining. The zip-through fastening and drawstrings ensure you can wrap up warm in the worst weather. Two external pockets keep your essentials handy and your hands out of the cold.
 
 M&S Collection: easy-to-wear wardrobe staples that combine classic and contemporary styles.",55.00,£,https://www.marksandspencer.com/cotton-rich-fleece-lined-hoodie/p/clp60744215?color=NAVY#intid=pid_pg2pip48g4r5c4%7Cprodflag_New,Navy
T307150M,Supersoft Ribbed Crew Neck Jumper with Wool,M&S Collection,"Stay snug in style with this Supersoft ribbed jumper. Made with a crew neck and a touch of wool for extra warmth. The yarn is enhanced with added stretch for comfort and easy movement. 
 
 M&S Collection: easy-to-wear wardrobe staples that combine classic and contemporary styles.",25.00,£,https://www.marksandspencer.com/supersoft-ribbed-crew-neck-jumper/p/clp60745188?color=MEDIUMBROWN#intid=pid_pg2pip48g4r5c3%7Cprodflag_New,Medium Brown
T307150M,Supersoft Ribbed Crew Neck Jumper with Wool,M&S Collection,"Stay snug in style with this Supersoft ribbed jumper. Made with a crew neck and a touch of wool for extra warmth. The yarn is enhanced with added stretch for comfort and easy movement. 
 
 M&S Collection: easy-to-wear wardrobe staples that combine classic and contemporary styles.",25.00,£,https://www.marksandspencer.com/supersoft-ribbed-crew-neck-jumper/p/clp60745188?color=BLACK#intid=pid_pg2pip48g4r5c2%7Cprodflag_New,Black
T307150M,Supersoft Ribbed Crew Neck Jumper with Wool,M&S Collection,"Stay snug in style with this Supersoft ribbed jumper. Made with a crew neck and a touch of wool for extra warmth. The yarn is enhanced with added stretch for comfort and easy movement. 
 
 M&S Collection: easy-to-wear wardrobe staples that combine classic and contemporary styles.",25.00,£,https://www.marksandspencer.com/supersoft-ribbed-crew-neck-jumper/p/clp60745188?color=SLATEBLUE#intid=pid_pg2pip48g4r5c1%7Cprodflag_New,Slate Blue
T306002A,Milano Stitch Half Zip Jumper,Autograph,"This understated half-zip jumper from our Autograph collection will make a stylish addition to your knitwear collection. The midweight piece is made from a soft and breathable viscose blend, with a textured Milano stitch and ribbing at the hem and cuffs for a premium look and feel. Two side-entry pockets are perfect for warming hands. 
 
 Autograph: premium investment pieces featuring contemporary cuts and refined finishing touches.",49.00,£,https://www.marksandspencer.com/milano-knit-half-zip-jumper/p/clp60744415?color=BLACK#intid=pid_pg2pip48g4r4c4%7Cprodflag_New,Black
T304140A,Pure Cashmere Crew Neck Jumper,Autograph,"Knitted from pure cashmere, this jumper from our Autograph collection will bring a touch of luxury to your winter wardrobe. A crew neckline gives this piece a timeless look. 
 
 Autograph: premium investment pieces featuring contemporary cuts and refined finishing touches.",99.00,£,https://www.marksandspencer.com/pure-cashmere-crew-neck-jumper/p/clp60744571?color=DARKNAVY#intid=pid_pg2pip48g4r4c3%7Cprodflag_New,Dark Navy
T304140A,Pure Cashmere Crew Neck Jumper,Autograph,"Knitted from pure cashmere, this jumper from our Autograph collection will bring a touch of luxury to your winter wardrobe. A crew neckline gives this piece a timeless look. 
 
 Autograph: premium investment pieces featuring contemporary cuts and refined finishing touches.",99.00,£,https://www.marksandspencer.com/pure-cashmere-crew-neck-jumper/p/clp60744571?color=LIGHTNATURAL#intid=pid_pg2pip48g4r4c2%7Cprodflag_New,Light Natural
T304140A,Pure Cashmere Crew Neck Jumper,Autograph,"Knitted from pure cashmere, this jumper from our Autograph collection will bring a touch of luxury to your winter wardrobe. A crew neckline gives this piece a timeless look. 
 
 Autograph: premium investment pieces featuring contemporary cuts and refined finishing touches.",99.00,£,https://www.marksandspencer.com/pure-cashmere-crew-neck-jumper/p/clp60744571?color=GREYMARL#intid=pid_pg2pip48g4r4c1%7Cprodflag_New,Grey Marl
T307150M,Supersoft Ribbed Crew Neck Jumper with Wool,M&S Collection,"Stay snug in style with this Supersoft ribbed jumper. Made with a crew neck and a touch of wool for extra warmth. The yarn is enhanced with added stretch for comfort and easy movement. 
 
 M&S Collection: easy-to-wear wardrobe staples that combine classic and contemporary styles.",25.00,£,https://www.marksandspencer.com/supersoft-ribbed-crew-neck-jumper/p/clp60745188?color=DARKBURGUNDY#intid=pid_pg2pip48g4r3c4%7Cprodflag_New%7Cprodflag_plp_ts_CBS_7,Dark Burgundy
T304140A,Pure Cashmere Crew Neck Jumper,Autograph,"Knitted from pure cashmere, this jumper from our Autograph collection will bring a touch of luxury to your winter wardrobe. A crew neckline gives this piece a timeless look. 
 
 Autograph: premium investment pieces featuring contemporary cuts and refined finishing touches.",99.00,£,https://www.marksandspencer.com/pure-cashmere-crew-neck-jumper/p/clp60744571?color=CAMEL#intid=pid_pg2pip48g4r3c3%7Cprodflag_New,Camel
T282052A,Ottoman Button Through Polo Shirt,Autograph,"A richly textured Ottoman weave and a slender vertical striped design combine to make this polo shirt from our Autograph collection an instant modern fashion piece. Its on-trend revere collar is super-cool and laid-back. Button-through fastening.
 
 Autograph: premium investment pieces featuring contemporary cuts and refined finishing touches.",40.00,£,https://www.marksandspencer.com/ottoman-button-through-polo-shirt/p/clp60740438?color=DARKOLIVE#intid=pid_pg2pip48g4r3c2%7Cprodflag_New,Dark Olive
T588347J,Checked Pyjama Shorts,Cyberjammies,,20.00,£,https://www.marksandspencer.com/checked-pyjama-shorts/p/clp23037733#intid=pid_pg2pip48g4r3c1%7Cprodflag_New,Black Mix
T285010A,Cotton Rich Raglan Hybrid Hooded Jacket,Autograph,"Stay snug and super-stylish in this cotton-rich hooded hybrid jacket from our Autograph collection. It's made in a comfortable regular fit to allow easy layering. The soft and breathable fabric is enriched with added stretch so you enjoy freedom of movement. Secure zip-through fastening and pull-cords ensure you can keep the elements at bay. Understated raglan design. 
 
 Autograph: premium investment pieces featuring contemporary cuts and refined finishing touches.",65.00,£,https://www.marksandspencer.com/cotton-rich-raglan-hybrid-hooded-jacket/p/clp60746153#intid=pid_pg2pip48g4r2c4%7Cprodflag_New,Black
T251397M,Relaxed Fit Cotton Rich Line Embroidery Shirt,M&S Collection,"Abstract line embroidery adds a subtle statement to this cotton-rich shirt. It's made to a comfortable relaxed fit from soft and breathable fabric featuring a touch of linen. A cuban collar lends a laid-back feel, while a button-through fastening completes the look.
M&S Collection: easy-to-wear wardrobe staples that combine classic and contemporary styles.",38.00,£,https://www.marksandspencer.com/relaxed-fit-cotton-rich-line-embroidery-shirt/p/clp60757782#intid=pid_pg2pip48g4r2c3%7Cprodflag_New,Beige Mix
T282194M,Cotton Rich Fleece Lined Hoodie,M&S Collection,"Stay snug in style with this pure cotton hoodie. It's made in a regular fit so you can layer up easily. Fluffy fleece lining. The zip-through fastening and drawstrings ensure you can wrap up warm in the worst weather. Two external pockets keep your essentials handy and your hands out of the cold.
 
 M&S Collection: easy-to-wear wardrobe staples that combine classic and contemporary styles.",55.00,£,https://www.marksandspencer.com/cotton-rich-fleece-lined-hoodie/p/clp60744215?color=BLACK#intid=pid_pg2pip48g4r2c2%7Cprodflag_New,Black
T284038A,Cotton Rich Jacquard Scuba T-Shirt,Autograph,"Cut from subtly textured jacquard fabric, this cotton-rich scuba t-shirt from our Autograph collection brings extra class to a wardrobe staple. It's made to an on-trend oversized fit. Classic crew neck. 
 
 Autograph: premium investment pieces featuring contemporary cuts and refined finishing touches.",30.00,£,https://www.marksandspencer.com/cotton-rich-jacquard-scuba-t-shirt/p/clp60740234#intid=pid_pg2pip48g4r2c1%7Cprodflag_New,White
T284340M,Pique Scuba Joggers,M&S Collection,"Kick back in style with these soft pique scuba joggers. Made in a relaxed fit with added stretch for comfort. Secure tie fastening at the elasticated waist. Classic cuffed legs. 
 
 M&S Collection: easy-to-wear wardrobe staples that combine classic and contemporary styles.",30.00,£,https://www.marksandspencer.com/pique-scuba-joggers/p/clp60744177#intid=pid_pg2pip48g4r1c4%7Cprodflag_New,Navy
T284310M,Cotton Rich Herringbone Overshirt,M&S Collection,"This soft and breathable cotton-rich overshirt is the perfect layering piece for cooler days. It's made in a regular fit. Added stretch gives you extra comfort and easy movement. It has a subtly textured herringbone weave. The collared neck and flap pockets add smart finishing touches. Button-through fastening.
M&S Collection: easy-to-wear wardrobe staples that combine classic and contemporary styles.",40.00,£,https://www.marksandspencer.com/cotton-rich-herringbone-overshirt/p/clp60757874#intid=pid_pg2pip48g4r1c3%7Cprodflag_New,Dark Khaki
T165072M,Faux Suede Chore Jacket,M&S Collection,"Go for a timeless, yet totally modern look with this faux suede chore jacket. It's designed in a regular fit for comfort and easy layering. The lining is smooth and soft. Two patch pockets at the waist and a neat breast pocket keep your essentials handy and your hands warm. This versatile piece fastens with a polished metal zip.
 
 M&S Collection: easy-to-wear wardrobe staples that combine classic and contemporary styles.",70.00,£,https://www.marksandspencer.com/faux-suede-chore-jacket/p/clp60743508#intid=pid_pg2pip48g4r1c2%7Cprodflag_New,Dark Chocolate
T171780F,Loose Fit Denim Jeans,M&S Collection,"Low-slung and laid-back, these jeans are cut to a loose fit from durable rigid denim, so they'll look as unique as you do. Authentic detailing comes in the form of the classic five-pocket design, contrast stitching and metal rivets Traditional button and zip fastening. Made from pure cotton. 
 
 M&S Collection: easy-to-wear wardrobe staples that combine classic and contemporary styles.",38.00,£,https://www.marksandspencer.com/loose-fit-denim-jeans/p/clp60757685?color=INDIGO#intid=pid_pg2pip48g4r1c1%7Cprodflag_New,Indigo
T252595M,Pure Cotton Herringbone Overshirt​,M&S Collection,"With its herringbone weave, this pure cotton overshirt brings a subtle textured look to outfits. It's cut in a regular fit, with a classic collar and button-through front. Two chest pockets create a utility vibe.
M&S Collection: easy-to-wear wardrobe staples that combine classic and contemporary styles.",40.00,£,https://www.marksandspencer.com/pure-cotton-herringbone-overshirt/p/clp60741724?color=NATURAL#intid=pid_pg1pip48g4r2c4%7Cprodflag_New,Natural
T288141M,Seersucker Swim Shorts,M&S Collection,"Make a splash in these stylish swim shorts. Made in a regular fit from textured seersucker fabric with a vertical striped pattern. An elasticated waist with a drawstring fastening ensures they stay securely in place. They're lined for comfort and feature handy side-entry pockets.
M&S Collection: easy-to-wear wardrobe staples that combine classic and contemporary styles.",25.00,£,https://www.marksandspencer.com/seersucker-swim-shorts/p/clp60745230?color=NAVY#intid=pid_pg1pip48g4r1c4%7Cprodflag_New,Navy
T285097M,Pure Cotton Textured Tipped Polo Shirt,M&S Collection,"This textured pure cotton polo shirt is a go-to for effortlessly smart looks. It's cut to a regular fit with a two-button placket and neat collar. A contrasting colour on the collar and cuffs lends a stylish touch.
 
 M&S Collection: easy-to-wear wardrobe staples that combine classic and contemporary styles.",30.00,£,https://www.marksandspencer.com/pure-cotton-textured-tipped-polo-shirt/p/clp60744355?color=NAVY#intid=pid_pg1pip48g4r1c3%7Cprodflag_New,Navy
T175382F,Loose Fit Cotton Linen Blend Elasticated Trousers,M&S Collection,"These linen-blend trousers are perfect for smart-casual summer wear. They're made to a loose fit from a linen-cotton blend that's lightweight and breathable, with added stretch for comfort. An elasticated waist with a drawstring fastening keeps them securely in place. The vertical striped pattern gives them a stylish look.",35.00,£,https://www.marksandspencer.com/loose-fit-linen-blend-elasticated-trousers/p/clp60716477?color=DARKNAVY#intid=pid_pg1pip48g4r1c2%7Cprodflag_New,Dark Navy
T111103S,The Ultimate Slim Fit Pure Cotton Non Iron Textured Shirt,M&S Collection,,40.00,£,https://www.marksandspencer.com/the-ultimate-non-iron-textured-shirt/p/clp60735968?color=WHITE#intid=pid_pg2pip48g4r12c4%7Cprodflag_New%7Cprodflag_plp_ts_QP_46,White
T171780F,Loose Fit Denim Jeans,M&S Collection,"Low-slung and laid-back, these jeans are cut to a loose fit from durable rigid denim, so they'll look as unique as you do. Authentic detailing comes in the form of the classic five-pocket design, contrast stitching and metal rivets Traditional button and zip fastening. Made from pure cotton. 
 
 M&S Collection: easy-to-wear wardrobe staples that combine classic and contemporary styles.",38.00,£,https://www.marksandspencer.com/loose-fit-denim-jeans/p/clp60757685?color=MIDBLUE#intid=pid_pg2pip48g4r12c3%7Cprodflag_New,Mid Blue
T289242P,Two Layer Sports Shorts,Goodmove,,30.00,£,https://www.marksandspencer.com/sports-short-2-layer-5-inch/p/clp60744124?color=SOFTGREEN#intid=pid_pg2pip48g4r12c2%7Cprodflag_New,Soft Green
T289242P,Two Layer Sports Shorts,Goodmove,,30.00,£,https://www.marksandspencer.com/sports-short-2-layer-5-inch/p/clp60744124?color=BLACK#intid=pid_pg2pip48g4r12c1%7Cprodflag_New%7Cprodflag_plp_ts_CBS_2,Black
T252920M,Pure Cotton Shirt,M&S Collection,,32.00,£,https://www.marksandspencer.com/pure-cotton-shirt/p/clp60744615?color=DARKGREY#intid=pid_pg2pip48g4r11c4%7Cprodflag_New,Dark Grey
T117350J,Regular Fit Luxury Pure Cotton Shirt,JAEGER,,79.00,£,https://www.marksandspencer.com/regular-fit-luxury-pure-cotton-shirt/p/clp60735993#intid=pid_pg2pip48g4r11c3%7Cprodflag_New,Soft White
T252920M,Pure Cotton Shirt,M&S Collection,,32.00,£,https://www.marksandspencer.com/pure-cotton-shirt/p/clp60744615?color=INDIGO#intid=pid_pg2pip48g4r11c2%7Cprodflag_New,Indigo
T303029M,Cotton Blend Funnel Neck Zip Up Jumper,M&S Collection,,45.00,£,https://www.marksandspencer.com/cotton-blend-funnel-neck-zip-up-jumper/p/clp60745624?color=DARKKHAKI#intid=pid_pg2pip48g4r11c1%7Cprodflag_New,Dark Khaki
T252605M,Linen Rich Shirt,M&S Collection,,35.00,£,https://www.marksandspencer.com/linen-rich-shirt/p/clp60748543?color=NAVYMIX#intid=pid_pg2pip48g4r10c4%7Cprodflag_New,Navy Mix
T303029M,Cotton Blend Funnel Neck Zip Up Jumper,M&S Collection,,45.00,£,https://www.marksandspencer.com/cotton-blend-funnel-neck-zip-up-jumper/p/clp60745624?color=DARKNAVY#intid=pid_pg2pip48g4r10c3%7Cprodflag_New%7Cprodflag_plp_ts_CBS_6,Dark Navy
T303001A,Pure Extra Fine Merino Wool V-Neck Jumper,Autograph,"This jumper from our Autograph collection is crafted from pure extra fine pure wool for a soft and luxurious feel. The lightweight knit is made with Merino Perform technology, which helps to regulate body temperature while keeping you cool and dry. A v-neckline adds a smart-casual look to the design. 
 
 Autograph: premium investment pieces featuring contemporary cuts and refined finishing touches.",40.00,£,https://www.marksandspencer.com/pure-extra-fine-merino-wool-v-neck-jumper/p/clp60752718?color=BLACK#intid=pid_pg2pip48g4r10c2%7Cprodflag_New,Black
T171857S,Slim Fit Comfort Denim Jean,M&S Collection,,35.00,£,https://www.marksandspencer.com/slim-fit-comfort-denim-jean/p/clp60748741#intid=pid_pg2pip48g4r10c1%7Cprodflag_New,Black Denim
T252664M,Pure Cotton Corduroy Shirt,M&S Collection,,35.00,£,https://www.marksandspencer.com/corduroy-shirt/p/clp60744853?color=ECRU#intid=pid_pg2pip48g4r9c4%7Cprodflag_New,Ecru
T303001A,Pure Extra Fine Merino Wool V-Neck Jumper,Autograph,"This jumper from our Autograph collection is crafted from pure extra fine pure wool for a soft and luxurious feel. The lightweight knit is made with Merino Perform technology, which helps to regulate body temperature while keeping you cool and dry. A v-neckline adds a smart-casual look to the design. 
 
 Autograph: premium investment pieces featuring contemporary cuts and refined finishing touches.",40.00,£,https://www.marksandspencer.com/pure-extra-fine-merino-wool-v-neck-jumper/p/clp60752718?color=CHARCOAL#intid=pid_pg2pip48g4r9c3%7Cprodflag_New,Charcoal
T303001A,Pure Extra Fine Merino Wool V-Neck Jumper,Autograph,"This jumper from our Autograph collection is crafted from pure extra fine pure wool for a soft and luxurious feel. The lightweight knit is made with Merino Perform technology, which helps to regulate body temperature while keeping you cool and dry. A v-neckline adds a smart-casual look to the design. 
 
 Autograph: premium investment pieces featuring contemporary cuts and refined finishing touches.",40.00,£,https://www.marksandspencer.com/pure-extra-fine-merino-wool-v-neck-jumper/p/clp60752718?color=DARKNAVY#intid=pid_pg2pip48g4r9c2%7Cprodflag_New,Dark Navy
T303001A,Pure Extra Fine Merino Wool V-Neck Jumper,Autograph,"This jumper from our Autograph collection is crafted from pure extra fine pure wool for a soft and luxurious feel. The lightweight knit is made with Merino Perform technology, which helps to regulate body temperature while keeping you cool and dry. A v-neckline adds a smart-casual look to the design. 
 
 Autograph: premium investment pieces featuring contemporary cuts and refined finishing touches.",40.00,£,https://www.marksandspencer.com/pure-extra-fine-merino-wool-v-neck-jumper/p/clp60752718?color=TEALGREEN#intid=pid_pg2pip48g4r9c1%7Cprodflag_New%7Cprodflag_plp_ts_QPH_15,Teal Green
T188895,Pure Cotton Textured Crew Neck T-Shirt,Ted Baker,,45.00,£,https://www.marksandspencer.com/pure-cotton-textured-crew-neck-t-shirt/p/clp23027936#intid=pid_pg2pip48g4r8c4%7Cprodflag_New,White
T188875,Silk Rich Polo Shirt,Ted Baker,,99.00,£,https://www.marksandspencer.com/nickk-ss-silk-cotton-polo/p/clp23027977?color=BLUE#intid=pid_pg2pip48g4r8c3%7Cprodflag_New,Blue
T289246P,Sports Core Shorts,M&S Collection,"These shorts are perfect for both active and casual wear. They're made to a regular fit with a comfortable elasticated waist and two handy pockets.
M&S Collection: easy-to-wear wardrobe staples that combine classic and contemporary styles.",15.00,£,https://www.marksandspencer.com/sports-core-shorts/p/clp60744074#intid=pid_pg2pip48g4r8c2%7Cprodflag_New%7Cprodflag_plp_ts_CBS_1,Black
T188866,Straight Fit Cotton Chinos,Ted Baker,,99.00,£,https://www.marksandspencer.com/straight-fit-cotton-chinos/p/clp23027922#intid=pid_pg2pip48g4r8c1%7Cprodflag_New,Beige
T111210S,The Ultimate Slim Fit Non Iron Pure Cotton Shirt,M&S Collection,"With its premium two-fold pure cotton fabric, The Ultimate Shirt is a luxurious addition to your formal wardrobe. It's cut to a sharp slim fit, with a classic collar and single cuffs for a timeless look. Our ultimate non-iron finish means it needs no ironing after washing or tumble drying, while taped seams ensure a durable finish. 
 
 M&S Collection: easy-to-wear wardrobe staples that combine classic and contemporary styles.",40.00,£,https://www.marksandspencer.com/the-ultimate-slim-fit-non-iron-pure-cotton-shirt/p/clp60736025?color=BLUE#intid=pid_pg2pip48g4r7c4%7Cprodflag_New,Blue
T306018A,Mercerised Wool Rich Crew Neck Jumper,Autograph,"This understated jumper is crafted from a blend of mercerised wool for a luxuriously smooth and cosy feel. A crew neck gives it a laid-back look, while the bold dogstooth pattern makes a statement. Autograph: premium investment pieces featuring contemporary cuts and refined finishing touches.",55.00,£,https://www.marksandspencer.com/mercerised-wool-rich-crew-neck-jumper/p/clp60753952#intid=pid_pg2pip48g4r7c3%7Cprodflag_New,Black Mix
T111210S,The Ultimate Slim Fit Non Iron Pure Cotton Shirt,M&S Collection,"With its premium two-fold pure cotton fabric, The Ultimate Shirt is a luxurious addition to your formal wardrobe. It's cut to a sharp slim fit, with a classic collar and single cuffs for a timeless look. Our ultimate non-iron finish means it needs no ironing after washing or tumble drying, while taped seams ensure a durable finish. 
 
 M&S Collection: easy-to-wear wardrobe staples that combine classic and contemporary styles.",40.00,£,https://www.marksandspencer.com/the-ultimate-slim-fit-non-iron-pure-cotton-shirt/p/clp60736025?color=WHITE#intid=pid_pg2pip48g4r7c2%7Cprodflag_New,White
T289262P,Stretch Nylon Longer Length Sport Shorts,Goodmove,"These sports shorts from our Goodmove collection will keep you comfortable during the toughest of training sessions. Made with an elasticated waist for easy wear and a longer length. The stretchy fabric is breathable, quick-drying and moisture-wicking for comfort.",25.00,£,https://www.marksandspencer.com/stretch-nylon-longer-length-sport-shorts/p/clp60743781?color=GREY#intid=pid_pg2pip48g4r7c1%7Cprodflag_New,Grey
T306017A,Milano Knit Half Zip Polo Shirt,Autograph,"This soft and breathable Milano knit polo shirt from our Autograph collection is a stylish choice for smart-casual wear. It's made with long sleeves and a half-zip fastening. A chest pocket adds a practical finishing touch. 
 
 Autograph: premium investment pieces featuring contemporary cuts and refined finishing touches.",49.00,£,https://www.marksandspencer.com/milano-knit-relaxed-half-zip-polo/p/clp60748264#intid=pid_pg2pip48g4r6c4%7Cprodflag_New,Cappuccino
T289262P,Stretch Nylon Longer Length Sport Shorts,Goodmove,"These sports shorts from our Goodmove collection will keep you comfortable during the toughest of training sessions. Made with an elasticated waist for easy wear and a longer length. The stretchy fabric is breathable, quick-drying and moisture-wicking for comfort.",25.00,£,https://www.marksandspencer.com/stretch-nylon-longer-length-sport-shorts/p/clp60743781?color=BLACK#intid=pid_pg2pip48g4r6c3%7Cprodflag_New,Black
T251288M,Regular Fit Abstract Print Short Sleeve Shirt,M&S Collection,"Decorated with a bold abstract print, this breathable cotton-rich shirt is sure to catch the eye at any casual occasion. It's cut to a comfortable regular fit, with short sleeves. The revere collar gives it an effortlessly laid-back look. Secure button-through fastening.
 
 M&S Collection: easy-to-wear wardrobe staples that combine classic and contemporary styles.",35.00,£,https://www.marksandspencer.com/regular-fit-abstract-print-short-sleeve-shirt/p/clp60732410#intid=pid_pg2pip48g4r6c2%7Cprodflag_New,Black Mix
T251442M,Pure Cotton Striped Short Sleeve Shirt,M&S Collection,"With its textured striped fabric, this pure cotton shirt will make a stylish addition to your summer smart-casual edit. It's cut in a comfortable regular fit, with short sleeves for a breezy feel. A Cuban collar adds extra laidback charm.
 
 M&S Collection: easy-to-wear wardrobe staples that combine classic and contemporary styles.",35.00,£,https://www.marksandspencer.com/pure-cotton-striped-short-sleeve-shirt/p/clp60740805#intid=pid_pg2pip48g4r6c1%7Cprodflag_New,Blue Mix
T176010M,Tapered Fit Super Lightweight Chinos,Autograph,"These cotton-rich chinos from our Autograph collection are crafted from a super-lightweight fabric for a wonderfully breathable feel. They're cut to a contemporary tapered fit, with a single pleat at the front for a crisp look. A button and zip fastening ensures easy on-off, while side pockets keep your essentials handy. 
 
 Autograph: premium investment pieces featuring contemporary cuts and refined finishing touches.",45.00,£,https://www.marksandspencer.com/tapered-fit-super-lightweight-chinos/p/clp60746264#intid=pid_pg2pip48g4r5c4%7Cprodflag_New,Dark Navy
T281488M,Pure Cotton Fender T-Shirt,M&S Collection,Fans of rock 'n' roll will love this pure cotton t-shirt featuring iconic Fender® guitars. Made to a comfy regular fit with a crew neck and short sleeves. Graphic of three electric guitars with the Fender® logo across the top. M&S Collection: easy-to-wear wardrobe staples that combine classic and contemporary styles.,20.00,£,https://www.marksandspencer.com/pure-cotton-fender-t-shirt/p/clp60752469#intid=pid_pg2pip48g4r5c3%7Cprodflag_New,Mid Grey Marl
T165029A,Leather Harrington Jacket,Autograph,"This lined leather jacket from Autograph is a luxurious take on the classic Harrington style. It's designed in a regular fit, with a zip-through fastening and a smart collared neck. The grain of the leather gives it a premium look. Two side pockets provide space for your on-the-go essentials. 

Autograph: premium investment pieces featuring contemporary cuts and refined finishing touches.",249.00,£,https://www.marksandspencer.com/leather-harrington-jacket/p/clp60740436#intid=pid_pg2pip48g4r5c2%7Cprodflag_New,Black
T251440M,Regular Fit Cotton Rich Short Sleeve Shirt,M&S Collection,"With its textured stripes, this cotton-rich shirt will make a stylish addition to your smart-casual wardrobe. It's cut to a comfortable regular fit, with a classic collar and cool short sleeves.
M&S Collection: easy-to-wear wardrobe staples that combine classic and contemporary styles.",30.00,£,https://www.marksandspencer.com/regular-fit-cotton-rich-short-sleeve-shirt/p/clp60740854?color=GREENMIX#intid=pid_pg2pip48g4r5c1%7Cprodflag_New,Green Mix
T252595M,Pure Cotton Herringbone Overshirt​,M&S Collection,"With its herringbone weave, this pure cotton overshirt brings a subtle textured look to outfits. It's cut in a regular fit, with a classic collar and button-through front. Two chest pockets create a utility vibe.
M&S Collection: easy-to-wear wardrobe staples that combine classic and contemporary styles.",40.00,£,https://www.marksandspencer.com/pure-cotton-herringbone-overshirt/p/clp60741724?color=CEDAR#intid=pid_pg2pip48g4r4c4%7Cprodflag_New,Cedar
T281497M,Pure Cotton Nirvana® T-Shirt,M&S Collection,Rock a classic grunge look with this pure cotton Nirvana® t-shirt. Made to a comfy regular fit with a crew neck and short sleeves. The graphic features the band's iconic smiley face logo with the band's name across the top. M&S Collection: easy-to-wear wardrobe staples that combine classic and contemporary styles.,20.00,£,https://www.marksandspencer.com/pure-cotton-nirvana-t-shirt/p/clp60752487#intid=pid_pg2pip48g4r4c3%7Cprodflag_New,Black
T165086M,Cotton Rich Hooded Utility Jacket,M&S Collection,"This cotton-rich utility jacket is a versatile layer that blends everyday comfort with practical style. Made to a boxy, relaxed fit, with a secure zip fastening. The adjustable hood helps to protect you from the elements, while two patch pockets on the chest keep your essentials handy.  
M&S Collection: easy-to-wear wardrobe staples that combine classic and contemporary styles.",70.00,£,https://www.marksandspencer.com/cotton-rich-hooded-utility-jacket/p/clp60755910#intid=pid_pg2pip48g4r4c2%7Cprodflag_New,Khaki
T281414M,Cotton Rich Oasis Graphic Hoodie,M&S Collection,"Celebrate your love for the legendary band Oasis with this cotton-rich hoodie. Roomy oversized fit, with cosy long sleeves and a kangaroo pocket. Graphic on the chest features the band's logo in a bold, block design.

M&S Collection: easy-to-wear wardrobe staples that combine classic and contemporary styles.",40.00,£,https://www.marksandspencer.com/cotton-rich-oasis-graphic-hoodie/p/clp60751297#intid=pid_pg2pip48g4r4c1%7Cprodflag_New,Black
T251398M,Cotton Rich Palm Embroidered Shirt,M&S Collection,"This cotton-rich shirt is embroidered all-over with palm-leaf motifs for a dash of pattern. Relaxed fit, with dropped shoulders on the short sleeves for a laid-back look and feel. Complete with a cuban collar to deliver a stylish finish.
M&S Collection: easy-to-wear wardrobe staples that combine classic and contemporary styles.",38.00,£,https://www.marksandspencer.com/cotton-rich-palm-embroidery-shirt/p/clp60757781#intid=pid_pg2pip48g4r3c4%7Cprodflag_New,Navy Mix
T251443M,Cotton Blend Textured Knitted Shirt,M&S Collection,"With its textured knit, this cotton-blend shirt brings a stylish tactile element to your smart-casual wardrobe. It's made to a regular fit with short sleeves and a reverse collar for a laid-back look. Same-colour buttons complete the neat look.
M&S Collection: easy-to-wear wardrobe staples that combine classic and contemporary styles.",35.00,£,https://www.marksandspencer.com/cotton-blend-textured-knitted-shirt/p/clp60740952?color=MOLE#intid=pid_pg2pip48g4r3c3%7Cprodflag_New,Mole
T301770A,Mercerised Cotton Colour Block Knitted Polo Shirt,Autograph,"Fashioned from mercerised pure cotton yarn, this knitted polo shirt from our Autograph collection looks lustrous and feels luxurious. The robust colour block design is ultra-modern. The half-zip fastening at the collared neck makes this eye-catching piece easy to slip on and off.
 
 Autograph: premium investment pieces featuring contemporary cuts and refined finishing touches.",45.00,£,https://www.marksandspencer.com/mercerised-cotton-colour-block-knitted-polo-shirt/p/clp60734165#intid=pid_pg2pip48g4r3c2%7Cprodflag_New,Black Mix
T251443M,Cotton Blend Textured Knitted Shirt,M&S Collection,"With its textured knit, this cotton-blend shirt brings a stylish tactile element to your smart-casual wardrobe. It's made to a regular fit with short sleeves and a reverse collar for a laid-back look. Same-colour buttons complete the neat look.
M&S Collection: easy-to-wear wardrobe staples that combine classic and contemporary styles.",35.00,£,https://www.marksandspencer.com/cotton-blend-textured-knitted-shirt/p/clp60740952?color=SMOKEYGREEN#intid=pid_pg2pip48g4r3c1%7Cprodflag_New,Smokey Green
T252595M,Pure Cotton Herringbone Overshirt​,M&S Collection,"With its herringbone weave, this pure cotton overshirt brings a subtle textured look to outfits. It's cut in a regular fit, with a classic collar and button-through front. Two chest pockets create a utility vibe.
M&S Collection: easy-to-wear wardrobe staples that combine classic and contemporary styles.",40.00,£,https://www.marksandspencer.com/pure-cotton-herringbone-overshirt/p/clp60741724?color=NATURAL#intid=pid_pg2pip48g4r2c4%7Cprodflag_New%7Cprodflag_plp_ts_QP_38,Natural
T285097M,Pure Cotton Textured Tipped Polo Shirt,M&S Collection,"This textured pure cotton polo shirt is a go-to for effortlessly smart looks. It's cut to a regular fit with a two-button placket and neat collar. A contrasting colour on the collar and cuffs lends a stylish touch.
 
 M&S Collection: easy-to-wear wardrobe staples that combine classic and contemporary styles.",30.00,£,https://www.marksandspencer.com/pure-cotton-textured-tipped-polo-shirt/p/clp60744355?color=MUSHROOM#intid=pid_pg2pip48g4r2c3%7Cprodflag_New,Mushroom
T251440M,Regular Fit Cotton Rich Short Sleeve Shirt,M&S Collection,"With its textured stripes, this cotton-rich shirt will make a stylish addition to your smart-casual wardrobe. It's cut to a comfortable regular fit, with a classic collar and cool short sleeves.
M&S Collection: easy-to-wear wardrobe staples that combine classic and contemporary styles.",30.00,£,https://www.marksandspencer.com/regular-fit-cotton-rich-short-sleeve-shirt/p/clp60740854?color=BLUEMIX#intid=pid_pg2pip48g4r2c2%7Cprodflag_New,Blue Mix
T250109M,Regular Fit Pure Linen Striped Shirt,M&S Collection,"Timeless stripes and pure linen fabric make this long-sleeved shirt a summer staple. It's cut to a regular fit for a comfortable feel. A classic collar, button-through fastening and buttoned cuffs add crisp finishing touches.
M&S Collection: easy-to-wear wardrobe staples that combine classic and contemporary styles.",45.00,£,https://www.marksandspencer.com/regular-fit-pure-linen-striped-shirt/p/clp60746716#intid=pid_pg2pip48g4r2c1%7Cprodflag_New,Sage
T288141M,Seersucker Swim Shorts,M&S Collection,"Make a splash in these stylish swim shorts. Made in a regular fit from textured seersucker fabric with a vertical striped pattern. An elasticated waist with a drawstring fastening ensures they stay securely in place. They're lined for comfort and feature handy side-entry pockets.
M&S Collection: easy-to-wear wardrobe staples that combine classic and contemporary styles.",25.00,£,https://www.marksandspencer.com/seersucker-swim-shorts/p/clp60745230?color=NAVY#intid=pid_pg2pip48g4r1c4%7Cprodflag_New%7Cprodflag_plp_ts_QP_36,Navy
T285097M,Pure Cotton Textured Tipped Polo Shirt,M&S Collection,"This textured pure cotton polo shirt is a go-to for effortlessly smart looks. It's cut to a regular fit with a two-button placket and neat collar. A contrasting colour on the collar and cuffs lends a stylish touch.
 
 M&S Collection: easy-to-wear wardrobe staples that combine classic and contemporary styles.",30.00,£,https://www.marksandspencer.com/pure-cotton-textured-tipped-polo-shirt/p/clp60744355?color=NAVY#intid=pid_pg2pip48g4r1c3%7Cprodflag_New%7Cprodflag_plp_ts_QP_25,Navy
T175382F,Loose Fit Cotton Linen Blend Elasticated Trousers,M&S Collection,"These linen-blend trousers are perfect for smart-casual summer wear. They're made to a loose fit from a linen-cotton blend that's lightweight and breathable, with added stretch for comfort. An elasticated waist with a drawstring fastening keeps them securely in place. The vertical striped pattern gives them a stylish look.",35.00,£,https://www.marksandspencer.com/loose-fit-linen-blend-elasticated-trousers/p/clp60716477?color=DARKNAVY#intid=pid_pg2pip48g4r1c2%7Cprodflag_New%7Cprodflag_plp_ts_QP_100+,Dark Navy
T165076M,4 Pocket Hooded Field Jacket,M&S Collection,"This utility field jacket is perfect for layering up in style. It's lined for comfort and features a secure zip fastening. Four outer pockets with popper fastenings keep your essentials handy. A hood provides protection from the elements.
M&S Collection: easy-to-wear wardrobe staples that combine classic and contemporary styles.",65.00,£,https://www.marksandspencer.com/4-pocket-hooded-field-jacket/p/clp60743660#intid=pid_pg2pip48g4r1c1%7Cprodflag_New,Light Putty
T111103S,The Ultimate Slim Fit Pure Cotton Non Iron Textured Shirt,M&S Collection,,40.00,£,https://www.marksandspencer.com/the-ultimate-non-iron-textured-shirt/p/clp60735968?color=WHITE#intid=pid_pg1pip48g4r12c4%7Cprodflag_New%7Cprodflag_plp_ts_QP_46,White
T171780F,Loose Fit Denim Jeans,M&S Collection,"Low-slung and laid-back, these jeans are cut to a loose fit from durable rigid denim, so they'll look as unique as you do. Authentic detailing comes in the form of the classic five-pocket design, contrast stitching and metal rivets Traditional button and zip fastening. Made from pure cotton. 
 
 M&S Collection: easy-to-wear wardrobe staples that combine classic and contemporary styles.",38.00,£,https://www.marksandspencer.com/loose-fit-denim-jeans/p/clp60757685?color=MIDBLUE#intid=pid_pg1pip48g4r12c3%7Cprodflag_New,Mid Blue
T289242P,Two Layer Sports Shorts,Goodmove,,30.00,£,https://www.marksandspencer.com/sports-short-2-layer-5-inch/p/clp60744124?color=SOFTGREEN#intid=pid_pg1pip48g4r12c2%7Cprodflag_New,Soft Green
T289242P,Two Layer Sports Shorts,Goodmove,,30.00,£,https://www.marksandspencer.com/sports-short-2-layer-5-inch/p/clp60744124?color=BLACK#intid=pid_pg1pip48g4r12c1%7Cprodflag_New%7Cprodflag_plp_ts_CBS_2,Black
T252920M,Pure Cotton Shirt,M&S Collection,,32.00,£,https://www.marksandspencer.com/pure-cotton-shirt/p/clp60744615?color=DARKGREY#intid=pid_pg1pip48g4r11c4%7Cprodflag_New,Dark Grey
T117350J,Regular Fit Luxury Pure Cotton Shirt,JAEGER,,79.00,£,https://www.marksandspencer.com/regular-fit-luxury-pure-cotton-shirt/p/clp60735993#intid=pid_pg1pip48g4r11c3%7Cprodflag_New,Soft White
T252920M,Pure Cotton Shirt,M&S Collection,,32.00,£,https://www.marksandspencer.com/pure-cotton-shirt/p/clp60744615?color=INDIGO#intid=pid_pg1pip48g4r11c2%7Cprodflag_New,Indigo
T303029M,Cotton Blend Funnel Neck Zip Up Jumper,M&S Collection,,45.00,£,https://www.marksandspencer.com/cotton-blend-funnel-neck-zip-up-jumper/p/clp60745624?color=DARKKHAKI#intid=pid_pg1pip48g4r11c1%7Cprodflag_New,Dark Khaki
T252605M,Linen Rich Shirt,M&S Collection,,35.00,£,https://www.marksandspencer.com/linen-rich-shirt/p/clp60748543?color=NAVYMIX#intid=pid_pg1pip48g4r10c4%7Cprodflag_New,Navy Mix
T303029M,Cotton Blend Funnel Neck Zip Up Jumper,M&S Collection,,45.00,£,https://www.marksandspencer.com/cotton-blend-funnel-neck-zip-up-jumper/p/clp60745624?color=DARKNAVY#intid=pid_pg1pip48g4r10c3%7Cprodflag_New%7Cprodflag_plp_ts_CBS_6,Dark Navy
T303001A,Pure Extra Fine Merino Wool V-Neck Jumper,Autograph,"This jumper from our Autograph collection is crafted from pure extra fine pure wool for a soft and luxurious feel. The lightweight knit is made with Merino Perform technology, which helps to regulate body temperature while keeping you cool and dry. A v-neckline adds a smart-casual look to the design. 
 
 Autograph: premium investment pieces featuring contemporary cuts and refined finishing touches.",40.00,£,https://www.marksandspencer.com/pure-extra-fine-merino-wool-v-neck-jumper/p/clp60752718?color=BLACK#intid=pid_pg1pip48g4r10c2%7Cprodflag_New,Black
T171857S,Slim Fit Comfort Denim Jean,M&S Collection,,35.00,£,https://www.marksandspencer.com/slim-fit-comfort-denim-jean/p/clp60748741#intid=pid_pg1pip48g4r10c1%7Cprodflag_New,Black Denim
T252664M,Pure Cotton Corduroy Shirt,M&S Collection,,35.00,£,https://www.marksandspencer.com/corduroy-shirt/p/clp60744853?color=ECRU#intid=pid_pg1pip48g4r9c4%7Cprodflag_New,Ecru
T303001A,Pure Extra Fine Merino Wool V-Neck Jumper,Autograph,"This jumper from our Autograph collection is crafted from pure extra fine pure wool for a soft and luxurious feel. The lightweight knit is made with Merino Perform technology, which helps to regulate body temperature while keeping you cool and dry. A v-neckline adds a smart-casual look to the design. 
 
 Autograph: premium investment pieces featuring contemporary cuts and refined finishing touches.",40.00,£,https://www.marksandspencer.com/pure-extra-fine-merino-wool-v-neck-jumper/p/clp60752718?color=CHARCOAL#intid=pid_pg1pip48g4r9c3%7Cprodflag_New,Charcoal
T303001A,Pure Extra Fine Merino Wool V-Neck Jumper,Autograph,"This jumper from our Autograph collection is crafted from pure extra fine pure wool for a soft and luxurious feel. The lightweight knit is made with Merino Perform technology, which helps to regulate body temperature while keeping you cool and dry. A v-neckline adds a smart-casual look to the design. 
 
 Autograph: premium investment pieces featuring contemporary cuts and refined finishing touches.",40.00,£,https://www.marksandspencer.com/pure-extra-fine-merino-wool-v-neck-jumper/p/clp60752718?color=DARKNAVY#intid=pid_pg1pip48g4r9c2%7Cprodflag_New,Dark Navy
T303001A,Pure Extra Fine Merino Wool V-Neck Jumper,Autograph,"This jumper from our Autograph collection is crafted from pure extra fine pure wool for a soft and luxurious feel. The lightweight knit is made with Merino Perform technology, which helps to regulate body temperature while keeping you cool and dry. A v-neckline adds a smart-casual look to the design. 
 
 Autograph: premium investment pieces featuring contemporary cuts and refined finishing touches.",40.00,£,https://www.marksandspencer.com/pure-extra-fine-merino-wool-v-neck-jumper/p/clp60752718?color=TEALGREEN#intid=pid_pg1pip48g4r9c1%7Cprodflag_New%7Cprodflag_plp_ts_QPH_15,Teal Green
T188895,Pure Cotton Textured Crew Neck T-Shirt,Ted Baker,,45.00,£,https://www.marksandspencer.com/pure-cotton-textured-crew-neck-t-shirt/p/clp23027936#intid=pid_pg1pip48g4r8c4%7Cprodflag_New,White
T188875,Silk Rich Polo Shirt,Ted Baker,,99.00,£,https://www.marksandspencer.com/nickk-ss-silk-cotton-polo/p/clp23027977?color=BLUE#intid=pid_pg1pip48g4r8c3%7Cprodflag_New,Blue
T289246P,Sports Core Shorts,M&S Collection,"These shorts are perfect for both active and casual wear. They're made to a regular fit with a comfortable elasticated waist and two handy pockets.
M&S Collection: easy-to-wear wardrobe staples that combine classic and contemporary styles.",15.00,£,https://www.marksandspencer.com/sports-core-shorts/p/clp60744074#intid=pid_pg1pip48g4r8c2%7Cprodflag_New%7Cprodflag_plp_ts_CBS_1,Black
T188866,Straight Fit Cotton Chinos,Ted Baker,,99.00,£,https://www.marksandspencer.com/straight-fit-cotton-chinos/p/clp23027922#intid=pid_pg1pip48g4r8c1%7Cprodflag_New,Beige
T111210S,The Ultimate Slim Fit Non Iron Pure Cotton Shirt,M&S Collection,"With its premium two-fold pure cotton fabric, The Ultimate Shirt is a luxurious addition to your formal wardrobe. It's cut to a sharp slim fit, with a classic collar and single cuffs for a timeless look. Our ultimate non-iron finish means it needs no ironing after washing or tumble drying, while taped seams ensure a durable finish. 
 
 M&S Collection: easy-to-wear wardrobe staples that combine classic and contemporary styles.",40.00,£,https://www.marksandspencer.com/the-ultimate-slim-fit-non-iron-pure-cotton-shirt/p/clp60736025?color=BLUE#intid=pid_pg1pip48g4r7c4%7Cprodflag_New,Blue
T306018A,Mercerised Wool Rich Crew Neck Jumper,Autograph,"This understated jumper is crafted from a blend of mercerised wool for a luxuriously smooth and cosy feel. A crew neck gives it a laid-back look, while the bold dogstooth pattern makes a statement. Autograph: premium investment pieces featuring contemporary cuts and refined finishing touches.",55.00,£,https://www.marksandspencer.com/mercerised-wool-rich-crew-neck-jumper/p/clp60753952#intid=pid_pg1pip48g4r7c3%7Cprodflag_New,Black Mix
T111210S,The Ultimate Slim Fit Non Iron Pure Cotton Shirt,M&S Collection,"With its premium two-fold pure cotton fabric, The Ultimate Shirt is a luxurious addition to your formal wardrobe. It's cut to a sharp slim fit, with a classic collar and single cuffs for a timeless look. Our ultimate non-iron finish means it needs no ironing after washing or tumble drying, while taped seams ensure a durable finish. 
 
 M&S Collection: easy-to-wear wardrobe staples that combine classic and contemporary styles.",40.00,£,https://www.marksandspencer.com/the-ultimate-slim-fit-non-iron-pure-cotton-shirt/p/clp60736025?color=WHITE#intid=pid_pg1pip48g4r7c2%7Cprodflag_New,White
T289262P,Stretch Nylon Longer Length Sport Shorts,Goodmove,"These sports shorts from our Goodmove collection will keep you comfortable during the toughest of training sessions. Made with an elasticated waist for easy wear and a longer length. The stretchy fabric is breathable, quick-drying and moisture-wicking for comfort.",25.00,£,https://www.marksandspencer.com/stretch-nylon-longer-length-sport-shorts/p/clp60743781?color=GREY#intid=pid_pg1pip48g4r7c1%7Cprodflag_New,Grey
T306017A,Milano Knit Half Zip Polo Shirt,Autograph,"This soft and breathable Milano knit polo shirt from our Autograph collection is a stylish choice for smart-casual wear. It's made with long sleeves and a half-zip fastening. A chest pocket adds a practical finishing touch. 
 
 Autograph: premium investment pieces featuring contemporary cuts and refined finishing touches.",49.00,£,https://www.marksandspencer.com/milano-knit-relaxed-half-zip-polo/p/clp60748264#intid=pid_pg1pip48g4r6c4%7Cprodflag_New,Cappuccino
T289262P,Stretch Nylon Longer Length Sport Shorts,Goodmove,"These sports shorts from our Goodmove collection will keep you comfortable during the toughest of training sessions. Made with an elasticated waist for easy wear and a longer length. The stretchy fabric is breathable, quick-drying and moisture-wicking for comfort.",25.00,£,https://www.marksandspencer.com/stretch-nylon-longer-length-sport-shorts/p/clp60743781?color=BLACK#intid=pid_pg1pip48g4r6c3%7Cprodflag_New,Black
T251288M,Regular Fit Abstract Print Short Sleeve Shirt,M&S Collection,"Decorated with a bold abstract print, this breathable cotton-rich shirt is sure to catch the eye at any casual occasion. It's cut to a comfortable regular fit, with short sleeves. The revere collar gives it an effortlessly laid-back look. Secure button-through fastening.
 
 M&S Collection: easy-to-wear wardrobe staples that combine classic and contemporary styles.",35.00,£,https://www.marksandspencer.com/regular-fit-abstract-print-short-sleeve-shirt/p/clp60732410#intid=pid_pg1pip48g4r6c2%7Cprodflag_New,Black Mix
T251442M,Pure Cotton Striped Short Sleeve Shirt,M&S Collection,"With its textured striped fabric, this pure cotton shirt will make a stylish addition to your summer smart-casual edit. It's cut in a comfortable regular fit, with short sleeves for a breezy feel. A Cuban collar adds extra laidback charm.
 
 M&S Collection: easy-to-wear wardrobe staples that combine classic and contemporary styles.",35.00,£,https://www.marksandspencer.com/pure-cotton-striped-short-sleeve-shirt/p/clp60740805#intid=pid_pg1pip48g4r6c1%7Cprodflag_New,Blue Mix
T176010M,Tapered Fit Super Lightweight Chinos,Autograph,"These cotton-rich chinos from our Autograph collection are crafted from a super-lightweight fabric for a wonderfully breathable feel. They're cut to a contemporary tapered fit, with a single pleat at the front for a crisp look. A button and zip fastening ensures easy on-off, while side pockets keep your essentials handy. 
 
 Autograph: premium investment pieces featuring contemporary cuts and refined finishing touches.",45.00,£,https://www.marksandspencer.com/tapered-fit-super-lightweight-chinos/p/clp60746264#intid=pid_pg1pip48g4r5c4%7Cprodflag_New,Dark Navy
T281488M,Pure Cotton Fender T-Shirt,M&S Collection,Fans of rock 'n' roll will love this pure cotton t-shirt featuring iconic Fender® guitars. Made to a comfy regular fit with a crew neck and short sleeves. Graphic of three electric guitars with the Fender® logo across the top. M&S Collection: easy-to-wear wardrobe staples that combine classic and contemporary styles.,20.00,£,https://www.marksandspencer.com/pure-cotton-fender-t-shirt/p/clp60752469#intid=pid_pg1pip48g4r5c3%7Cprodflag_New,Mid Grey Marl
T165029A,Leather Harrington Jacket,Autograph,"This lined leather jacket from Autograph is a luxurious take on the classic Harrington style. It's designed in a regular fit, with a zip-through fastening and a smart collared neck. The grain of the leather gives it a premium look. Two side pockets provide space for your on-the-go essentials. 

Autograph: premium investment pieces featuring contemporary cuts and refined finishing touches.",249.00,£,https://www.marksandspencer.com/leather-harrington-jacket/p/clp60740436#intid=pid_pg1pip48g4r5c2%7Cprodflag_New,Black
T251440M,Regular Fit Cotton Rich Short Sleeve Shirt,M&S Collection,"With its textured stripes, this cotton-rich shirt will make a stylish addition to your smart-casual wardrobe. It's cut to a comfortable regular fit, with a classic collar and cool short sleeves.
M&S Collection: easy-to-wear wardrobe staples that combine classic and contemporary styles.",30.00,£,https://www.marksandspencer.com/regular-fit-cotton-rich-short-sleeve-shirt/p/clp60740854?color=GREENMIX#intid=pid_pg1pip48g4r5c1%7Cprodflag_New,Green Mix
T252595M,Pure Cotton Herringbone Overshirt​,M&S Collection,"With its herringbone weave, this pure cotton overshirt brings a subtle textured look to outfits. It's cut in a regular fit, with a classic collar and button-through front. Two chest pockets create a utility vibe.
M&S Collection: easy-to-wear wardrobe staples that combine classic and contemporary styles.",40.00,£,https://www.marksandspencer.com/pure-cotton-herringbone-overshirt/p/clp60741724?color=CEDAR#intid=pid_pg1pip48g4r4c4%7Cprodflag_New,Cedar
T281497M,Pure Cotton Nirvana® T-Shirt,M&S Collection,Rock a classic grunge look with this pure cotton Nirvana® t-shirt. Made to a comfy regular fit with a crew neck and short sleeves. The graphic features the band's iconic smiley face logo with the band's name across the top. M&S Collection: easy-to-wear wardrobe staples that combine classic and contemporary styles.,20.00,£,https://www.marksandspencer.com/pure-cotton-nirvana-t-shirt/p/clp60752487#intid=pid_pg1pip48g4r4c3%7Cprodflag_New,Black
T165086M,Cotton Rich Hooded Utility Jacket,M&S Collection,"This cotton-rich utility jacket is a versatile layer that blends everyday comfort with practical style. Made to a boxy, relaxed fit, with a secure zip fastening. The adjustable hood helps to protect you from the elements, while two patch pockets on the chest keep your essentials handy.  
M&S Collection: easy-to-wear wardrobe staples that combine classic and contemporary styles.",70.00,£,https://www.marksandspencer.com/cotton-rich-hooded-utility-jacket/p/clp60755910#intid=pid_pg1pip48g4r4c2%7Cprodflag_New,Khaki
T281414M,Cotton Rich Oasis Graphic Hoodie,M&S Collection,"Celebrate your love for the legendary band Oasis with this cotton-rich hoodie. Roomy oversized fit, with cosy long sleeves and a kangaroo pocket. Graphic on the chest features the band's logo in a bold, block design.

M&S Collection: easy-to-wear wardrobe staples that combine classic and contemporary styles.",40.00,£,https://www.marksandspencer.com/cotton-rich-oasis-graphic-hoodie/p/clp60751297#intid=pid_pg1pip48g4r4c1%7Cprodflag_New,Black
T251398M,Cotton Rich Palm Embroidered Shirt,M&S Collection,"This cotton-rich shirt is embroidered all-over with palm-leaf motifs for a dash of pattern. Relaxed fit, with dropped shoulders on the short sleeves for a laid-back look and feel. Complete with a cuban collar to deliver a stylish finish.
M&S Collection: easy-to-wear wardrobe staples that combine classic and contemporary styles.",38.00,£,https://www.marksandspencer.com/cotton-rich-palm-embroidery-shirt/p/clp60757781#intid=pid_pg1pip48g4r3c4%7Cprodflag_New,Navy Mix
T251443M,Cotton Blend Textured Knitted Shirt,M&S Collection,"With its textured knit, this cotton-blend shirt brings a stylish tactile element to your smart-casual wardrobe. It's made to a regular fit with short sleeves and a reverse collar for a laid-back look. Same-colour buttons complete the neat look.
M&S Collection: easy-to-wear wardrobe staples that combine classic and contemporary styles.",35.00,£,https://www.marksandspencer.com/cotton-blend-textured-knitted-shirt/p/clp60740952?color=MOLE#intid=pid_pg1pip48g4r3c3%7Cprodflag_New,Mole
T301770A,Mercerised Cotton Colour Block Knitted Polo Shirt,Autograph,"Fashioned from mercerised pure cotton yarn, this knitted polo shirt from our Autograph collection looks lustrous and feels luxurious. The robust colour block design is ultra-modern. The half-zip fastening at the collared neck makes this eye-catching piece easy to slip on and off.
 
 Autograph: premium investment pieces featuring contemporary cuts and refined finishing touches.",45.00,£,https://www.marksandspencer.com/mercerised-cotton-colour-block-knitted-polo-shirt/p/clp60734165#intid=pid_pg1pip48g4r3c2%7Cprodflag_New,Black Mix
T251443M,Cotton Blend Textured Knitted Shirt,M&S Collection,"With its textured knit, this cotton-blend shirt brings a stylish tactile element to your smart-casual wardrobe. It's made to a regular fit with short sleeves and a reverse collar for a laid-back look. Same-colour buttons complete the neat look.
M&S Collection: easy-to-wear wardrobe staples that combine classic and contemporary styles.",35.00,£,https://www.marksandspencer.com/cotton-blend-textured-knitted-shirt/p/clp60740952?color=SMOKEYGREEN#intid=pid_pg1pip48g4r3c1%7Cprodflag_New,Smokey Green
T252595M,Pure Cotton Herringbone Overshirt​,M&S Collection,"With its herringbone weave, this pure cotton overshirt brings a subtle textured look to outfits. It's cut in a regular fit, with a classic collar and button-through front. Two chest pockets create a utility vibe.
M&S Collection: easy-to-wear wardrobe staples that combine classic and contemporary styles.",40.00,£,https://www.marksandspencer.com/pure-cotton-herringbone-overshirt/p/clp60741724?color=NATURAL#intid=pid_pg1pip48g4r2c4%7Cprodflag_New%7Cprodflag_plp_ts_QP_38,Natural
T285097M,Pure Cotton Textured Tipped Polo Shirt,M&S Collection,"This textured pure cotton polo shirt is a go-to for effortlessly smart looks. It's cut to a regular fit with a two-button placket and neat collar. A contrasting colour on the collar and cuffs lends a stylish touch.
 
 M&S Collection: easy-to-wear wardrobe staples that combine classic and contemporary styles.",30.00,£,https://www.marksandspencer.com/pure-cotton-textured-tipped-polo-shirt/p/clp60744355?color=MUSHROOM#intid=pid_pg1pip48g4r2c3%7Cprodflag_New,Mushroom
T251440M,Regular Fit Cotton Rich Short Sleeve Shirt,M&S Collection,"With its textured stripes, this cotton-rich shirt will make a stylish addition to your smart-casual wardrobe. It's cut to a comfortable regular fit, with a classic collar and cool short sleeves.
M&S Collection: easy-to-wear wardrobe staples that combine classic and contemporary styles.",30.00,£,https://www.marksandspencer.com/regular-fit-cotton-rich-short-sleeve-shirt/p/clp60740854?color=BLUEMIX#intid=pid_pg1pip48g4r2c2%7Cprodflag_New,Blue Mix
T250109M,Regular Fit Pure Linen Striped Shirt,M&S Collection,"Timeless stripes and pure linen fabric make this long-sleeved shirt a summer staple. It's cut to a regular fit for a comfortable feel. A classic collar, button-through fastening and buttoned cuffs add crisp finishing touches.
M&S Collection: easy-to-wear wardrobe staples that combine classic and contemporary styles.",45.00,£,https://www.marksandspencer.com/regular-fit-pure-linen-striped-shirt/p/clp60746716#intid=pid_pg1pip48g4r2c1%7Cprodflag_New,Sage
T288141M,Seersucker Swim Shorts,M&S Collection,"Make a splash in these stylish swim shorts. Made in a regular fit from textured seersucker fabric with a vertical striped pattern. An elasticated waist with a drawstring fastening ensures they stay securely in place. They're lined for comfort and feature handy side-entry pockets.
M&S Collection: easy-to-wear wardrobe staples that combine classic and contemporary styles.",25.00,£,https://www.marksandspencer.com/seersucker-swim-shorts/p/clp60745230?color=NAVY#intid=pid_pg1pip48g4r1c4%7Cprodflag_New%7Cprodflag_plp_ts_QP_36,Navy
T285097M,Pure Cotton Textured Tipped Polo Shirt,M&S Collection,"This textured pure cotton polo shirt is a go-to for effortlessly smart looks. It's cut to a regular fit with a two-button placket and neat collar. A contrasting colour on the collar and cuffs lends a stylish touch.
 
 M&S Collection: easy-to-wear wardrobe staples that combine classic and contemporary styles.",30.00,£,https://www.marksandspencer.com/pure-cotton-textured-tipped-polo-shirt/p/clp60744355?color=NAVY#intid=pid_pg1pip48g4r1c3%7Cprodflag_New%7Cprodflag_plp_ts_QP_25,Navy
T175382F,Loose Fit Cotton Linen Blend Elasticated Trousers,M&S Collection,"These linen-blend trousers are perfect for smart-casual summer wear. They're made to a loose fit from a linen-cotton blend that's lightweight and breathable, with added stretch for comfort. An elasticated waist with a drawstring fastening keeps them securely in place. The vertical striped pattern gives them a stylish look.",35.00,£,https://www.marksandspencer.com/loose-fit-linen-blend-elasticated-trousers/p/clp60716477?color=DARKNAVY#intid=pid_pg1pip48g4r1c2%7Cprodflag_New%7Cprodflag_plp_ts_QP_100+,Dark Navy
T165076M,4 Pocket Hooded Field Jacket,M&S Collection,"This utility field jacket is perfect for layering up in style. It's lined for comfort and features a secure zip fastening. Four outer pockets with popper fastenings keep your essentials handy. A hood provides protection from the elements.
M&S Collection: easy-to-wear wardrobe staples that combine classic and contemporary styles.",65.00,£,https://www.marksandspencer.com/4-pocket-hooded-field-jacket/p/clp60743660#intid=pid_pg1pip48g4r1c1%7Cprodflag_New,Light Putty
