Product_name,Regular_price,Currency,Grammage_quantity,Grammage_unit,Ingredients,Pdp_url,Storage_instructions,Country_of_origin,Nutritions,Image_url,Breadcrumbs
Hoogvliet Bananen,1.49,Euro,1,tros,,https://www.hoogvliet.com/product/hoogvliet-bananen,,,{},https://cdn.hoogvliet.com/Images/Product/XL/671474000.jpg,"['Home', 'Aardappelen, groente, fruit', 'Fruit', 'Bananen', 'Bananen']"
Hoogvliet Komkommer,0.79,Euro,1,stuk,Klasse 1 (11) land van herkomst: Nederland,https://www.hoogvliet.com/product/hoogvliet-komkommer1,"Bewaarvoorschriften: 
Koel en droog bewaren. ",Nederland,"{'Energie': '13 Kilocalorie', 'Totale vetten': '0.4 Gram', 'Vetzuren, totaal verzadigd': '0 Gram', 'Vetzuren, enkelvoudig onverzadigd': '0.1 Gram', 'Vetzuren, meervoudig onverzadigd': '0.3 Gram', 'Transvetzuren': '0 Gram', 'Koolhydraten': '1.3 Gram', 'Suikers, totaal': '1.3 Gram', 'suiker, toegevoegd': '0 Gram', 'Polyolen, totaal': '0 Gram', 'Zetmeel': '0 Gram', 'Voedingsvezels': '0.6 Gram', 'Eiwitten': '0.7 Gram', 'natrium': '0.002 Gram', 'Zout': '0.005 Gram'}",https://cdn.hoogvliet.com/Images/Product/XL/064786000.jpg,"['Home', 'Aardappelen, groente, fruit', 'Groente', 'Komkommer, avocado', 'Komkommer']"
Bananen,1.49,Euro,1,tros,Klasse 1 (8)land van herkomst: Columbia,https://www.hoogvliet.com/product/bananen,Bewaarvoorschriften:rond 12 graden,Columbia,"{'Energie': '92 Kilocalorie', 'Totale vetten': '0.3 Gram', 'Vetzuren, totaal verzadigd': '0.1 Gram', 'Vetzuren, enkelvoudig onverzadigd': '0 Gram', 'Vetzuren, meervoudig onverzadigd': '0.1 Gram', 'Transvetzuren': '0 Gram', 'Koolhydraten': '20 Gram', 'Suikers, totaal': '15.5 Gram', 'suiker, toegevoegd': '0 Gram', 'Polyolen, totaal': '0.1 Gram', 'Zetmeel': '4.5 Gram', 'Voedingsvezels': '1.9 Gram', 'Eiwitten': '1.1 Gram', 'natrium': '0 Gram', 'Zout': '0 Gram'}",https://cdn.hoogvliet.com/Images/Product/XL/016346000.jpg,"['Home', 'Feestweken', 'Ontbijt, lunch, brunch', 'Fruit', 'Bananen']"
Hoogvliet Trostomaten,0.99,Euro,500,gram,Klasse 1 (11) land van herkomst: Nederland,https://www.hoogvliet.com/product/hoogvliet-trostomaten1,"Bewaarvoorschriften: 
Droog en donker bewaren. ",Nederland,"{'Energie': '22 Kilocalorie', 'Totale vetten': '0.5 Gram', 'Vetzuren, totaal verzadigd': '0.1 Gram', 'Vetzuren, enkelvoudig onverzadigd': '0.1 Gram', 'Vetzuren, meervoudig onverzadigd': '0.3 Gram', 'Transvetzuren': '0 Gram', 'Koolhydraten': '3 Gram', 'Suikers, totaal': '2.8 Gram', 'suiker, toegevoegd': '0 Gram', 'Polyolen, totaal': '0 Gram', 'Zetmeel': '0 Gram', 'Voedingsvezels': '1.2 Gram', 'Eiwitten': '0.7 Gram', 'natrium': '0.001 Gram', 'Zout': '0.003 Gram'}",https://cdn.hoogvliet.com/Images/Product/XL/220361000.jpg,"['Home', 'Aardappelen, groente, fruit', 'Groente', 'Tomaat, paprika', 'Trostomaten']"
Hoogvliet Hollandse Kersen 400 gram,4.49,Euro,400,gram,Klasse 1 ---- land van herkomst: Nederland,https://www.hoogvliet.com/product/hoogvliet-hollandse-kersen-400-gram,,Nederland,"{'Energie': '54 Kilocalorie (internationale tabel)', 'Vetzuren, totaal verzadigd': '0 Gram', 'Totale vetten': '0 Gram', 'Koolhydraten': '11.5 Gram', 'Suikers, totaal, expressie onbekend': '11.5 Gram', 'Voedingsvezels': '0.9 Gram', 'Eiwitten': '0.9 Gram', 'Zout': '0.1 Gram'}",https://cdn.hoogvliet.com/Images/Product/XL/041786000.jpg,"['Home', 'Aardappelen, groente, fruit', 'Fruit', 'Rood fruit, druiven', 'Hollandse Kersen 400 gram']"
Hoogvliet Pitloze rode druiven,2.49,Euro,500,gram,Klasse 1 .... Land van herkomst: Egypte,https://www.hoogvliet.com/product/hoogvliet-pitloze-rode-druiven,"Bewaarvoorschriften: 
Na aankoop gekoeld bewaren (max. 7°C). ",Egypte,"{'Energie': '78 Kilocalorie', 'Totale vetten': '0.2 Gram', 'Vetzuren, totaal verzadigd': '0.1 Gram', 'Vetzuren, enkelvoudig onverzadigd': '0 Gram', 'Vetzuren, meervoudig onverzadigd': '0.1 Gram', 'Transvetzuren': '0 Gram', 'Koolhydraten': '16.8 Gram', 'Suikers, totaal': '16.2 Gram', 'suiker, toegevoegd': '0 Gram', 'Polyolen, totaal': '0 Gram', 'Zetmeel': '0 Gram', 'Voedingsvezels': '1.8 Gram', 'Eiwitten': '0.6 Gram', 'natrium': '0.003 Gram', 'Zout': '0.008 Gram'}",https://cdn.hoogvliet.com/Images/Product/XL/001427000.jpg,"['Home', 'Aardappelen, groente, fruit', 'Fruit', 'Rood fruit, druiven', 'Pitloze rode druiven']"
Hoogvliet Hollandse rode paprika,0.69,Euro,1,stuk,Klasse 1 ---- land van herkomst: nederland,https://www.hoogvliet.com/product/hoogvliet-hollandse-rode-paprika,"Bewaarvoorschriften: 
Koel, droog en donker bewaren. ",Nederland,"{'Energie': '25 Kilocalorie', 'Totale vetten': '0.1 Gram', 'Vetzuren, totaal verzadigd': '0 Gram', 'Vetzuren, enkelvoudig onverzadigd': '0 Gram', 'Vetzuren, meervoudig onverzadigd': '0.1 Gram', 'Transvetzuren': '0 Gram', 'Koolhydraten': '4.3 Gram', 'Suikers, totaal': '4.3 Gram', 'suiker, toegevoegd': '0 Gram', 'Polyolen, totaal': '0 Gram', 'Zetmeel': '0 Gram', 'Voedingsvezels': '1.8 Gram', 'Eiwitten': '0.8 Gram', 'natrium': '0.001 Gram', 'Zout': '0.003 Gram'}",https://cdn.hoogvliet.com/Images/Product/XL/075080000.jpg,"['Home', 'Aardappelen, groente, fruit', 'Groente', 'Tomaat, paprika', 'Hollandse rode paprika']"
Hoogvliet Courgette,0.69,Euro,1,stuk,Klasse 1 (10) Land van herkomst: Nederland,https://www.hoogvliet.com/product/hoogvliet-courgette,"Bewaarvoorschriften: 
Store in a cool, dry and dark place. ",Nederland,"{'Energie': '18 Kilocalorie', 'Totale vetten': '0.2 Gram', 'Vetzuren, totaal verzadigd': '0.1 Gram', 'Vetzuren, enkelvoudig onverzadigd': '0 Gram', 'Vetzuren, meervoudig onverzadigd': '0.1 Gram', 'Transvetzuren': '0 Gram', 'Zout': '0.003 Gram', 'natrium': '0.001 Gram', 'Eiwitten': '1.3 Gram', 'Voedingsvezels': '0.9 Gram', 'Zetmeel': '0 Gram', 'Polyolen, totaal': '0 Gram', 'suiker, toegevoegd': '0 Gram', 'Suikers, totaal': '2.3 Gram', 'Koolhydraten': '2.3 Gram'}",https://cdn.hoogvliet.com/Images/Product/XL/002499000.jpg,"['Home', 'Alles voor de barbecue', 'Groente, fruit en aardappel', 'Groente en fruit', 'Courgette']"
Hoogvliet Broccoli,1.04,Euro,500,gram,klasse 1 (11) Land van herkomst: Nederland,https://www.hoogvliet.com/product/hoogvliet-broccoli1,"Bewaarvoorschriften: 
Koel, droog en donker bewaren. ",Nederland,"{'Energie': '27 Kilocalorie', 'Totale vetten': '0.7 Gram', 'Vetzuren, totaal verzadigd': '0.1 Gram', 'Vetzuren, enkelvoudig onverzadigd': '0 Gram', 'Vetzuren, meervoudig onverzadigd': '0.4 Gram', 'Transvetzuren': '0 Gram', 'Koolhydraten': '0.7 Gram', 'Suikers, totaal': '0.5 Gram', 'suiker, toegevoegd': '0 Gram', 'Polyolen, totaal': '0 Gram', 'Zetmeel': '0.2 Gram', 'Voedingsvezels': '3.1 Gram', 'Eiwitten': '2.9 Gram', 'natrium': '0.005 Gram', 'Zout': '0.013 Gram'}",https://cdn.hoogvliet.com/Images/Product/XL/217611000.jpg,"['Home', 'Aardappelen, groente, fruit', 'Groente', 'Koolgroenten', 'Broccoli']"
Hoogvliet Snack tomaten 500 gram,2.99,Euro,500,gram,Klasse 1 ---- Land van Herkomst: Nederland,https://www.hoogvliet.com/product/hoogvliet-snack-tomaten-500-gram,"Bewaarvoorschriften: 
Droog en donker bewaren. ",Nederland,"{'Energie': '22 Kilocalorie', 'Totale vetten': '0.5 Gram', 'Vetzuren, totaal verzadigd': '0.1 Gram', 'Vetzuren, enkelvoudig onverzadigd': '0.1 Gram', 'Vetzuren, meervoudig onverzadigd': '0.3 Gram', 'Transvetzuren': '0 Gram', 'Koolhydraten': '3 Gram', 'Suikers, totaal': '3 Gram', 'suiker, toegevoegd': '0 Gram', 'Polyolen, totaal': '0 Gram', 'Zetmeel': '0 Gram', 'Voedingsvezels': '1.4 Gram', 'Eiwitten': '0.7 Gram', 'natrium': '0.002 Gram', 'Zout': '0.005 Gram'}",https://cdn.hoogvliet.com/Images/Product/XL/047519000.jpg,"['Home', 'Aardappelen, groente, fruit', 'Groente', 'Tomaat, paprika', 'Snack tomaten 500 gram']"
Hoogvliet Pitloze witte druiven,,Euro,500,gram,Klasse 1 .... land van herkomst: Egypte,https://www.hoogvliet.com/product/hoogvliet-pitloze-witte-druiven,"Bewaarvoorschriften: 
Na aankoop gekoeld bewaren (max. 7°C). ",Egypte,"{'Energie': '74 Kilocalorie', 'Totale vetten': '0.2 Gram', 'Vetzuren, totaal verzadigd': '0 Gram', 'Vetzuren, enkelvoudig onverzadigd': '0 Gram', 'Vetzuren, meervoudig onverzadigd': '0.2 Gram', 'Transvetzuren': '0 Gram', 'Koolhydraten': '16.8 Gram', 'Suikers, totaal': '16.2 Gram', 'suiker, toegevoegd': '0 Gram', 'Polyolen, totaal': '0 Gram', 'Zetmeel': '0.6 Gram', 'Voedingsvezels': '1.7 Gram', 'Eiwitten': '0.5 Gram', 'natrium': '0.003 Gram', 'Zout': '0.008 Gram'}",https://cdn.hoogvliet.com/Images/Product/XL/000737000.jpg,"['Home', 'Aardappelen, groente, fruit', 'Fruit', 'Rood fruit, druiven', 'Pitloze witte druiven']"
Hoogvliet Blauwe bessen,3.89,Euro,300,gram,Klasse 1 .... land van herkomst: Nederland,https://www.hoogvliet.com/product/hoogvliet-blauwe-bessen1,"Bewaarvoorschriften: 
Gekoeld bewaren (max. 7°C). ",Nederland,"{'Energie': '219 Kilojoule', 'Totale vetten': '0 Gram', 'Vetzuren, totaal verzadigd': '0 Gram', 'Koolhydraten': '11 Gram', 'Suikers, totaal': '10 Gram', 'Eiwitten': '0.7 Gram', 'Zout': '0.003 Gram', 'suiker, toegevoegd': '0 Gram', 'Polyolen, totaal': '0 Gram', 'Zetmeel': '1 Gram', 'Voedingsvezels': '2.4 Gram', 'natrium': '0.001 Gram'}",https://cdn.hoogvliet.com/Images/Product/XL/081222000.jpg,"['Home', 'Aardappelen, groente, fruit', 'Fruit', 'Rood fruit, druiven', 'Blauwe bessen']"
Hoogvliet Paprika mix,1.99,Euro,3,stuk,Klasse 1 ---- land van herkomst: Nederland,https://www.hoogvliet.com/product/hoogvliet-paprika-mix,"Bewaarvoorschriften: 
Koel, droog en donker bewaren. ",Nederland,"{'Energie': '25 Kilocalorie', 'Totale vetten': '0.1 Gram', 'Vetzuren, totaal verzadigd': '0 Gram', 'Vetzuren, enkelvoudig onverzadigd': '0 Gram', 'Vetzuren, meervoudig onverzadigd': '0.1 Gram', 'Transvetzuren': '0 Gram', 'Koolhydraten': '4.3 Gram', 'Suikers, totaal': '4.3 Gram', 'suiker, toegevoegd': '0 Gram', 'Polyolen, totaal': '0 Gram', 'Zout': '0.003 Gram', 'natrium': '0.001 Gram', 'Eiwitten': '0.8 Gram', 'Voedingsvezels': '1.8 Gram', 'Zetmeel': '0 Gram'}",https://cdn.hoogvliet.com/Images/Product/XL/211990000.jpg,"['Home', 'Aardappelen, groente, fruit', 'Groente', 'Tomaat, paprika', 'Paprika mix']"
Sable druiven blauw pitloos,3.19,Euro,400,gram,,https://www.hoogvliet.com/product/sable-druiven-blauw-pitloos,,,"{'Energie': '78 Kilocalorie', 'Totale vetten': '0.2 Gram', 'Vetzuren, totaal verzadigd': '0.1 Gram', 'Vetzuren, enkelvoudig onverzadigd': '0 Gram', 'Vetzuren, meervoudig onverzadigd': '0.1 Gram', 'Transvetzuren': '0 Gram', 'Koolhydraten': '16.8 Gram', 'Suikers, totaal': '16.2 Gram', 'suiker, toegevoegd': '0 Gram', 'Polyolen, totaal': '0 Gram', 'Zetmeel': '0 Gram', 'Voedingsvezels': '1.8 Gram', 'Eiwitten': '0.6 Gram', 'natrium': '0.003 Gram', 'Zout': '0.008 Gram'}",https://cdn.hoogvliet.com/Images/Product/XL/722109000.jpg,"['Home', 'Aardappelen, groente, fruit', 'Fruit', 'Rood fruit, druiven', 'Sable druiven blauw pitloos']"
Snack komkommer,2.25,Euro,230,gram,Klasse 1.... Land van herkomst: Nederland,https://www.hoogvliet.com/product/snack-komkommer,"Bewaarvoorschriften: 
Koel en droog bewaren. ",Nederland,"{'Energie': '13 Kilocalorie', 'Totale vetten': '0.4 Gram', 'Vetzuren, totaal verzadigd': '0 Gram', 'Vetzuren, enkelvoudig onverzadigd': '0.1 Gram', 'Vetzuren, meervoudig onverzadigd': '0.3 Gram', 'Transvetzuren': '0 Gram', 'Koolhydraten': '1.3 Gram', 'Suikers, totaal': '1.3 Gram', 'suiker, toegevoegd': '0 Gram', 'Polyolen, totaal': '0 Gram', 'Zetmeel': '0 Gram', 'Voedingsvezels': '0.6 Gram', 'Eiwitten': '0.7 Gram', 'natrium': '0.02 Gram', 'Zout': '0.05 Gram'}",https://cdn.hoogvliet.com/Images/Product/XL/723936000.jpg,"['Home', 'Aardappelen, groente, fruit', 'Snackgroente- en fruit', 'Snack komkommer']"
Hoogvliet Galia meloen,2.19,Euro,1,stuk,Klasse 1 (12) land van herkomst: Spanje,https://www.hoogvliet.com/product/hoogvliet-galia-meloen1,"Bewaarvoorschriften: 
Droog en donker bewaren. ",Spanje,"{'Energie': '27 Kilocalorie', 'Totale vetten': '0 Gram', 'Vetzuren, totaal verzadigd': '0 Gram', 'Vetzuren, enkelvoudig onverzadigd': '0 Gram', 'Vetzuren, meervoudig onverzadigd': '0 Gram', 'Transvetzuren': '0 Gram', 'Koolhydraten': '6 Gram', 'Suikers, totaal': '6 Gram', 'suiker, toegevoegd': '0 Gram', 'Polyolen, totaal': '0 Gram', 'Zetmeel': '0 Gram', 'Voedingsvezels': '0.4 Gram', 'Eiwitten': '0.5 Gram', 'natrium': '0.015 Gram', 'Zout': '0.038 Gram'}",https://cdn.hoogvliet.com/Images/Product/XL/210625000.jpg,"['Home', 'Feestweken', 'Ontbijt, lunch, brunch', 'Fruit', 'Galia meloen']"
Hoogvliet Watermeloen,,Euro,1,stuk,Klasse 1 (14) land van herkomst: Spanje,https://www.hoogvliet.com/product/hoogvliet-watermeloen1,"Bewaarvoorschriften: 
Koel en droog bewaren. ",Spanje,"{'Energie': '36 Kilocalorie', 'Totale vetten': '0 Gram', 'Vetzuren, totaal verzadigd': '0 Gram', 'Vetzuren, enkelvoudig onverzadigd': '0 Gram', 'Vetzuren, meervoudig onverzadigd': '0 Gram', 'Transvetzuren': '0 Gram', 'Koolhydraten': '8 Gram', 'Suikers, totaal': '8 Gram', 'suiker, toegevoegd': '0 Gram', 'Polyolen, totaal': '0 Gram', 'Zetmeel': '0 Gram', 'Voedingsvezels': '0.6 Gram', 'Eiwitten': '0.5 Gram', 'natrium': '0.002 Gram', 'Zout': '0.005 Gram'}",https://cdn.hoogvliet.com/Images/Product/XL/208310000.jpg,"['Home', 'Feestweken', 'Nagerechten', 'Fruit', 'Watermeloen']"
Hoogvliet Bloemkool,1.69,Euro,1,stuk,Klasse 1 (8) Land van herkomst: Nederland,https://www.hoogvliet.com/product/hoogvliet-bloemkool1,"Bewaarvoorschriften: 
Droog en donker bewaren. ",Nederland,"{'Energie': '26 Kilocalorie', 'Totale vetten': '0.2 Gram', 'Vetzuren, totaal verzadigd': '0 Gram', 'Vetzuren, enkelvoudig onverzadigd': '0 Gram', 'Vetzuren, meervoudig onverzadigd': '0.1 Gram', 'Transvetzuren': '0 Gram', 'Koolhydraten': '3 Gram', 'Suikers, totaal': '2.4 Gram', 'suiker, toegevoegd': '0 Gram', 'Polyolen, totaal': '0 Gram', 'Zetmeel': '0 Gram', 'Voedingsvezels': '2.2 Gram', 'Eiwitten': '1.9 Gram', 'natrium': '0.008 Gram', 'Zout': '0.02 Gram'}",https://cdn.hoogvliet.com/Images/Product/XL/206431000.jpg,"['Home', 'Aardappelen, groente, fruit', 'Groente', 'Koolgroenten', 'Bloemkool']"
Hoogvliet Champignons,1.19,Euro,250,gram,Ingrediënten :Champignons.,https://www.hoogvliet.com/product/hoogvliet-champignons,"Bewaarvoorschriften: 
Gekoeld bewaren (max. 7°C). ",Nederland,"{'Koolhydraten': '0.4 Gram', 'Suikers, totaal': '0.4 Gram', 'suiker, toegevoegd': '0 Gram', 'Polyolen, totaal': '0 Gram', 'Zetmeel': '0 Gram', 'Voedingsvezels': '1.5 Gram', 'Eiwitten': '2.3 Gram', 'natrium': '0.005 Gram', 'Zout': '0.013 Gram', 'Transvetzuren': '0 Gram', 'Vetzuren, meervoudig onverzadigd': '0.3 Gram', 'Vetzuren, enkelvoudig onverzadigd': '0 Gram', 'Vetzuren, totaal verzadigd': '0.1 Gram', 'Totale vetten': '0.5 Gram', 'Energie': '18 Kilojoule'}",https://cdn.hoogvliet.com/Images/Product/XL/205133000.jpg,"['Home', 'Alles voor de barbecue', 'Groente, fruit en aardappel', 'Groente en fruit', 'Champignons']"
Aardappel kruimig,1.59,Euro,1,kilo,Klasse 1 .... Land van herkomst: Nederland,https://www.hoogvliet.com/product/aardappel-kruimig,"Bewaarvoorschriften: 
Koel, droog en donker bewaren. ",Nederland,"{'Energie': '88 Kilocalorie', 'Totale vetten': '0 Gram', 'Vetzuren, totaal verzadigd': '0 Gram', 'Vetzuren, enkelvoudig onverzadigd': '0 Gram', 'Vetzuren, meervoudig onverzadigd': '0 Gram', 'Transvetzuren': '0 Gram', 'Koolhydraten': '19 Gram', 'Suikers, totaal': '1 Gram', 'suiker, toegevoegd': '0 Gram', 'Polyolen, totaal': '0 Gram', 'Zetmeel': '18 Gram', 'Voedingsvezels': '1.8 Gram', 'Eiwitten': '2 Gram', 'natrium': '0.002 Gram', 'Zout': '0.005 Gram'}",https://cdn.hoogvliet.com/Images/Product/XL/726386000.jpg,"['Home', 'Aardappelen, groente, fruit', 'Aardappelen', 'Kookaardappelen', 'Aardappel kruimig']"
Hoogvliet Snack tomaten,2.15,Euro,250,gram,Klasse 1 ---- land van herkomst: Nederland,https://www.hoogvliet.com/product/hoogvliet-snack-tomaten,"Bewaarvoorschriften: 
Koel, droog en donker bewaren. ",Nederland,"{'Energie': '22 Kilocalorie', 'Totale vetten': '0.5 Gram', 'Vetzuren, totaal verzadigd': '0.1 Gram', 'Vetzuren, enkelvoudig onverzadigd': '0.1 Gram', 'Vetzuren, meervoudig onverzadigd': '0.3 Gram', 'Transvetzuren': '0 Gram', 'Koolhydraten': '3 Gram', 'Suikers, totaal': '3 Gram', 'suiker, toegevoegd': '0 Gram', 'Polyolen, totaal': '0 Gram', 'Zetmeel': '0 Gram', 'Voedingsvezels': '1.4 Gram', 'Eiwitten': '0.7 Gram', 'natrium': '0.002 Gram', 'Zout': '0.005 Gram'}",https://cdn.hoogvliet.com/Images/Product/XL/674644000.jpg,"['Home', 'Aardappelen, groente, fruit', 'Groente', 'Tomaat, paprika', 'Snack tomaten']"
Wilde perziken op schaal,3.99,Euro,1,kilo,Ingrediënten: wilde perziken.,https://www.hoogvliet.com/product/wilde-perziken-op-schaal,,,{},https://cdn.hoogvliet.com/Images/Product/XL/726232000.jpg,"['Home', 'Aardappelen, groente, fruit', 'Fruit', 'Ananas, mango, kiwi, meloen', 'Wilde perziken op schaal']"
Hoogvliet Kanzi appels,4.98,Euro,,,Klasse 1 ---- land van herkomst: Zuid-Afrika,https://www.hoogvliet.com/product/hoogvliet-kanzi-appels,"Bewaarvoorschriften: 
Consumeren op kamertemperatuur ",Zuid-Afrika,"{'Energie': '55 Kilocalorie', 'Totale vetten': '0.2 Gram', 'Vetzuren, totaal verzadigd': '0 Gram', 'Vetzuren, enkelvoudig onverzadigd': '0 Gram', 'Vetzuren, meervoudig onverzadigd': '0.2 Gram', 'Transvetzuren': '0 Gram', 'Koolhydraten': '12 Gram', 'Suikers, totaal': '10.2 Gram', 'suiker, toegevoegd': '0 Gram', 'Polyolen, totaal': '0 Gram', 'Zetmeel': '1.8 Gram', 'Voedingsvezels': '1.9 Gram', 'Eiwitten': '0.3 Gram', 'natrium': '0.001 Gram', 'Zout': '0.003 Gram'}",https://cdn.hoogvliet.com/Images/Product/XL/075351000.jpg,"['Home', 'Aardappelen, groente, fruit', 'Fruit', 'Appels, peren', 'Kanzi appels']"
Eat Me Avocado,1.45,Euro,1,stuk,Klasse 1 .... land van herkomst: Peru,https://www.hoogvliet.com/product/eat-me-avocado,"Bewaarvoorschriften: 
Droog en donker bewaren. ",Peru,"{'Energie': '199 Kilocalorie', 'Totale vetten': '19.5 Gram', 'Vetzuren, totaal verzadigd': '2.2 Gram', 'Vetzuren, enkelvoudig onverzadigd': '13.9 Gram', 'Vetzuren, meervoudig onverzadigd': '1.7 Gram', 'Transvetzuren': '0 Gram', 'Koolhydraten': '1.8 Gram', 'Suikers, totaal': '1.8 Gram', 'suiker, toegevoegd': '0 Gram', 'Polyolen, totaal': '0 Gram', 'Zetmeel': '0 Gram', 'Voedingsvezels': '4.3 Gram', 'Eiwitten': '1.9 Gram', 'natrium': '0.003 Gram', 'Zout': '0.008 Gram'}",https://cdn.hoogvliet.com/Images/Product/XL/072575000.jpg,"['Home', 'Aardappelen, groente, fruit', 'Groente', 'Komkommer, avocado', 'Avocado']"
Hoogvliet Snijbonen,1.99,Euro,400,gram,Klasse 1 .... land van herkomst: Marokko,https://www.hoogvliet.com/product/hoogvliet-snijbonen,"Bewaarvoorschriften:
Koel bewaren max 6°C. ",Marokko,{},https://cdn.hoogvliet.com/Images/Product/XL/081695000.jpg,"['Home', 'Aardappelen, groente, fruit', 'Groente', 'Peulvruchten, bonen, mais', 'Snijbonen']"
Hoogvliet IJsbergsla,,Euro,1,stuk,Klasse 1 (9) Land van herkomst: Nederland,https://www.hoogvliet.com/product/hoogvliet-ijsbergsla1,"Bewaarvoorschriften: 
Droog en donker bewaren. ",Nederland,"{'Energie': '14 Kilocalorie', 'Totale vetten': '0.2 Gram', 'Vetzuren, totaal verzadigd': '0.1 Gram', 'Vetzuren, enkelvoudig onverzadigd': '0 Gram', 'Vetzuren, meervoudig onverzadigd': '0.1 Gram', 'Transvetzuren': '0 Gram', 'Koolhydraten': '1.4 Gram', 'Suikers, totaal': '1.4 Gram', 'suiker, toegevoegd': '0 Gram', 'Polyolen, totaal': '0 Gram', 'Zetmeel': '0 Gram', 'Voedingsvezels': '1.2 Gram', 'Eiwitten': '1 Gram', 'natrium': '0.017 Gram', 'Zout': '0.043 Gram'}",https://cdn.hoogvliet.com/Images/Product/XL/207616000.jpg,"['Home', 'Aardappelen, groente, fruit', 'Groente', 'Sla, rauwkost, kiemgroenten', 'IJsbergsla']"
Hoogvliet Jonagold appels,3.89,Euro,2,kilo,Klasse 1.... land van herkomst: Nederland,https://www.hoogvliet.com/product/hoogvliet-jonagold-appels2,,Nederland,{},https://cdn.hoogvliet.com/Images/Product/XL/707017000.jpg,"['Home', 'Feestweken', 'Ontbijt, lunch, brunch', 'Fruit', 'Jonagold appels']"
Hoogvliet IJsbergsla naturel,0.99,Euro,200,gram,Ingrediënten :IJsbergsla. Dit product kan sporen van SELDERIJ bevatten.,https://www.hoogvliet.com/product/hoogvliet-ijsbergsla-naturel,"Bewaarvoorschriften: 
Gekoeld bewaren (max. 7°C). Na openen beperkt houdbaar Verpakt onder beschermende atmosfeer.",,"{'Energie': '14 Kilocalorie', 'Totale vetten': '0.2 Gram', 'Vetzuren, totaal verzadigd': '0.1 Gram', 'Vetzuren, enkelvoudig onverzadigd': '0 Gram', 'Vetzuren, meervoudig onverzadigd': '0.1 Gram', 'Transvetzuren': '0 Gram', 'Koolhydraten': '1.4 Gram', 'Suikers, totaal': '1.4 Gram', 'suiker, toegevoegd': '0 Gram', 'Polyolen, totaal': '0 Gram', 'Zetmeel': '0 Gram', 'Voedingsvezels': '1.2 Gram', 'Eiwitten': '1 Gram', 'natrium': '0.017 Gram', 'Zout': '0.043 Gram'}",https://cdn.hoogvliet.com/Images/Product/XL/009553000.jpg,"['Home', 'Aardappelen, groente, fruit', 'Groente', 'Sla, rauwkost, kiemgroenten', 'IJsbergsla naturel']"
Eat Me Avocado,2.95,Euro,4,stuk,Klasse 1 ---- land van herkomst: Peru,https://www.hoogvliet.com/product/eat-me-avocado1,"Bewaarvoorschriften: 
Droog en donker bewaren. ",Peru,"{'Energie': '199 Kilocalorie', 'Totale vetten': '19.5 Gram', 'Vetzuren, totaal verzadigd': '2.2 Gram', 'Vetzuren, enkelvoudig onverzadigd': '13.9 Gram', 'Vetzuren, meervoudig onverzadigd': '1.7 Gram', 'Transvetzuren': '0 Gram', 'Koolhydraten': '1.8 Gram', 'Suikers, totaal': '1.8 Gram', 'suiker, toegevoegd': '0 Gram', 'Polyolen, totaal': '0 Gram', 'Zetmeel': '0 Gram', 'Voedingsvezels': '4.3 Gram', 'Eiwitten': '1.9 Gram', 'natrium': '0.003 Gram', 'Zout': '0.008 Gram'}",https://cdn.hoogvliet.com/Images/Product/XL/678931000.jpg,"['Home', 'Aardappelen, groente, fruit', 'Groente', 'Komkommer, avocado', 'Avocado']"
Hoogvliet Rucola,0.99,Euro,85,gram,Ingrediënten :Rucola. Dit product kan sporen van SELDERIJ bevatten.,https://www.hoogvliet.com/product/hoogvliet-rucola3,"Bewaarvoorschriften: 
Gekoeld bewaren (max. 7°C). Na openen beperkt houdbaar ",,"{'Energie': '22 Kilocalorie', 'Totale vetten': '0.4 Gram', 'Vetzuren, totaal verzadigd': '0.1 Gram', 'Vetzuren, enkelvoudig onverzadigd': '0.1 Gram', 'Vetzuren, meervoudig onverzadigd': '0.2 Gram', 'Transvetzuren': '0 Gram', 'Koolhydraten': '0 Gram', 'Suikers, totaal': '0 Gram', 'suiker, toegevoegd': '0 Gram', 'Polyolen, totaal': '0 Gram', 'Zetmeel': '0 Gram', 'Voedingsvezels': '1.9 Gram', 'Eiwitten': '3.6 Gram', 'natrium': '0.033 Gram', 'Zout': '0.083 Gram'}",https://cdn.hoogvliet.com/Images/Product/XL/718521000.jpg,"['Home', 'Aardappelen, groente, fruit', 'Groente', 'Sla, rauwkost, kiemgroenten', 'Rucola']"
Hoogvliet Prei,1.49,Euro,500,gram,Klasse 1 (10) land van herkomst: Nederland,https://www.hoogvliet.com/product/hoogvliet-prei2,"Bewaarvoorschriften: 
Koel en droog bewaren. ",Nederland,"{'Energie': '28 Kilocalorie', 'Totale vetten': '0.2 Gram', 'Vetzuren, totaal verzadigd': '0 Gram', 'Vetzuren, enkelvoudig onverzadigd': '0 Gram', 'Vetzuren, meervoudig onverzadigd': '0.1 Gram', 'Transvetzuren': '0 Gram', 'Koolhydraten': '3.5 Gram', 'Suikers, totaal': '3 Gram', 'suiker, toegevoegd': '0 Gram', 'Polyolen, totaal': '0 Gram', 'Zetmeel': '0 Gram', 'Voedingsvezels': '3 Gram', 'Eiwitten': '1.5 Gram', 'natrium': '0.004 Gram', 'Zout': '0.01 Gram'}",https://cdn.hoogvliet.com/Images/Product/XL/205370000.jpg,"['Home', 'Aardappelen, groente, fruit', 'Groente', 'Ui, knoflook, prei', 'Prei']"
Aardappel vastkokend,1.65,Euro,1,kilo,Ingrediënten :aardappelen.,https://www.hoogvliet.com/product/aardappel-vastkokend,"Bewaarvoorschriften: 
Koel, droog en donker bewaren. ",Nederland,"{'Energie': '88 Kilocalorie', 'Totale vetten': '0 Gram', 'Vetzuren, totaal verzadigd': '0 Gram', 'Vetzuren, enkelvoudig onverzadigd': '0 Gram', 'Vetzuren, meervoudig onverzadigd': '0 Gram', 'Transvetzuren': '0 Gram', 'Koolhydraten': '19 Gram', 'Suikers, totaal': '1 Gram', 'suiker, toegevoegd': '0 Gram', 'Polyolen, totaal': '0 Gram', 'Zetmeel': '18 Gram', 'Voedingsvezels': '1.8 Gram', 'Eiwitten': '2 Gram', 'natrium': '0.002 Gram', 'Zout': '0.005 Gram'}",https://cdn.hoogvliet.com/Images/Product/XL/726387000.jpg,"['Home', 'Aardappelen, groente, fruit', 'Aardappelen', 'Kookaardappelen', 'Aardappel vastkokend']"
SanLucar Mandarijnen,2.02,Euro,750,gram,Klasse 1 (14) Land van herkomst: Zuid-Afrika,https://www.hoogvliet.com/product/sanlucar-mandarijnen,,Zuid-Afrika,{},https://cdn.hoogvliet.com/Images/Product/XL/683144000.jpg,"['Home', 'Feestweken', 'Ontbijt, lunch, brunch', 'Fruit', 'Mandarijnen']"
Hoogvliet Handsinaasappels,2.25,Euro,,,Klasse 1 land van herkomst: Zuid-Afrika,https://www.hoogvliet.com/product/hoogvliet-handsinaasappels3,"Bewaarvoorschriften: 
Droog en donker bewaren. ",Zuid-Afrika,"{'Energie': '48 Kilocalorie', 'Totale vetten': '1 Gram', 'Vetzuren, totaal verzadigd': '0.2 Gram', 'Vetzuren, enkelvoudig onverzadigd': '0.2 Gram', 'Vetzuren, meervoudig onverzadigd': '0.4 Gram', 'Transvetzuren': '0 Gram', 'Koolhydraten': '7.9 Gram', 'Suikers, totaal': '7.7 Gram', 'suiker, toegevoegd': '0 Gram', 'Polyolen, totaal': '0 Gram', 'Zetmeel': '0 Gram', 'Voedingsvezels': '2 Gram', 'Eiwitten': '0.8 Gram', 'natrium': '0.001 Gram', 'Zout': '0.003 Gram'}",https://cdn.hoogvliet.com/Images/Product/XL/033595000.jpg,"['Home', 'Feestweken', 'Nagerechten', 'Fruit', 'Handsinaasappels']"
Hoogvliet Ijsbergsla naturel,0.98,Euro,100,gram,Ingrediënten :IJsbergsla. Dit product kan sporen van SELDERIJ bevatten.,https://www.hoogvliet.com/product/hoogvliet-ijsbergsla-naturel2,"Bewaarvoorschriften: 
Gekoeld bewaren (max. 7°C). Na openen beperkt houdbaar Verpakt onder beschermende atmosfeer.",,"{'Energie': '48 Kilojoule', 'Totale vetten': '0.1 Gram', 'Vetzuren, totaal verzadigd': '0 Gram', 'Vetzuren, enkelvoudig onverzadigd': '0 Gram', 'Vetzuren, meervoudig onverzadigd': '0 Gram', 'Koolhydraten': '0.9 Gram', 'Suikers, totaal': '0 Gram', 'Voedingsvezels': '1.2 Gram', 'Eiwitten': '1 Gram', 'Zout': '0.043 Gram', 'Zetmeel': '0 Gram', 'natrium': '0.017 Gram'}",https://cdn.hoogvliet.com/Images/Product/XL/673297000.jpg,"['Home', 'Aardappelen, groente, fruit', 'Groente', 'Sla, rauwkost, kiemgroenten', 'Ijsbergsla naturel']"
Hoogvliet Knoflook,1.35,Euro,1,stuk,Klasse 1 ---- land van herkomst: Spanje,https://www.hoogvliet.com/product/hoogvliet-knoflook1,"Bewaarvoorschriften: 
Koel en droog bewaren. ",Spanje,"{'Energie': '158 Kilocalorie', 'Totale vetten': '0.5 Gram', 'Vetzuren, totaal verzadigd': '0.1 Gram', 'Vetzuren, enkelvoudig onverzadigd': '0 Gram', 'Vetzuren, meervoudig onverzadigd': '0.2 Gram', 'Transvetzuren': '0 Gram', 'Koolhydraten': '31 Gram', 'Suikers, totaal': '1 Gram', 'suiker, toegevoegd': '0 Gram', 'Polyolen, totaal': '0 Gram', 'Zetmeel': '0 Gram', 'Voedingsvezels': '2.1 Gram', 'Eiwitten': '6.4 Gram', 'natrium': '0.017 Gram', 'Zout': '0.043 Gram'}",https://cdn.hoogvliet.com/Images/Product/XL/214086000.jpg,"['Home', 'Aardappelen, groente, fruit', 'Groente', 'Ui, knoflook, prei', 'Knoflook']"
Hoogvliet Bosuien,0.79,Euro,1,stuk,Klasse 1 .... Land van herkomst: Nederland,https://www.hoogvliet.com/product/hoogvliet-bosuien,"Bewaarvoorschriften: 
Droog bewaren. ",Nederland,"{'Energie': '31 Kilocalorie', 'Totale vetten': '0.4 Gram', 'Vetzuren, totaal verzadigd': '0.1 Gram', 'Vetzuren, enkelvoudig onverzadigd': '0.1 Gram', 'Vetzuren, meervoudig onverzadigd': '0.2 Gram', 'Transvetzuren': '0 Gram', 'Koolhydraten': '4.2 Gram', 'Suikers, totaal': '4.1 Gram', 'suiker, toegevoegd': '0 Gram', 'Polyolen, totaal': '0 Gram', 'Zetmeel': '0 Gram', 'Voedingsvezels': '2.4 Gram', 'Eiwitten': '1.5 Gram', 'natrium': '0.006 Gram', 'Zout': '0.015 Gram'}",https://cdn.hoogvliet.com/Images/Product/XL/204803000.jpg,"['Home', 'Aardappelen, groente, fruit', 'Groente', 'Ui, knoflook, prei', 'Bosuien']"
Eat Me Mango,1.79,Euro,1,stuk,Klasse 1land van herkomst: Ivoorkust,https://www.hoogvliet.com/product/eat-me-mango,"Bewaarvoorschriften: 
Droog en donker bewaren. ",Ivoorkust,"{'Energie': '64 Kilocalorie', 'Totale vetten': '0.2 Gram', 'Vetzuren, totaal verzadigd': '0 Gram', 'Vetzuren, enkelvoudig onverzadigd': '0 Gram', 'Vetzuren, meervoudig onverzadigd': '0.1 Gram', 'Transvetzuren': '0 Gram', 'Koolhydraten': '14.3 Gram', 'Suikers, totaal': '13.9 Gram', 'suiker, toegevoegd': '0 Gram', 'Polyolen, totaal': '0.4 Gram', 'Zetmeel': '0 Gram', 'Voedingsvezels': '1.6 Gram', 'Eiwitten': '0.6 Gram', 'natrium': '0.001 Gram', 'Zout': '0.003 Gram'}",https://cdn.hoogvliet.com/Images/Product/XL/064578000.jpg,"['Home', 'Feestweken', 'Ontbijt, lunch, brunch', 'Fruit', 'Mango']"
Minikrieltjes,1.29,Euro,700,gram,Ingrediënten :voorgekookte aardappelen.,https://www.hoogvliet.com/product/minikrieltjes3,"Bewaarvoorschriften: 
Gekoeld bewaren (max. 7 °C), na openen maximaal 24 uur bewaren in gesloten verpakking. Verpakt onder beschermende atmosfeer.",,"{'Energie': '78 Kilocalorie', 'Totale vetten': '0 Gram', 'Vetzuren, totaal verzadigd': '0 Gram', 'Vetzuren, enkelvoudig onverzadigd': '0 Gram', 'Vetzuren, meervoudig onverzadigd': '0 Gram', 'Transvetzuren': '0 Gram', 'Koolhydraten': '16.2 Gram', 'Suikers, totaal': '0.2 Gram', 'suiker, toegevoegd': '0 Gram', 'Polyolen, totaal': '0 Gram', 'Zetmeel': '16 Gram', 'Voedingsvezels': '2.3 Gram', 'Eiwitten': '2.2 Gram', 'natrium': '0.008 Gram', 'Zout': '0.019 Gram'}",https://cdn.hoogvliet.com/Images/Product/XL/727540000.jpg,"['Home', 'Aardappelen, groente, fruit', 'Aardappelen', 'Partjes, krieltjes, schijfjes', 'Minikrieltjes']"
Hoogvliet Perssinaasappels,2.99,Euro,2,kilo,Klasse 1 .... Land van herkomst: Egypte,https://www.hoogvliet.com/product/hoogvliet-perssinaasappels,"Bewaarvoorschriften: 
Koel, droog en donker bewaren. Behandeld met Imazalil",Egypte,"{'Energie': '47 Kilocalorie', 'Totale vetten': '1 Gram', 'Vetzuren, totaal verzadigd': '0.2 Gram', 'Vetzuren, enkelvoudig onverzadigd': '0.2 Gram', 'Vetzuren, meervoudig onverzadigd': '0.4 Gram', 'Transvetzuren': '0 Gram', 'Koolhydraten': '7.9 Gram', 'Suikers, totaal': '7.7 Gram', 'suiker, toegevoegd': '0 Gram', 'Polyolen, totaal': '0 Gram', 'Zetmeel': '0 Gram', 'Voedingsvezels': '2 Gram', 'Eiwitten': '0.8 Gram', 'natrium': '0.001 Gram', 'Zout': '0.003 Gram'}",https://cdn.hoogvliet.com/Images/Product/XL/033643000.jpg,"['Home', 'Feestweken', 'Ontbijt, lunch, brunch', 'Fruit', 'Perssinaasappels']"
Hoogvliet Aardappelen voordeel,3.25,Euro,5,kilo,Klasse 1 ---- land van herkomst: Nederland,https://www.hoogvliet.com/product/hoogvliet-aardappelen-voordeel,"Bewaarvoorschriften: 
Koel, droog en donker bewaren. ",Nederland,"{'Energie': '88 Kilocalorie', 'Totale vetten': '0 Gram', 'Vetzuren, totaal verzadigd': '0 Gram', 'Vetzuren, enkelvoudig onverzadigd': '0 Gram', 'Vetzuren, meervoudig onverzadigd': '0 Gram', 'Transvetzuren': '0 Gram', 'Koolhydraten': '19 Gram', 'Suikers, totaal': '1 Gram', 'suiker, toegevoegd': '0 Gram', 'Polyolen, totaal': '0 Gram', 'Zetmeel': '18 Gram', 'Voedingsvezels': '1.8 Gram', 'Eiwitten': '2 Gram', 'natrium': '0.002 Gram', 'Zout': '0.005 Gram'}",https://cdn.hoogvliet.com/Images/Product/XL/040815000.jpg,"['Home', 'Aardappelen, groente, fruit', 'Aardappelen', 'Kookaardappelen', 'Aardappelen voordeel']"
Hoogvliet Witlof,1.59,Euro,500,gram,Klasse 1 .... Land van herkomst:Nederland,https://www.hoogvliet.com/product/hoogvliet-witlof1,"Bewaarvoorschriften: 
Koel en droog bewaren. ",Nederland,"{'Energie': '19 Kilocalorie', 'Totale vetten': '0.2 Gram', 'Vetzuren, totaal verzadigd': '0 Gram', 'Vetzuren, enkelvoudig onverzadigd': '0 Gram', 'Vetzuren, meervoudig onverzadigd': '0.1 Gram', 'Transvetzuren': '0 Gram', 'Koolhydraten': '2.4 Gram', 'Suikers, totaal': '2.4 Gram', 'suiker, toegevoegd': '0 Gram', 'Polyolen, totaal': '0 Gram', 'Zetmeel': '0 Gram', 'Voedingsvezels': '1.2 Gram', 'Eiwitten': '1.3 Gram', 'natrium': '0.002 Gram', 'Zout': '0.005 Gram'}",https://cdn.hoogvliet.com/Images/Product/XL/205796000.jpg,"['Home', 'Aardappelen, groente, fruit', 'Groente', 'Spinazie, witlof, andijvie', 'Witlof']"
Pink lady Pink lady op schaal,3.59,Euro,4,stuk,Klasse 1 .... Land van herkomst; Italie,https://www.hoogvliet.com/product/pink-lady-pink-lady-op-schaal,"Bewaarvoorschriften: 
Koel en droog bewaren. ",Italie,"{'Energie': '57 Kilocalorie', 'Totale vetten': '0.2 Gram', 'Vetzuren, totaal verzadigd': '0 Gram', 'Vetzuren, enkelvoudig onverzadigd': '0 Gram', 'Vetzuren, meervoudig onverzadigd': '0.1 Gram', 'Transvetzuren': '0 Gram', 'Koolhydraten': '12 Gram', 'Suikers, totaal': '10.4 Gram', 'suiker, toegevoegd': '0 Gram', 'Polyolen, totaal': '0 Gram', 'Zetmeel': '1.6 Gram', 'Voedingsvezels': '2 Gram', 'Eiwitten': '0.3 Gram', 'natrium': '0.001 Gram', 'Zout': '0.003 Gram'}",https://cdn.hoogvliet.com/Images/Product/XL/726992000.jpg,"['Home', 'Aardappelen, groente, fruit', 'Fruit', 'Appels, peren', 'Pink lady op schaal']"
Cocktail trostomaten,2.69,Euro,500,gram,Klasse 1.... Land van herkomst: Nederland,https://www.hoogvliet.com/product/cocktail-trostomaten,"Bewaarvoorschriften: 
Koel, droog en donker bewaren. ",Nederland,"{'Zetmeel': '0 Gram', 'Polyolen, totaal': '0 Gram', 'suiker, toegevoegd': '0 Gram', 'Suikers, totaal': '2.8 Gram', 'Koolhydraten': '3 Gram', 'Transvetzuren': '0 Gram', 'Vetzuren, meervoudig onverzadigd': '0.3 Gram', 'Vetzuren, enkelvoudig onverzadigd': '0.1 Gram', 'Vetzuren, totaal verzadigd': '0.1 Gram', 'Totale vetten': '0.5 Gram', 'Energie': '21 Kilojoule', 'Zout': '0.003 Gram', 'natrium': '0.001 Gram', 'Eiwitten': '0.7 Gram', 'Voedingsvezels': '1.2 Gram'}",https://cdn.hoogvliet.com/Images/Product/XL/723608000.jpg,"['Home', 'Aardappelen, groente, fruit', 'Groente', 'Tomaat, paprika', 'Cocktail trostomaten']"
SanLucar Citroenen,1.29,Euro,1,stuk,Klasse 1 (14) Land van herkomst: Zuid-Afrika,https://www.hoogvliet.com/product/sanlucar-citroenen, Citroen met eetbare schil,Zuid-Afrika,"{'suiker, toegevoegd': '0 Gram', 'Suikers, totaal': '2 Gram', 'Koolhydraten': '3 Gram', 'Transvetzuren': '0 Gram', 'Vetzuren, meervoudig onverzadigd': '0.1 Gram', 'Vetzuren, enkelvoudig onverzadigd': '0.1 Gram', 'Vetzuren, totaal verzadigd': '0.1 Gram', 'Totale vetten': '0.3 Gram', 'Energie': '36 Kilojoule', 'Zout': '0.003 Gram', 'natrium': '0.001 Gram', 'Eiwitten': '0.8 Gram', 'Voedingsvezels': '2 Gram', 'Zetmeel': '0 Gram', 'Polyolen, totaal': '0 Gram'}",https://cdn.hoogvliet.com/Images/Product/XL/683142000.jpg,"['Home', 'Feestweken', 'Ontbijt, lunch, brunch', 'Fruit', 'Citroenen']"
Hoogvliet Limoen 3 stuks,0.99,Euro,220,gram,Klasse 1 .... land van herkomst: Brazilie,https://www.hoogvliet.com/product/hoogvliet-limoen-3-stuks,"Bewaarvoorschriften: 
Droog en donker bewaren. ",Brazilie,"{'Energie': '41 Kilocalorie', 'Totale vetten': '0.2 Gram', 'Vetzuren, totaal verzadigd': '0 Gram', 'Vetzuren, enkelvoudig onverzadigd': '0 Gram', 'Vetzuren, meervoudig onverzadigd': '0.1 Gram', 'Transvetzuren': '0 Gram', 'Koolhydraten': '7.7 Gram', 'Suikers, totaal': '1.7 Gram', 'suiker, toegevoegd': '0 Gram', 'Polyolen, totaal': '0 Gram', 'Zetmeel': '0 Gram', 'Voedingsvezels': '2.8 Gram', 'Eiwitten': '0.7 Gram', 'natrium': '0.002 Gram', 'Zout': '0.005 Gram'}",https://cdn.hoogvliet.com/Images/Product/XL/064462000.jpg,"['Home', 'Feestweken', 'Nagerechten', 'Fruit', 'Limoen 3 stuks']"
Hoogvliet Cherry tomaten,1.19,Euro,250,gram,Klasse 1 ---- land van herkomst: Nederland,https://www.hoogvliet.com/product/hoogvliet-cherry-tomaten1,,Nederland,"{'Energie': '30 Kilocalorie', 'Totale vetten': '0.8 Gram', 'Vetzuren, totaal verzadigd': '0.1 Gram', 'Vetzuren, enkelvoudig onverzadigd': '0.1 Gram', 'Vetzuren, meervoudig onverzadigd': '0.4 Gram', 'Transvetzuren': '0 Gram', 'Koolhydraten': '3.9 Gram', 'Suikers, totaal': '3.8 Gram', 'suiker, toegevoegd': '0 Gram', 'Polyolen, totaal': '0 Gram', 'Zetmeel': '0 Gram', 'Voedingsvezels': '1.9 Gram', 'Eiwitten': '0.9 Gram', 'natrium': '0.003 Gram', 'Zout': '0.008 Gram'}",https://cdn.hoogvliet.com/Images/Product/XL/070476000.jpg,"['Home', 'Aardappelen, groente, fruit', 'Groente', 'Tomaat, paprika', 'Cherry tomaten']"
Hoogvliet Nectarines,3.99,Euro,1,kilo,Klasse 1 (10) land van herkomst: Spanje,https://www.hoogvliet.com/product/hoogvliet-nectarines4,"Bewaarvoorschriften: 
Droog en donker bewaren. ",Spanje,"{'Energie': '33 Kilocalorie', 'Totale vetten': '0.1 Gram', 'Vetzuren, totaal verzadigd': '0 Gram', 'Vetzuren, enkelvoudig onverzadigd': '0 Gram', 'Vetzuren, meervoudig onverzadigd': '0 Gram', 'Transvetzuren': '0 Gram', 'Koolhydraten': '6.5 Gram', 'Suikers, totaal': '6.5 Gram', 'suiker, toegevoegd': '0 Gram', 'Polyolen, totaal': '0 Gram', 'Zetmeel': '0 Gram', 'Voedingsvezels': '1.1 Gram', 'Eiwitten': '1 Gram', 'natrium': '0.01 Gram', 'Zout': '0.025 Gram'}",https://cdn.hoogvliet.com/Images/Product/XL/209678000.jpg,"['Home', 'Aardappelen, groente, fruit', 'Fruit', 'Sinaasappel, mandarijn, overig citrusfruit', 'Nectarines']"
Hoogvliet Rode uien net 3 stuks,0.99,Euro,1,stuk,Klasse 1 ---- Land van herkomst: Egypte,https://www.hoogvliet.com/product/hoogvliet-rode-uien-net-3-stuks,"Bewaarvoorschriften: 
Koel en droog bewaren. ",Egypte,"{'Energie': '38 Kilocalorie', 'Totale vetten': '0.2 Gram', 'Vetzuren, totaal verzadigd': '0.1 Gram', 'Vetzuren, enkelvoudig onverzadigd': '0 Gram', 'Vetzuren, meervoudig onverzadigd': '0 Gram', 'Transvetzuren': '0 Gram', 'Koolhydraten': '6.3 Gram', 'Suikers, totaal': '4.5 Gram', 'suiker, toegevoegd': '0 Gram', 'Polyolen, totaal': '0 Gram', 'Zetmeel': '0 Gram', 'Voedingsvezels': '2.7 Gram', 'Eiwitten': '1.3 Gram', 'natrium': '0.01 Gram', 'Zout': '0.025 Gram'}",https://cdn.hoogvliet.com/Images/Product/XL/056234000.jpg,"['Home', 'Aardappelen, groente, fruit', 'Groente', 'Ui, knoflook, prei', 'Rode uien net 3 stuks']"
Hoogvliet Aubergine,0.99,Euro,1,stuk,Klasse 1 ---- land van herkomst: Nederland,https://www.hoogvliet.com/product/hoogvliet-aubergine,"Bewaarvoorschriften: 
Koel en droog bewaren. ",Nederland,"{'Energie': '20 Kilocalorie (internationale tabel)', 'Totale vetten': '0 Gram', 'Vetzuren, totaal verzadigd': '0 Gram', 'Vetzuren, enkelvoudig onverzadigd': '0 Gram', 'Vetzuren, meervoudig onverzadigd': '0 Gram', 'Transvetzuren': '0 Gram', 'Koolhydraten': '3 Gram', 'Suikers, totaal': '3 Gram', 'suiker, toegevoegd': '0 Gram', 'Polyolen, totaal': '0 Gram', 'Zetmeel': '0 Gram', 'Voedingsvezels': '2 Gram', 'Eiwitten': '1 Gram', 'natrium': '0.002 Gram', 'Zout': '0.005 Gram'}",https://cdn.hoogvliet.com/Images/Product/XL/001014000.jpg,"['Home', 'Aardappelen, groente, fruit', 'Groente', 'Courgette, aubergine, pompoen', 'Aubergine']"
Hoogvliet Spinazie,1.99,Euro,400,gram,Ingrediënten :Spinazie.,https://www.hoogvliet.com/product/hoogvliet-spinazie3,"Bewaarvoorschriften: 
Keep refrigerated (max. 7°C). After opening limited shelf life. ",NIET INGEVULD,"{'Energie': '26 Kilocalorie', 'Totale vetten': '0.6 Gram', 'Vetzuren, totaal verzadigd': '0.1 Gram', 'Vetzuren, enkelvoudig onverzadigd': '0 Gram', 'Vetzuren, meervoudig onverzadigd': '0.5 Gram', 'Transvetzuren': '0 Gram', 'Koolhydraten': '0.9 Gram', 'Suikers, totaal': '0 Gram', 'suiker, toegevoegd': '0 Gram', 'Polyolen, totaal': '0 Gram', 'Zetmeel': '0.9 Gram', 'Voedingsvezels': '2 Gram', 'Eiwitten': '3.2 Gram', 'natrium': '0.013 Gram', 'Zout': '0.033 Gram'}",https://cdn.hoogvliet.com/Images/Product/XL/713846000.jpg,"['Home', 'Aardappelen, groente, fruit', 'Groente', 'Spinazie, witlof, andijvie', 'Spinazie']"
Hoogvliet Gember,2.68,Euro,250,gram,Klasse 1 (20) land van herkomst: China,https://www.hoogvliet.com/product/hoogvliet-gember,,China,{},https://cdn.hoogvliet.com/Images/Product/XL/052220000.jpg,"['Home', 'Aardappelen, groente, fruit', 'Verse kruiden, smaakmakers', 'Gember']"
Hoogvliet Italiaanse roerbak,1.99,Euro,400,gram,"Ingrediënten :24% Prei, 19% courgette, ui, 19% paprika, wortel.",https://www.hoogvliet.com/product/hoogvliet-italiaanse-roerbak,"Bewaarvoorschriften: 
Gekoeld bewaren (max 7C).
Na openen beperkt houdbaar. ",,"{'Energie': '29 Kilocalorie', 'Totale vetten': '0.2 Gram', 'Vetzuren, totaal verzadigd': '0.057 Gram', 'Vetzuren, enkelvoudig onverzadigd': '0.034 Gram', 'Vetzuren, meervoudig onverzadigd': '0.109 Gram', 'Transvetzuren': '0 Gram', 'Koolhydraten': '4.374 Gram', 'Suikers, totaal': '3.418 Gram', 'suiker, toegevoegd': '0 Gram', 'Polyolen, totaal': '0 Gram', 'Zetmeel': '0.956 Gram', 'Voedingsvezels': '2.373 Gram', 'Eiwitten': '1.12 Gram', 'natrium': '0.009 Gram', 'Zout': '0.023 Gram'}",https://cdn.hoogvliet.com/Images/Product/XL/041183000.jpg,"['Home', 'Aardappelen, groente, fruit', 'Groente', 'Groentemixen', 'Italiaanse roerbak']"
Hoogvliet Uien,0.89,Euro,1,kilo,Klasse 1 .... Land van herkomst: Nederland,https://www.hoogvliet.com/product/hoogvliet-uien,"Bewaarvoorschriften: 
Koel en droog bewaren. ",Nederland,"{'Energie': '38 Kilocalorie', 'Totale vetten': '0.2 Gram', 'Vetzuren, totaal verzadigd': '0.1 Gram', 'Vetzuren, enkelvoudig onverzadigd': '0 Gram', 'Vetzuren, meervoudig onverzadigd': '0 Gram', 'Transvetzuren': '0 Gram', 'Koolhydraten': '6.3 Gram', 'Suikers, totaal': '4.5 Gram', 'suiker, toegevoegd': '0 Gram', 'Polyolen, totaal': '0 Gram', 'Zetmeel': '1.8 Gram', 'Voedingsvezels': '2.7 Gram', 'Eiwitten': '1.3 Gram', 'natrium': '0.004 Gram', 'Zout': '0.01 Gram'}",https://cdn.hoogvliet.com/Images/Product/XL/201715000.jpg,"['Home', 'Aardappelen, groente, fruit', 'Groente', 'Ui, knoflook, prei', 'Uien']"
Macaroni/spaghetti groenten,1.79,Euro,450,gram,"Ingrediënten :prei, ui, paprika.",https://www.hoogvliet.com/product/macaroni-spaghetti-groenten1,"Bewaarvoorschriften: 
Gekoeld bewaren (max. 7°C). Na openen beperkt houdbaar n.v.t.",,"{'Energie': '29 Kilocalorie', 'Totale vetten': '0.18 Gram', 'Vetzuren, totaal verzadigd': '0.031 Gram', 'Vetzuren, enkelvoudig onverzadigd': '0.049 Gram', 'Vetzuren, meervoudig onverzadigd': '0.072 Gram', 'Transvetzuren': '0 Gram', 'Koolhydraten': '4.317 Gram', 'Suikers, totaal': '3.543 Gram', 'suiker, toegevoegd': '0 Gram', 'Polyolen, totaal': '0 Gram', 'Zetmeel': '0.779 Gram', 'Voedingsvezels': '2.729 Gram', 'Eiwitten': '1.257 Gram', 'natrium': '0.004 Gram', 'Zout': '0.009 Gram'}",https://cdn.hoogvliet.com/Images/Product/XL/726551000.jpg,"['Home', 'Aardappelen, groente, fruit', 'Groente', 'Groentemixen', 'Macaroni/spaghetti groenten']"
Nasi bami groenten,1.79,Euro,450,gram,"Ingrediënten :33% spitskool, 25% prei, 16% taugé, wortel, ui, 1,8% rode peper.",https://www.hoogvliet.com/product/nasi-bami-groenten1,"Bewaarvoorschriften: 
Gekoeld bewaren (max. 7°C). Na openen beperkt houdbaar n.v.t.",,"{'Energie': '34 Kilocalorie', 'Totale vetten': '0.462 Gram', 'Vetzuren, totaal verzadigd': '0.084 Gram', 'Vetzuren, enkelvoudig onverzadigd': '0.061 Gram', 'Vetzuren, meervoudig onverzadigd': '0.191 Gram', 'Transvetzuren': '0 Gram', 'Koolhydraten': '4.231 Gram', 'Suikers, totaal': '3.352 Gram', 'suiker, toegevoegd': '0 Gram', 'Polyolen, totaal': '0 Gram', 'Zetmeel': '0.879 Gram', 'Voedingsvezels': '2.524 Gram', 'Eiwitten': '1.981 Gram', 'natrium': '0.01 Gram', 'Zout': '0.025 Gram'}",https://cdn.hoogvliet.com/Images/Product/XL/726549000.jpg,"['Home', 'Aardappelen, groente, fruit', 'Groente', 'Groentemixen', 'Nasi bami groenten']"
Hoogvliet Kropsla,,Euro,1,stuk,Klasse 1 (8) land van herkomst: Nederland,https://www.hoogvliet.com/product/hoogvliet-kropsla,"Bewaarvoorschriften: 
Koel en droog bewaren. ",Nederland,"{'Energie': '13 Kilocalorie', 'Totale vetten': '0.4 Gram', 'Vetzuren, totaal verzadigd': '0.1 Gram', 'Vetzuren, enkelvoudig onverzadigd': '0 Gram', 'Vetzuren, meervoudig onverzadigd': '0.2 Gram', 'Transvetzuren': '0 Gram', 'Koolhydraten': '0.3 Gram', 'Suikers, totaal': '0.3 Gram', 'suiker, toegevoegd': '0 Gram', 'Polyolen, totaal': '0 Gram', 'Zetmeel': '0 Gram', 'Voedingsvezels': '1.2 Gram', 'Eiwitten': '1.4 Gram', 'natrium': '0.008 Gram', 'Zout': '0.02 Gram'}",https://cdn.hoogvliet.com/Images/Product/XL/211850000.jpg,"['Home', 'Aardappelen, groente, fruit', 'Groente', 'Sla, rauwkost, kiemgroenten', 'Kropsla']"
Snack paprika,2.25,Euro,175,gram,Klasse 1.... Land van herkomst: Nederland,https://www.hoogvliet.com/product/snack-paprika,"Bewaarvoorschriften: 
Koel en droog bewaren. ",Nederland,"{'Energie': '24 Kilocalorie', 'Totale vetten': '0.1 Gram', 'Vetzuren, totaal verzadigd': '0 Gram', 'Vetzuren, enkelvoudig onverzadigd': '0 Gram', 'Vetzuren, meervoudig onverzadigd': '0.1 Gram', 'Transvetzuren': '0 Gram', 'Koolhydraten': '3.8 Gram', 'Suikers, totaal': '3.8 Gram', 'suiker, toegevoegd': '0 Gram', 'Polyolen, totaal': '0 Gram', 'Zetmeel': '0 Gram', 'Voedingsvezels': '2.1 Gram', 'Eiwitten': '0.8 Gram', 'natrium': '0.001 Gram', 'Zout': '0.003 Gram'}",https://cdn.hoogvliet.com/Images/Product/XL/723937000.jpg,"['Home', 'Aardappelen, groente, fruit', 'Snackgroente- en fruit', 'Snack paprika']"
Bistro minikrieltjes,1.09,Euro,500,gram,"Ingrediënten :Aardappel, zout, specerijen (paprikapoeder, fenegriek, komijnzaad, kurkuma, chillies, korianderzaad), glucosestroop, uipoeder, dextrose, kruiden (peterselie, majoraan, laurier), knoflookpoeder, gedroogde paprika, rookaroma.",https://www.hoogvliet.com/product/bistro-minikrieltjes1,"Bewaarvoorschriften: 
Gekoeld bewaren (max. 7 °C), na openen maximaal 24 uur bewaren in gesloten verpakking. ",,{},https://cdn.hoogvliet.com/Images/Product/XL/727551000.jpg,"['Home', 'Aardappelen, groente, fruit', 'Aardappelen', 'Partjes, krieltjes, schijfjes', 'Bistro minikrieltjes']"
Minikrieltjes,1.09,Euro,500,gram,Ingrediënten :voorgekookte aardappelen.,https://www.hoogvliet.com/product/minikrieltjes2,"Bewaarvoorschriften: 
Gekoeld bewaren (max. 7 °C), na openen maximaal 24 uur bewaren in gesloten verpakking. Verpakt onder beschermende atmosfeer.",,"{'Energie': '78 Kilocalorie', 'Totale vetten': '0 Gram', 'Vetzuren, totaal verzadigd': '0 Gram', 'Vetzuren, enkelvoudig onverzadigd': '0 Gram', 'Vetzuren, meervoudig onverzadigd': '0 Gram', 'Transvetzuren': '0 Gram', 'Koolhydraten': '16.2 Gram', 'Suikers, totaal': '0.2 Gram', 'suiker, toegevoegd': '0 Gram', 'Polyolen, totaal': '0 Gram', 'Zetmeel': '16 Gram', 'Voedingsvezels': '2.3 Gram', 'Eiwitten': '2.2 Gram', 'natrium': '0.008 Gram', 'Zout': '0.019 Gram'}",https://cdn.hoogvliet.com/Images/Product/XL/727539000.jpg,"['Home', 'Aardappelen, groente, fruit', 'Aardappelen', 'Partjes, krieltjes, schijfjes', 'Minikrieltjes']"
Rode puntpaprika,2.89,Euro,500,gram,Klasse 1.... Land van herkomst: Nederland,https://www.hoogvliet.com/product/rode-puntpaprika,"Bewaarvoorschriften: 
Koel, droog en donker bewaren. ",Nederland,"{'Energie': '25 Kilocalorie', 'Totale vetten': '0.1 Gram', 'Vetzuren, totaal verzadigd': '0 Gram', 'Vetzuren, enkelvoudig onverzadigd': '0 Gram', 'Vetzuren, meervoudig onverzadigd': '0.1 Gram', 'Transvetzuren': '0 Gram', 'Zout': '0.003 Gram', 'natrium': '0.001 Gram', 'Eiwitten': '0.8 Gram', 'Voedingsvezels': '1.9 Gram', 'Zetmeel': '0 Gram', 'Polyolen, totaal': '0 Gram', 'suiker, toegevoegd': '0 Gram', 'Suikers, totaal': '4.2 Gram', 'Koolhydraten': '4.2 Gram'}",https://cdn.hoogvliet.com/Images/Product/XL/726830000.jpg,"['Home', 'Aardappelen, groente, fruit', 'Groente', 'Tomaat, paprika', 'Rode puntpaprika']"
Hoogvliet Gemengde sla,1.99,Euro,125,gram,"Ingrediënten :27% Frisée, lollo rosso, lollo biondo, 18% rode sla. Dit product kan sporen van SELDERIJ bevatten.",https://www.hoogvliet.com/product/hoogvliet-gemengde-sla2,"Bewaarvoorschriften: 
Gekoeld bewaren (max. 7°C). Na openen beperkt houdbaar Verpakt onder beschermende atmosfeer.",NIET INGEVULD,"{'Energie': '72 Kilojoule', 'Totale vetten': '0.3 Gram', 'Vetzuren, totaal verzadigd': '0.0 Gram', 'Vetzuren, enkelvoudig onverzadigd': '0.0 Gram', 'Vetzuren, meervoudig onverzadigd': '0.1 Gram', 'Koolhydraten': '1.7 Gram', 'Suikers, totaal': '0.9 Gram', 'Voedingsvezels': '1.555 Gram', 'Eiwitten': '1.245 Gram', 'Zout': '0.039 Gram', 'Zetmeel': '0.817 Gram', 'natrium': '0.016 Gram'}",https://cdn.hoogvliet.com/Images/Product/XL/716696000.jpg,"['Home', 'Aardappelen, groente, fruit', 'Groente', 'Sla, rauwkost, kiemgroenten', 'Gemengde sla']"
Aardappelen kruimig,1.29,Euro,500,gram,Ingrediënten :voorgekookte aardappelen.,https://www.hoogvliet.com/product/aardappelen-kruimig1,"Bewaarvoorschriften: 
Gekoeld bewaren (max. 7 °C), na openen maximaal 24 uur bewaren in gesloten verpakking. Verpakt onder beschermende atmosfeer.",,"{'Energie': '78 Kilocalorie', 'Totale vetten': '0 Gram', 'Vetzuren, totaal verzadigd': '0 Gram', 'Vetzuren, enkelvoudig onverzadigd': '0 Gram', 'Vetzuren, meervoudig onverzadigd': '0 Gram', 'Transvetzuren': '0 Gram', 'Koolhydraten': '16.2 Gram', 'Suikers, totaal': '0.28 Gram', 'suiker, toegevoegd': '0 Gram', 'Polyolen, totaal': '0 Gram', 'Zetmeel': '15.92 Gram', 'Voedingsvezels': '2.334 Gram', 'Eiwitten': '2.163 Gram', 'natrium': '0.008 Gram', 'Zout': '0.019 Gram'}",https://cdn.hoogvliet.com/Images/Product/XL/727541000.jpg,"['Home', 'Aardappelen, groente, fruit', 'Aardappelen', 'Kookaardappelen', 'Aardappelen kruimig']"
Hoogvliet Worteltjes voordeelzak,1.59,Euro,500,gram,Ingrediënten :Wortel.,https://www.hoogvliet.com/product/hoogvliet-worteltjes-voordeelzak,"Bewaarvoorschriften: 
Gekoeld bewaren (max. 7°C). Na openen beperkt houdbaar ",,"{'Energie': '133 Kilojoule', 'Totale vetten': '0.3 Gram', 'Vetzuren, totaal verzadigd': '0.1 Gram', 'Vetzuren, enkelvoudig onverzadigd': '0.0 Gram', 'Vetzuren, meervoudig onverzadigd': '0.2 Gram', 'Koolhydraten': '5.4 Gram', 'Suikers, totaal': '5.4 Gram', 'Voedingsvezels': '2.9 Gram', 'Eiwitten': '0.7 Gram', 'Zout': '0.073 Gram', 'Zetmeel': '1.4 Gram', 'natrium': '0.029 Gram'}",https://cdn.hoogvliet.com/Images/Product/XL/080052000.jpg,"['Home', 'Aardappelen, groente, fruit', 'Groente', 'Wortelen, knolgroenten', 'Worteltjes voordeelzak']"
Aardappelen kruimig,4.19,Euro,3,kilo,Klasse 1.... Land van herkomst: Duitsland,https://www.hoogvliet.com/product/aardappelen-kruimig,"Bewaarvoorschriften: 
Koel, droog en donker bewaren. ",Duitsland,"{'Energie': '88 Kilocalorie', 'Totale vetten': '0 Gram', 'Vetzuren, totaal verzadigd': '0 Gram', 'Vetzuren, enkelvoudig onverzadigd': '0 Gram', 'Vetzuren, meervoudig onverzadigd': '0 Gram', 'Transvetzuren': '0 Gram', 'Koolhydraten': '19 Gram', 'Suikers, totaal': '1 Gram', 'suiker, toegevoegd': '0 Gram', 'Polyolen, totaal': '0 Gram', 'Zetmeel': '18 Gram', 'Voedingsvezels': '1.8 Gram', 'Eiwitten': '2 Gram', 'natrium': '0.002 Gram', 'Zout': '0.005 Gram'}",https://cdn.hoogvliet.com/Images/Product/XL/726434000.jpg,"['Home', 'Aardappelen, groente, fruit', 'Aardappelen', 'Kookaardappelen', 'Aardappelen kruimig']"
Hoogvliet Hoogvliegertjes cocktailtomaat,3.49,Euro,450,gram,Klasse 1 (11) land van herkomst: Nederland,https://www.hoogvliet.com/product/hoogvliet-hoogvliegertjes-cocktailtomaat,,Nederland,{},https://cdn.hoogvliet.com/Images/Product/XL/668597000.jpg,"['Home', 'Aardappelen, groente, fruit', 'Groente', 'Tomaat, paprika', 'Hoogvliegertjes cocktailtomaat']"
Hoogvliet Panklare sperziebonen voordeelzak,2.29,Euro,400,gram,Ingrediënten :Sperziebonen.,https://www.hoogvliet.com/product/hoogvliet-panklare-sperziebonen-voordeelzak,"Bewaarvoorschriften: 
Gekoeld bewaren (max. 7°C). Na openen beperkt houdbaar Verpakt onder beschermende atmosfeer.",,"{'Energie': '25 Kilocalorie', 'Totale vetten': '0.2 Gram', 'Vetzuren, totaal verzadigd': '0.06 Gram', 'Vetzuren, enkelvoudig onverzadigd': '0.03 Gram', 'Vetzuren, meervoudig onverzadigd': '0.11 Gram', 'Transvetzuren': '0 Gram', 'Koolhydraten': '1.8 Gram', 'Suikers, totaal': '1.2 Gram', 'suiker, toegevoegd': '0 Gram', 'Polyolen, totaal': '0 Gram', 'Zetmeel': '0.6 Gram', 'Voedingsvezels': '3.6 Gram', 'Eiwitten': '2.3 Gram', 'natrium': '0.003 Gram', 'Zout': '0.008 Gram'}",https://cdn.hoogvliet.com/Images/Product/XL/079980000.jpg,"['Home', 'Aardappelen, groente, fruit', 'Groente', 'Peulvruchten, bonen, mais', 'Panklare sperziebonen voordeelzak']"
Hoogvliet IJsbergsla gemengd,1.35,Euro,200,gram,"Ingrediënten :72% IJsbergsla, wortel, witte kool, rode sla. Dit product kan sporen van SELDERIJ bevatten.",https://www.hoogvliet.com/product/hoogvliet-ijsbergsla-gemengd1,"Bewaarvoorschriften: 
Gekoeld bewaren (max. 7°C). Na openen beperkt houdbaar Verpakt onder beschermende atmosfeer.",,"{'Energie': '69 Kilojoule', 'Totale vetten': '0.1 Gram', 'Vetzuren, totaal verzadigd': '0 Gram', 'Vetzuren, enkelvoudig onverzadigd': '0 Gram', 'Vetzuren, meervoudig onverzadigd': '0 Gram', 'Koolhydraten': '1.9 Gram', 'Suikers, totaal': '0.8 Gram', 'Voedingsvezels': '1.594 Gram', 'Eiwitten': '1.07 Gram', 'Zout': '0.047 Gram', 'Zetmeel': '0.42 Gram', 'natrium': '0.019 Gram'}",https://cdn.hoogvliet.com/Images/Product/XL/009550000.jpg,"['Home', 'Aardappelen, groente, fruit', 'Groente', 'Sla, rauwkost, kiemgroenten', 'IJsbergsla gemengd']"
Aardappelschijfjes,1.07,Euro,500,gram,Ingrediënten :Aardappel.,https://www.hoogvliet.com/product/aardappelschijfjes3,"Bewaarvoorschriften: 
Gekoeld bewaren (max. 7 °C), na openen maximaal 24 uur bewaren in gesloten verpakking. ",,"{'Energie': '79 Kilocalorie', 'Totale vetten': '0 Gram', 'Vetzuren, totaal verzadigd': '0 Gram', 'Vetzuren, enkelvoudig onverzadigd': '0 Gram', 'Vetzuren, meervoudig onverzadigd': '0 Gram', 'Transvetzuren': '0 Gram', 'Koolhydraten': '16.8 Gram', 'Suikers, totaal': '0.4 Gram', 'suiker, toegevoegd': '0 Gram', 'Polyolen, totaal': '0 Gram', 'Zetmeel': '16.4 Gram', 'Voedingsvezels': '2.2 Gram', 'Eiwitten': '1.8 Gram', 'natrium': '0.02 Gram', 'Zout': '0.05 Gram'}",https://cdn.hoogvliet.com/Images/Product/XL/727547000.jpg,"['Home', 'Aardappelen, groente, fruit', 'Aardappelen', 'Partjes, krieltjes, schijfjes', 'Aardappelschijfjes']"
Starberry Hollandse aardbeien,,Euro,400,gram,,https://www.hoogvliet.com/product/starberry-hollandse-aardbeien,,,{},https://cdn.hoogvliet.com/Images/Product/XL/729202000.jpg,"['Home', 'Aardappelen, groente, fruit', 'Fruit', 'Rood fruit, druiven', 'Hollandse aardbeien']"
Hoogvliet Hollandse worteltjes,1.09,Euro,500,gram,Klasse 1 (14) land van herkomst: Nederland,https://www.hoogvliet.com/product/hoogvliet-hollandse-worteltjes,,Nederland,{},https://cdn.hoogvliet.com/Images/Product/XL/206725000.jpg,"['Home', 'Aardappelen, groente, fruit', 'Groente', 'Wortelen, knolgroenten', 'Hollandse worteltjes']"
Hoogvliet Snijbonen gesneden,2.29,Euro,400,gram,Ingrediënten :Snijbonen.,https://www.hoogvliet.com/product/hoogvliet-snijbonen-gesneden1,"Bewaarvoorschriften: 
Gekoeld bewaren (max. 7°C). Na openen beperkt houdbaar ",,"{'Energie': '22 Kilocalorie', 'Totale vetten': '0.1 Gram', 'Vetzuren, totaal verzadigd': '0 Gram', 'Vetzuren, enkelvoudig onverzadigd': '0.05 Gram', 'Vetzuren, meervoudig onverzadigd': '0.05 Gram', 'Transvetzuren': '0 Gram', 'Koolhydraten': '2 Gram', 'Suikers, totaal': '0.7 Gram', 'suiker, toegevoegd': '0 Gram', 'Polyolen, totaal': '0 Gram', 'Zetmeel': '1.3 Gram', 'Voedingsvezels': '2.7 Gram', 'Eiwitten': '1.9 Gram', 'natrium': '0.004 Gram', 'Zout': '0.01 Gram'}",https://cdn.hoogvliet.com/Images/Product/XL/038842000.jpg,"['Home', 'Aardappelen, groente, fruit', 'Groente', 'Peulvruchten, bonen, mais', 'Snijbonen gesneden']"
Hoogvliet Snipperuien wit,1.75,Euro,150,gram,Ingrediënten :ui. Dit product kan sporen van SELDERIJ bevatten.,https://www.hoogvliet.com/product/hoogvliet-snipperuien-wit,"Bewaarvoorschriften: 
Gekoeld bewaren (max. 7°C). Na openen beperkt houdbaar ",NIET INGEVULD,"{'Energie': '158 Kilojoule', 'Totale vetten': '0.2 Gram', 'Vetzuren, totaal verzadigd': '0.1 Gram', 'Vetzuren, enkelvoudig onverzadigd': '0.0 Gram', 'Vetzuren, meervoudig onverzadigd': '0.1 Gram', 'Koolhydraten': '6.3 Gram', 'Suikers, totaal': '4.5 Gram', 'Voedingsvezels': '2.7 Gram', 'Eiwitten': '1.3 Gram', 'Zout': '0.01 Gram', 'Zetmeel': '1.8 Gram', 'natrium': '0.004 Gram'}",https://cdn.hoogvliet.com/Images/Product/XL/710634000.jpg,"['Home', 'Aardappelen, groente, fruit', 'Groente', 'Ui, knoflook, prei', 'Snipperuien wit']"
Bio+ Biologische  komkommer,1.29,Euro,1,stuk,Klasse 1 .... Land van herkomst: Nederland,https://www.hoogvliet.com/product/bio-biologische-komkommer,"Bewaarvoorschriften: 
Koel, droog en donker bewaren. ",Nederland,"{'Energie': '13 Kilocalorie', 'Totale vetten': '0.4 Gram', 'Vetzuren, totaal verzadigd': '0.1 Gram', 'Vetzuren, enkelvoudig onverzadigd': '0 Gram', 'Vetzuren, meervoudig onverzadigd': '0.2 Gram', 'Transvetzuren': '0.1 Gram', 'Koolhydraten': '1.3 Gram', 'Suikers, totaal': '1.3 Gram', 'suiker, toegevoegd': '0 Gram', 'Polyolen, totaal': '0 Gram', 'Zetmeel': '0 Gram', 'Voedingsvezels': '0.6 Gram', 'Eiwitten': '0.7 Gram', 'natrium': '0.002 Gram', 'Zout': '0.005 Gram'}",https://cdn.hoogvliet.com/Images/Product/XL/061916000.jpg,"['Home', 'Aardappelen, groente, fruit', 'Groente', 'Komkommer, avocado', 'Biologische  komkommer']"
Bistro minikrieltjes,1.59,Euro,700,gram,"Ingrediënten :Aardappel, zout, specerijen (paprikapoeder, fenegriek, komijnzaad, kurkuma, chillies, korianderzaad), glucosestroop, uipoeder, dextrose, kruiden (peterselie, majoraan, laurier), knoflookpoeder, gedroogde paprika, rookaroma.",https://www.hoogvliet.com/product/bistro-minikrieltjes2,"Bewaarvoorschriften: 
Gekoeld bewaren (max. 7 °C), na openen maximaal 24 uur bewaren in gesloten verpakking. ",,"{'Energie': '80 Kilocalorie', 'Totale vetten': '0.04 Gram', 'Vetzuren, totaal verzadigd': '0.01 Gram', 'Vetzuren, enkelvoudig onverzadigd': '0.01 Gram', 'Vetzuren, meervoudig onverzadigd': '0.02 Gram', 'Transvetzuren': '0 Gram', 'Koolhydraten': '17 Gram', 'Suikers, totaal': '0.5 Gram', 'suiker, toegevoegd': '0.26 Gram', 'Polyolen, totaal': '0 Gram', 'Zetmeel': '16.5 Gram', 'Voedingsvezels': '2.3 Gram', 'Eiwitten': '1.8 Gram', 'natrium': '0.177 Gram', 'Zout': '0.443 Gram'}",https://cdn.hoogvliet.com/Images/Product/XL/727552000.jpg,"['Home', 'Aardappelen, groente, fruit', 'Aardappelen', 'Partjes, krieltjes, schijfjes', 'Bistro minikrieltjes']"
Aardappelen vastkokend,4.19,Euro,3,kilo,Klasse 1.... Land van herkomst: Nederland,https://www.hoogvliet.com/product/aardappelen-vastkokend,"Bewaarvoorschriften: 
Koel, droog en donker bewaren. ",Nederland,"{'Energie': '88 Kilocalorie', 'Totale vetten': '0 Gram', 'Vetzuren, totaal verzadigd': '0 Gram', 'Vetzuren, enkelvoudig onverzadigd': '0 Gram', 'Vetzuren, meervoudig onverzadigd': '0 Gram', 'Transvetzuren': '0 Gram', 'Koolhydraten': '19 Gram', 'Suikers, totaal': '1 Gram', 'suiker, toegevoegd': '0 Gram', 'Polyolen, totaal': '0 Gram', 'Zetmeel': '18 Gram', 'Voedingsvezels': '1.8 Gram', 'Eiwitten': '2 Gram', 'natrium': '0.002 Gram', 'Zout': '0.005 Gram'}",https://cdn.hoogvliet.com/Images/Product/XL/726436000.jpg,"['Home', 'Aardappelen, groente, fruit', 'Aardappelen', 'Kookaardappelen', 'Aardappelen vastkokend']"
Hoogvliet Andijvie fijn voordeelzak,2.39,Euro,500,gram,Ingrediënten :Andijvie Dit product kan sporen van SELDERIJ bevatten,https://www.hoogvliet.com/product/hoogvliet-andijvie-fijn-voordeelzak,"Bewaarvoorschriften: 
Gekoeld bewaren (max. 7°C). Na openen beperkt houdbaar Verpakt onder beschermende atmosfeer.",,"{'Energie': '16 Kilocalorie', 'Totale vetten': '0.3 Gram', 'Vetzuren, totaal verzadigd': '0.1 Gram', 'Vetzuren, enkelvoudig onverzadigd': '0 Gram', 'Vetzuren, meervoudig onverzadigd': '0.2 Gram', 'Transvetzuren': '0 Gram', 'Koolhydraten': '1 Gram', 'Suikers, totaal': '1 Gram', 'suiker, toegevoegd': '0 Gram', 'Polyolen, totaal': '0 Gram', 'Zetmeel': '0 Gram', 'Voedingsvezels': '1.7 Gram', 'Eiwitten': '1.5 Gram', 'natrium': '0.029 Gram', 'Zout': '0.073 Gram'}",https://cdn.hoogvliet.com/Images/Product/XL/075839000.jpg,"['Home', 'Aardappelen, groente, fruit', 'Groente', 'Spinazie, witlof, andijvie', 'Andijvie fijn voordeelzak']"
Healthyhand Watermeloenblokjes,2.00,Euro,150,gram,Ingrediënten: watermeloen.,https://www.hoogvliet.com/product/healthyhand-watermeloenblokjes,"Bewaarvoorschriften: 
Gekoeld bewaren bij max. 7°C. Na openen beperkt houdbaar. Ongeopend, te gebruiken tot en met: zie bovenzijde. ",,"{'Energie': '36 Kilocalorie', 'Totale vetten': '0.0 Gram', 'Vetzuren, totaal verzadigd': '0.0 Gram', 'Koolhydraten': '8.0 Gram', 'Suikers, totaal': '8.0 Gram', 'Voedingsvezels': '0.6 Gram', 'Eiwitten': '0.5 Gram', 'Zout': '0.01 Gram'}",https://cdn.hoogvliet.com/Images/Product/XL/725772000.jpg,"['Home', 'Aardappelen, groente, fruit', 'Fruit', 'Fruitsalades', 'Watermeloenblokjes']"
IJsbergsla fijn,1.59,Euro,200,gram,Ingrediënten :ijsbergsla. Dit product kan sporen van SELDERIJ bevatten.,https://www.hoogvliet.com/product/ijsbergsla-fijn,"Bewaarvoorschriften: 
Gekoeld bewaren (max. 7°C). Na openen beperkt houdbaar Verpakt onder beschermende atmosfeer.",,"{'Energie': '14 Kilocalorie', 'Totale vetten': '0.2 Gram', 'Vetzuren, totaal verzadigd': '0.1 Gram', 'Vetzuren, enkelvoudig onverzadigd': '0 Gram', 'Vetzuren, meervoudig onverzadigd': '0.1 Gram', 'Transvetzuren': '0 Gram', 'Koolhydraten': '1.4 Gram', 'Suikers, totaal': '1.4 Gram', 'suiker, toegevoegd': '0 Gram', 'Polyolen, totaal': '0 Gram', 'Zetmeel': '0 Gram', 'Voedingsvezels': '1.2 Gram', 'Eiwitten': '1 Gram', 'natrium': '0.017 Gram', 'Zout': '0.043 Gram'}",https://cdn.hoogvliet.com/Images/Product/XL/724232000.jpg,"['Home', 'Aardappelen, groente, fruit', 'Groente', 'Sla, rauwkost, kiemgroenten', 'IJsbergsla fijn']"
Pijnboompitten,4.99,Euro,100,gram,"Ingrediënten :pijnboompitten. Kan PINDA, AMANDEL, HAZELNOOT, WALNOOT, CASHEWNOOT, PECANNOOT, PARANOOT, PISTACHENOOT en MACADAMIANOOT bevatten.",https://www.hoogvliet.com/product/pijnboompitten,"Bewaarvoorschriften: 
Koel, droog en donker bewaren. ",NIET INGEVULD,"{'Energie': '715 Kilocalorie', 'Totale vetten': '68.4 Gram', 'Vetzuren, totaal verzadigd': '4.9 Gram', 'Vetzuren, enkelvoudig onverzadigd': '30.29 Gram', 'Vetzuren, meervoudig onverzadigd': '33.16 Gram', 'Transvetzuren': '0 Gram', 'Koolhydraten': '9.4 Gram', 'Suikers, totaal': '3.6 Gram', 'suiker, toegevoegd': '0 Gram', 'Voedingsvezels': '3.7 Gram', 'Eiwitten': '13.7 Gram', 'natrium': '0.01 Gram', 'Zout': '0.025 Gram'}",https://cdn.hoogvliet.com/Images/Product/XL/705688000.jpg,"['Home', 'Aardappelen, groente, fruit', 'Groente', 'Salade verrijkers', 'Pijnboompitten']"
Iglo Spinazie à la crème,1.49,Euro,500,gram,"Ingrediënten: Spinazie 84%, water, room (MELK) 2%, magere MELKpoeder, koolzaadolie, TARWEbloem, weipoeder (MELK), zout, tapiocazetmeel, suiker, peper, nootmuskaat, foelie.",https://www.hoogvliet.com/product/iglo-spinazie-la-cr-me1,"Bewaarvoorschriften: 
Bij -18°C, ten minste houdbaar tot einde: Thuis in de diepvries bewaren. Na ontdooiing niet opnieuw invriezen. ",NIET INGEVULD,"{'Energie': '55 Kilocalorie', 'Totale vetten': '2.6 Gram', 'Vetzuren, totaal verzadigd': '0.7 Gram', 'Koolhydraten': '3.4 Gram', 'Suikers, totaal': '1.7 Gram', 'Voedingsvezels': '1.8 Gram', 'Eiwitten': '3.5 Gram', 'Zout': '0.73 Gram', 'vitamine A; methode van bepalen onbekend': '521 Microgram', 'vitamine K': '706 Microgram', 'folaat, voedingsfolaatequivalenten': '45.5 Microgram'}",https://cdn.hoogvliet.com/Images/Product/XL/703786000.jpg,"['Home', 'Aardappelen, groente, fruit', 'Diepvries groente', 'Spinazie à la crème']"
