Retailer_ID,Product_name,Product_description,Grammage,UPC,Ingredients,Warning,Breadcrumb,Product_sku,Brand,Rating,Review,Image_url,Retailer_URL,Selling_price
,Walgreens Neti Pot Kit,"Unique soft tip for greater comfortAll naturalRelief of nasal congestion, sinus infection, allergy symptoms, post-nasal drip, dry air & rhinitis of pregnancyThe Walgreens Neti Pot Kit uses saline solution and the gentle flow of gravity to wash the nasal passages. The unique soft tip design provides greater comfort.Nasal washing helps alleviate symptoms caused by allergies, sinus infections, dry air, nasal congestion, post-nasal drip and rhinitis of pregnancy. It provides relief for uncomfortable sinus and nasal conditions and promotes better breathing.Nasal washing is all natural and safe for both children and adults, including pregnant and nursing mothers and people taking other medications. Doctor developed, medically proven.Walgreens Neti Pot Kit contains:1 neti pot with soft comfort tip30 all-natural saline packets (0.1 oz/3 g each)1 instructions for useMade in United States(Saline packets; in an FDA registered drug facility)",1.0 set,['311917186320'],"Sodium Bicarbonate USP - 700 mg (Nasal Wash), Sodium Chloride USP - 2300 mg (Nasal Wash)","Stop use and ask a doctor if washing is uncomfortable or symptoms are not relieved.
Do not use unfiltered tap water, see instructions inside box for proper water sources.
Do not use if nasal passages are completely blocked or if you have an ear infection or blocked ears.
When using this product:

Use by only one person
Wash with soap and water after each use
Top rack of dishwasher safe
Do not heat microwave
Keep out of reach of children.","['Home', 'Shop', 'Medicines & Treatments', 'Allergy & Sinus', 'Allergy Medicine']",sku6279388,Walgreens,4.3,169,"['https://pics.walgreens.com/prodimg/585352/450.jpg', 'https://pics.walgreens.com/prodimg/585352/2_450.jpg', 'https://pics.walgreens.com/prodimg/585352/3_450.jpg', 'https://pics.walgreens.com/prodimg/585352/4_450.jpg', 'https://pics.walgreens.com/prodimg/585352/5_450.jpg', 'https://pics.walgreens.com/prodimg/585352/6_450.jpg', 'https://pics.walgreens.com/prodimg/585352/7_450.jpg', 'https://pics.walgreens.com/prodimg/585352/8_450.jpg', 'https://pics.walgreens.com/prodimg/585352/9_450.jpg']",https://www.walgreens.com/store/c/walgreens-neti-pot-kit/ID=prod6335256-product,13.49
,Walgreens 4 Hour Allergy Relief Tablets,"Relief of runny nose, sneezing, itchy, watery eyes & itchy throat or nose.",50.0 ea,['311917043845'],Chlorpheniramine Maleate (4mg) (Antihistamine),"Do not use to make a child sleepy.
Ask a doctor before use if you have

A breathing problem such as emphysema or chronic bronchitis 
Glaucoma 
Difficulty in urination due to enlargement of the prostate gland
Ask a doctor or pharmacist before use if you are taking sedatives or tranquilizers.
When using this product

Drowsiness may occur 
Avoid alcoholic beverages
Excitability may occur, especially in children
Use caution when driving a motor vehicle or operating machinery
Alcohol, sedatives, and tranquilizers may increase drowsiness
If pregnant or breast-feeding, ask a health professional before use.Keep out of reach of children. In case of overdose, get medical help or contact a Poison Control Center right away.","['Home', 'Shop', 'Medicines & Treatments', 'Allergy & Sinus', 'Allergy Medicine']",sku382720,Walgreens,4.6,420,"['https://pics.walgreens.com/prodimg/369235/450.jpg', 'https://pics.walgreens.com/prodimg/369235/2_450.jpg', 'https://pics.walgreens.com/prodimg/369235/3_450.jpg', 'https://pics.walgreens.com/prodimg/369235/4_450.jpg', 'https://pics.walgreens.com/prodimg/369235/5_450.jpg', 'https://pics.walgreens.com/prodimg/369235/6_450.jpg']",https://www.walgreens.com/store/c/walgreens-4-hour-allergy-relief-tablets/ID=prod382719-product,9.99
,Benadryl Allergy Dye-Free Capsules,"Allergies can hit fast. Get powerful relief with Benadryl Dye-Free Liqui-Gels Antihistamine Allergy Medicine that temporarily relieves the allergy symptoms associated with hay fever or other upper respiratory allergies caused by common allergens such as pollen, dust mites, mold and pet dander, as well as symptoms of the common cold. Free of dyes, each of these liquid gels contains 25 mg of the antihistamine diphenhydramine HCl to temporarily treat allergy symptoms such as sneezing, runny nose, itchy nose or throat, and itchy, watery eyes, and cold symptoms such as sneezing and runny nose. Effective relief day or night, this allergy medicine is safe and effective, when used as directed, and has a dye-free formula. From a doctor recommended brand, Benadryl liquid capsules are intended for adults and children ages six and up to relieve indoor and outdoor allergy symptoms and cold symptoms.",24.0 ea,['312547170215'],Diphenhydramine HCl - 25 mg (Antihistamine),"Do not use: 

To make a child sleepy
With any other product containing diphenhydramine, even one used on skin
Ask a doctor before use if you have:

A breathing problem such as emphysema or chronic bronchitis
Glaucoma
Trouble urinating due to an enlarged prostate gland
Ask a doctor or pharmacist before use if you are taking sedatives or tranquilizers
When using this product:

Marked drowsiness may occur
Avoid alcoholic drinks
Alcohol, sedatives, and tranquilizers may increase drowsiness
Be careful when driving a motor vehicle or operating machinery
Excitability may occur, especially in childrenIf pregnant or breast-feeding, ask a health professional before useKeep out of reach of children. In case of overdose, get medical help or contact a Poison Control Center right away. (1-800-222-1222)Temporarily relieves these symptoms due to hay fever or other upper respiratory allergies:

runny nose 
sneezing 
itchy, watery eyes 
itching of the nose or throat
Temporarily relieves these symptoms due to the common cold:

runny nose 
sneezing","['Home', 'Shop', 'Medicines & Treatments', 'Allergy & Sinus', 'Allergy Medicine']",sku305632,Benadryl,4.5,410,['https://pics.walgreens.com/prodimg/11388/450.jpg'],https://www.walgreens.com/store/c/benadryl-allergy-dye-free-capsules/ID=prod5632-product,6.99
,Benadryl Allergy Ultratabs,"Get powerful relief from unexpected allergies with Benadryl Allergy Ultratabs Antihistamine Allergy Relief Tablets; that offer effective cold & allergy relief from hay fever, upper respiratory allergy & common cold symptoms in one small, oval shaped coated tablet. Each easy-to-swallow tablet contains 25 milligrams of the antihistamine diphenhydramine HCl to temporarily relieve allergy symptoms due to hay fever & upper respiratory allergies like sneezing; runny nose; itchy throat & nose; & itchy, watery eyes & the common cold symptoms of runny nose & sneezing. A trusted allergy brand, Benadryl Ultratabs with diphenhydramine HCl 25 mg are intended for adults & children ages six & up. The allergy tablets from a doctor recommended brand work when you need it most & provide safe & effective allergy relief when use as directed. The small, easy-to-swallow tablet form provides multi-symptom indoor & outdoor allergy relief & cold relief.Made in United States",24.0 ea,"['312547170314', '312547171366']",Diphenhydramine HCl - 25 mg (Antihistamine),"Do not use:

To make a child sleepy.
With any other product containing diphenhydramine, even one used on skin.Ask a doctor before use if you have:

A breathing problem such as emphysema or chronic bronchitis.
Glaucoma.
Trouble urinating due to an enlarged prostate gland.
Ask a doctor or pharmacist before use if you are taking sedatives or tranquilizers.
When using this product:

Marked drowsiness may occur.
Avoid alcoholic drinks.
Alcohol, sedatives, and tranquilizers may increase drowsiness.
Be careful when driving a motor vehicle or operating machinery.
Excitability may occur, especially in children.If pregnant or breast-feeding, ask a health professional before use.Keep out of reach of children. In case of overdose, get medical help or contact a Poison Control Center right away. (1-800-222-1222)","['Home', 'Shop', 'Medicines & Treatments', 'Allergy & Sinus', 'Allergy Medicine']",sku301351,Benadryl,4.6,527,"['https://pics.walgreens.com/prodimg/11391/450.jpg', 'https://pics.walgreens.com/prodimg/11391/2_450.jpg', 'https://pics.walgreens.com/prodimg/11391/3_450.jpg', 'https://pics.walgreens.com/prodimg/11391/4_450.jpg', 'https://pics.walgreens.com/prodimg/11391/8_450.jpg', 'https://pics.walgreens.com/prodimg/11391/10_450.jpg']",https://www.walgreens.com/store/c/benadryl-allergy-ultratabs/ID=300440621-product?skuId=sku301351,6.99
,Walgreens Allergy Relief Diphenhydramine Coated Mini Tabs,"Compare to the active ingredient in Benadryl Allergy Ultratab TabletsRelief of runny nose, sneezing, itchy throat & itchy, watery eyes",24.0 ea,"['311917071916', '311917071930']",Diphenhydramine HCl - 25 mg (Antihistamine),"Do not use

To make a child sleepy 
With any other product containing diphenhydramine, even one used on skin
Ask a doctor before use if you have

A breathing problem such as emphysema or chronic bronchitis 
Glaucoma&nbsp; 
Difficulty in urination due to enlargement of the prostate gland
Ask a doctor or pharmacist before use if you are taking sedatives or tranquilizers.
When using this product

Marked drowsiness may occur 
Avoid alcoholic beverages 
Alcohol, sedatives, and tranquilizers may increase drowsiness 
Use caution when driving a motor vehicle or operating machinery 
Excitability may occur, especially in children
If pregnant or breast-feeding, ask a health professional before use.Keep out of reach of children. In case of overdose, get medical help or contact a Poison Control Center right away.
NOT FOR HOUSEHOLDS WITH YOUNG CHILDREN.","['Home', 'Shop']",sku2501439,Walgreens,4.3,96,"['https://pics.walgreens.com/prodimg/414355/450.jpg', 'https://pics.walgreens.com/prodimg/414355/2_450.jpg', 'https://pics.walgreens.com/prodimg/414355/3_450.jpg', 'https://pics.walgreens.com/prodimg/414355/4_450.jpg']",https://www.walgreens.com/store/c/walgreens-allergy-relief-diphenhydramine-coated-mini-tabs/ID=prod2502000-product,5.49
,Walgreens Sinus PE + Allergy Maximum Strength Tablets,"Maximum strength Pseudoephedrine free Antihistamine / Nasal decongestantRelieves sneezing, itchy eyes, runny nose, sinus pressure & congestion.Walgreens Pharmacist Recommended^Learn more about Walgreens brand products ^Our pharmacists recommend the Walgreens brand. We invite you to compare to national brands. **Satisfaction Guarantee valid on Walgreens owned brand products only.",24.0 ea,['311917068138'],"Chlorpheniramine Maleate (4mg) (Antihistamine), Phenylephrine HCl - 10 mg (Nasal Decongestant)","Do not use if you are now taking a prescription monoamine oxidase inhibitor (MAOI) (certain drugs for depression, psychiatric or emotional conditions, or Parkinson's disease), or for 2 weeks after stopping the MAOI drug. If you do not know if your prescription drug contains an MAOI, ask a doctor or pharmacist before taking this product.
Ask a doctor before use if you have 

High blood pressure 
Heart disease 
Thyroid disease 
Diabetes 
Glaucoma 
Difficulty in urination due to enlargement of the prostate gland 
A breathing problem such as emphysema or chronic bronchitis
Ask a doctor or pharmacist before use if you are taking sedatives or tranquilizers.
When using this product 

Do not exceed recommended dosage
Excitability may occur, especially in children 
Drowsiness may occur
Avoid alcoholic beverages
Alcohol, sedatives and tranquilizers may increase drowsiness 
Use caution when driving a motor vehicle or operating machinery
Stop use and ask a doctor if

Nervousness, dizziness, or sleeplessness occur
Symptoms do not improve within 7 days or occur with a feverIf pregnant or breast-feeding, ask a health professional before use.Keep out of the reach of children. In case of overdose, get medical help or contact a Poison Control Center right away.","['Home', 'Shop', 'Medicines & Treatments', 'Allergy & Sinus', 'Allergy Medicine']",sku1607727,Walgreens,4.5,211,"['https://pics.walgreens.com/prodimg/369881/450.jpg', 'https://pics.walgreens.com/prodimg/369881/2_450.jpg', 'https://pics.walgreens.com/prodimg/369881/3_450.jpg', 'https://pics.walgreens.com/prodimg/369881/4_450.jpg', 'https://pics.walgreens.com/prodimg/369881/5_450.jpg', 'https://pics.walgreens.com/prodimg/369881/6_450.jpg', 'https://pics.walgreens.com/prodimg/369881/7_450.jpg']",https://www.walgreens.com/store/c/walgreens-sinus-pe---allergy-maximum-strength-tablets/ID=prod1607738-product,7.79
,Flonase Allergy Relief Nasal Spray,"One 72-spray bottle of Flonase Allergy Relief Nasal Spray Great for seasonal allergy relief in Spring, back-to-school, and Fall, or for year-round use Same Flonase relief now in a new recyclable paper package that's easier to open, no scissors needed Non-drowsy long lasting 24 hour relief of indoor and outdoor allergy symptoms caused by allergens including pollen, mold, dust mites and pet dander Flonase is safe to use every day (consult with a doctor after 6 months) This 72ct bottle provides up to 5 weeks (36 days) supply when used one spray per nostril, every day Use daily for best results Number 1 doctor recommended allergy brand (1) delivers full prescription strength relief from allergies Flonase Allergy Relief Nasal Spray relieves nasal congestion, runny nose, sneezing, itchy nose, and itchy, watery eyes caused by allergens such as pollen, mold, dust, and pet dander. Its non-drowsy, 24-hour formula is perfect for combating seasonal allergies. Whether it's Spring, back-to-school, or Fall, Flonase nasal spray is your trusted solution for year-round allergy relief, recognized as the number 1 doctor recommended brand of allergy medicine (1). (1) Among OTC Allergy Medications based on most recent physicians' survey dated 06/02/2023Made in US",0.38 fl oz,['353100228899'],Fluticasone propionate (glucocorticoid) - 50 mcg (Allergy symptom reliever),"Only for use in the nose. Do not spray into your eyes or mouth. Do not use: In children under 4 years of age. To treat asthma. If you have an injury or surgery to your nose that is not fully healed. If you have ever had an allergic reaction to this product or any of the ingredients. Ask a doctor before use if you have or had glaucoma or cataracts. Ask a doctor or pharmacist before use if you are taking: Medicine for HIV infection (such as ritonavir). A steroid medicine for asthma, allergies or skin rash. Ketoconazole pills (medicine for fungal infection). When using this product the growth rate of some children may be slower. Stinging or sneezing may occur for a few seconds right after use. Do not share this bottle with anyone else as this may spread germs. Remember to tell your doctor about all the medicines you take, including this one. Stop use and ask a doctor if: You have, or come into contact with someone who has, chicken pox, measles or tuberculosis. Your symptoms do not get better within 7 days of starting use or you get new symptoms such as severe facial pain or thick nasal discharge. You may have something more than allergies, such as an infection. You get a constant whistling sound from your nose. This may be a sign of damage inside your nose. You get an allergic reaction to this product. Seek medical help right away. You get new changes to your vision that develop after starting this product. you have severe or frequent nosebleeds If pregnant or breast-feeding, ask a health professional before use. Keep out of reach of children. In case of overdose, get medical help or contact a Poison Control Center right away.","['Home', 'Shop', 'Medicines & Treatments', 'Allergy & Sinus', 'Nasal Sprays']",400626229,Flonase,4.6,1631,"['https://pics.walgreens.com/prodimg/626229/450.jpg', 'https://pics.walgreens.com/prodimg/626229/2_450.jpg', 'https://pics.walgreens.com/prodimg/626229/3_450.jpg', 'https://pics.walgreens.com/prodimg/626229/4_450.jpg', 'https://pics.walgreens.com/prodimg/626229/5_450.jpg', 'https://pics.walgreens.com/prodimg/626229/6_450.jpg', 'https://pics.walgreens.com/prodimg/626229/7_450.jpg', 'https://pics.walgreens.com/prodimg/626229/8_450.jpg']",https://www.walgreens.com/store/c/flonase-allergy-relief-nasal-spray/ID=300429177-product,21.99
,Claritin 24 Hour Non-Drowsy Allergy Relief,"Claritin allergy medicine provides powerful, non-drowsy relief from allergy symptoms caused by over 200 indoor and outdoor allergens, such as pollen, dust mites, pet dander, and mold. With Loratadine as its active ingredient, Claritin works as an antihistamine to relieve symptoms like sneezing, runny nose, itchy and watery eyes. The easy-to-swallow tablets are convenient to take, making it a great option for those who prefer traditional tablet medication. With Claritin, you can experience long-lasting relief from your allergy symptoms without feeling drowsy, so you can focus on your day with confidence.Claritin allergy medicine offers powerful non drowsy allergy relief. Allergy medicine that provides relief from symptoms caused by over 200 indoor and outdoor allergens, including pollen, dust, and pet dander. Claritin is an antihistamine so it hinders the allergic cascade triggered by allergens without making you drowsy. This Loratadine allergy medicine temporarily relieves runny nose, sneezing, itchy and watery eyes and itchy nose and throat. #1 physician recommended non-drowsy oral allergy brand. With easy-to-swallow tablets, Claritin is a convenient and powerful solution for those seeking long-lasting allergy relief without feeling drowsy or sluggish.Product of India",10.0 ea,['041100080165'],"Loratadine, USP - 10 mg (Antihistamine)","DO NOT USE if you have ever had an allergic reaction to this product or any of its ingredients.
ASK A DOCTOR BEFORE USE IF YOU HAVE liver or kidney disease. Your doctor should determine if you need a different dose.
WHEN USING THIS PRODUCT do not take more than directed. Taking more than directed may cause drowsiness.
STOP USE AND ASK A DOCTOR IF an allergic reaction to this product occurs. Seek medical help right away.
IF PREGNANT OR BREAST-FEEDING, ask a health professional before use.
KEEP OUT OF REACH OF CHILDREN. In case of overdose, get medical help or contact a Poison Control Center right away.","['Home', 'Shop', 'Medicines & Treatments', 'Allergy & Sinus', 'Allergy Medicine']",sku385394,Claritin,4.4,678,"['https://pics.walgreens.com/prodimg/78899/450.jpg', 'https://pics.walgreens.com/prodimg/78899/2_450.jpg', 'https://pics.walgreens.com/prodimg/78899/3_450.jpg', 'https://pics.walgreens.com/prodimg/78899/4_450.jpg', 'https://pics.walgreens.com/prodimg/78899/5_450.jpg', 'https://pics.walgreens.com/prodimg/78899/6_450.jpg', 'https://pics.walgreens.com/prodimg/78899/7_450.jpg']",https://www.walgreens.com/store/c/claritin-24-hour-non-drowsy-allergy-relief/ID=300437647-product,13.99
,Flonase Sensimist Allergy Relief Nasal Spray 120 Sprays,"One 120-spray bottle of Flonase Sensimist Allergy Relief Nasal SprayNow in a new easier to open recyclable paper package, no scissors neededSensimist relieves nasal congestion plus runny nose, sneezing, itchy nose, and itchy, watery eyes (1)Sensimist relieves indoor and outdoor allergy symptoms caused by allergens including pollen, mold, dust mites and pet danderSensimist works by blocking 6 allergic substances (2) to stop your body from overreacting to allergensUse daily for best resultsFlonase Sensimist is scent-free and uses a bottle, designed to deliver a fine mist that you'll barely feel and is virtually drip-freeFlonase Sensimist Allergy Relief Nasal Spray relieves nasal congestion plus runny nose, sneezing, itchy nose, and itchy, watery eyes (1) with a fine mist that is scent free. This allergy spray is full prescription strength, offering non-drowsy, 24-hour, long-lasting relief of allergy symptoms caused by allergens, including pollen, mold, dust, and pet dander. To use, shake the bottle vigorously, prime the bottle for use by pumping until a fine mist appears, then spray up to two sprays directly in each nostril (for adults, children 2-11 use 1 spray per nostril per day). This allergy spray is formulated for daily use in adults and children 2 years and older.(1) Flonase Sensimist is indicated for itchy, watery eyes in adults and children 12 years of age and older(2) Flonase acts on multiple inflammatory substances (histamine, prostaglandins, cytokines, tryptases, chemokines, and leukotrienes). The exact number of mediators and precise mechanisms are unknownMade in Singapore",0.31 fl oz,['353100202257'],Fluticasone Furoate (Glucocorticoid) - 27.5 mcg (Allergy Symptom Reliever),"Children 2-11: Do not use for more than 2 months a year. Keep out of reach of children. Only for use in the nose, do not spray into eyes.Temporarily relieves these symptoms of hay fever or other upper respiratory allergies:

Nasal Congestion
Runny Nose
Sneezing
Itchy Nose
Itchy, Watery Eyes
*for ages 12 and older","['Home', 'Shop', 'Medicines & Treatments', 'Allergy & Sinus', 'Nasal Sprays']",sku6283030,Flonase,4.5,1686,"['https://pics.walgreens.com/prodimg/588313/450.jpg', 'https://pics.walgreens.com/prodimg/588313/2_450.jpg', 'https://pics.walgreens.com/prodimg/588313/3_450.jpg', 'https://pics.walgreens.com/prodimg/588313/4_450.jpg', 'https://pics.walgreens.com/prodimg/588313/5_450.jpg', 'https://pics.walgreens.com/prodimg/588313/6_450.jpg', 'https://pics.walgreens.com/prodimg/588313/7_450.jpg', 'https://pics.walgreens.com/prodimg/588313/8_450.jpg', 'https://pics.walgreens.com/prodimg/588313/9_450.jpg', 'https://pics.walgreens.com/prodimg/588313/10_450.jpg', 'https://pics.walgreens.com/prodimg/588313/11_450.jpg', 'https://pics.walgreens.com/prodimg/588313/12_450.jpg']",https://www.walgreens.com/store/c/flonase-sensimist-allergy-relief-nasal-spray-120-sprays/ID=prod6342252-product,28.99
,Benadryl Allergy Plus Congestion Ultratabs,"Get allergy relief you can trust + fast congestion relief with Benadryl Allergy Plus Congestion Ultratabs Tablets. Combining allergy relief with nasal congestion relief, Benadryl Allergy + Congestion dries runny noses and provides relief of stuffy noses so you can breathe better. The formula from a trusted allergy brand temporarily relieves a wide range of symptoms due to hay fever or other upper respiratory allergies, including runny nose, sneezing, itchy & watery eyes, itching of the nose or throat & nasal congestion. The allergy tablets also temporarily relieve runny nose, sneezing & congestion due to the common cold, as well as sinus congestion & sinus pressure. From a doctor-recommended brand, each tablet contains 25 milligrams of the antihistamine diphenhydramine HCl & 10 milligrams of the nasal decongestant phenylephrine HCl for safe & effective relief when used as directed. Relief of cold symptoms & symptoms due to indoor & outdoor allergies. Allergy & sinus congestion tablets provide allergy relief you can trust + fast congestion relief  With 25 mg of the antihistamine diphenhydramine HCl per tablet to alleviate allergy symptoms  Contains 10 mg of the nasal decongestant phenylephrine HCl per tablet for sinus congestion relief  Dries runny noses and provides relief of stuffy noses so you can breathe better  Allergy tablets treat indoor & outdoor allergies & relieves nasal congestion due to the common cold  Get relief from a range of allergy symptoms due to hay fever or other upper respiratory allergies  From a doctor recommended brand, get powerful relief you can trust with fast congestion relief  Made in Italy",24.0 ea,['300450557261'],"Diphenhydramine HCl - 25 mg (Antihistamine), Phenylephrine HCl - 10 mg (Nasal decongestant)","Do not use:

To make a child sleepy 
With any other product containing diphenhydramine, even one used on skin 
If you are now taking a prescription monoamine oxidase inhibitor (MAOI) (certain drugs for depression, psychiatric or emotional conditions, or Parkinson's disease), or for 2 weeks after stopping the MAOI drug. If you do not know if your prescription drug contains an MAOI, ask a doctor or pharmacist before taking this product.
Ask a doctor before use if you have

Heart disease 
High blood pressure 
Thyroid disease 
Diabetes 
Trouble urinating due to an enlarged prostate gland 
A breathing problem such as emphysema or chronic bronchitis 
Glaucoma
Ask a doctor or pharmacist before use if you are taking sedatives or tranquilizers
When using this product

Do not exceed recommended dose 
Marked drowsiness may occur 
Avoid alcoholic drinks 
Alcohol, sedatives, and tranquilizers may increase drowsiness 
Be careful when driving a motor vehicle or operating machinery 
Excitability may occur, especially in children
Stop use and ask a doctor if

Nervousness, dizziness, or sleeplessness occur 
Symptoms do not improve within 7 days or occur with a fever
If pregnant or breast-feeding, ask a health professional before use.Keep out of reach of children. In case of overdose, get medical help or contact a Poison Control Center right away. (1-800-222-1222)&nbsp; Temporarily relieves these symptoms due to hay fever or other upper respiratory allergies:

Runny nose&nbsp; 
Sneezing&nbsp; 
Itchy, watery eyes&nbsp; 
Itching of the nose or throat&nbsp; 
Nasal congestion 
Temporarily relieves these symptoms due to the common cold:&nbsp;

&nbsp;Runny nose&nbsp; 
&nbsp;Sneezing&nbsp; 
&nbsp;Nasal congestion 
Temporarily relieves sinus congestion and pressure&nbsp;","['Home', 'Shop', 'Medicines & Treatments', 'Allergy & Sinus', 'Allergy Medicine']",sku6318802,Benadryl,4.5,270,"['https://pics.walgreens.com/prodimg/607206/450.jpg', 'https://pics.walgreens.com/prodimg/607206/2_450.jpg', 'https://pics.walgreens.com/prodimg/607206/3_450.jpg', 'https://pics.walgreens.com/prodimg/607206/4_450.jpg', 'https://pics.walgreens.com/prodimg/607206/5_450.jpg', 'https://pics.walgreens.com/prodimg/607206/6_450.jpg', 'https://pics.walgreens.com/prodimg/607206/7_450.jpg']",https://www.walgreens.com/store/c/benadryl-allergy-plus-congestion-ultratabs/ID=prod6384324-product,10.99
,Zyrtec 24 Hour Allergy Relief Tablets,"Zyrtec 24 Hour Allergy Relief Medicine Tablets for relief of your worst allergy symptoms Cetirizine tablets help treat allergies caused by dust, mold, pet dander, ragweed, & tree pollen Prescription-strength allergy medicine treats runny nose, sneezing, & itchy eyes, nose & throat This powerful antihistamine tablet contains 10 mg of Cetirizine hydrochloride for allergy relief This allergy medication provides powerful relief to help treat both indoor & outdoor allergies Zyrtec provides fast relief at hour one of symptoms that can be triggered by over 200 allergens Get effective allergy relief from the #1 allergist-recommended brand among OTC oral antihistamines Suitable for those 6 years & older, this allergy medicine provides 24 hours of allergy reliefMade in Switzerland(Active ingredient)Zyrtec 24 Hour Allergy Relief Tablets - Q&AQ: What is Zyrtec 24 Hour Allergy Relief Tablets?A: Zyrtec 24 Hour Allergy Relief Tablets is an over-the-counter medication for year-round allergy relief, known to be the number one allergist-recommended brand of oral antihistamines. It is suitable for adults and children aged 6 and up.Q: What symptoms does Zyrtec relieve?A: Zyrtec relieves a variety of allergy symptoms, including a runny nose, sneezing, itchiness of the nose and throat, and itchy, watery eyes.Q: What is the active ingredient in Zyrtec? A: The active ingredient in Zyrtec is cetirizine hydrochloride, an FDA-approved antihistamine.Q: Which allergens can Zyrtec help with? A: Zyrtec can help with symptoms caused by many common allergens, including pollen, grass, trees, weeds, pet dander, dust mites, and mold.Q: How long does one dose of Zyrtec provide relief? A: One dose of Zyrtec provides relief for up to 24 hours.Q: How quickly does Zyrtec start working? A: Zyrtec begins to noticeably address symptoms within the first hour. The medication is often even more effective when taken again the next day.",30.0 ea,"['312547204323', '312547204361']",Cetirizine HCl - 10 mg (Antihistamine),"Do not use if you have ever had an allergic reaction to this product or any of its ingredients or to an antihistamine containing hydroxyzine.Ask a doctor before use if you have liver or kidney disease. Your doctor should determine if you need a different dose.Ask a doctor or pharmacist before use if you are taking tranquilizers or sedatives.
When using this product:

Drowsiness may occur. 
Avoid alcoholic drinks. 
Alcohol, sedatives, and tranquilizers may increase drowsiness. 
Be careful when driving a motor vehicle or operating machinery. 
Stop use and ask a doctor if an allergic reaction to this product occurs. Seek medical help right away.
If pregnant or breast-feeding:

If breast-feeding: not recommended. 
If pregnant: ask a health professional before use. Keep out of reach of children. In case of overdose, get medical help or contact a Poison Control Center right away. ","['Home', 'Shop', 'Medicines & Treatments', 'Allergy & Sinus', 'Allergy Medicine']",sku3663983,Zyrtec,4.6,2141,"['https://pics.walgreens.com/prodimg/182654/450.jpg', 'https://pics.walgreens.com/prodimg/182654/2_450.jpg', 'https://pics.walgreens.com/prodimg/182654/3_450.jpg', 'https://pics.walgreens.com/prodimg/182654/4_450.jpg', 'https://pics.walgreens.com/prodimg/182654/5_450.jpg']",https://www.walgreens.com/store/c/zyrtec-24-hour-allergy-relief-tablets/ID=300400380-product?skuId=sku3663983,19.99
,"Flonase Allergy Relief Nasal Spray Scent Free, 60 Sprays","One 60-spray bottle of Flonase Sensimist Allergy Relief Nasal SprayNow in a new easier to open recyclable paper package, no scissors needed Sensimist relieves nasal congestion plus runny nose, sneezing, itchy nose, and itchy, watery eyes (1)Sensimist relieves indoor and outdoor allergy symptoms caused by allergens including pollen, mold, dust mites and pet dander Sensimist works by blocking 6 allergic substances (2) to stop your body from overreacting to allergensFlonase Sensimist is scent-free and uses a bottle designed to deliver a fine mist that you'll barely feel and is virtually drip-freeFlonase Sensimist Allergy Relief Nasal Spray relieves nasal congestion plus runny nose, sneezing, itchy nose, and itchy, watery eyes (1) with a fine mist that is scent free. This allergy spray is full prescription strength, offering non-drowsy, 24-hour, long-lasting relief of allergy symptoms caused by allergens, including pollen, mold, dust, and pet dander. To use, shake the bottle vigorously, prime the bottle for use by pumping until a fine mist appears, then spray up to two sprays directly in each nostril (for adults, children 2-11 use 1 spray per nostril per day). This allergy spray is formulated for daily use in adults and children 2 years and older. (1) Flonase Sensimist is indicated for itchy, watery eyes in adults and children 12 years of age and older(2) Flonase acts on multiple inflammatory substances (histamine, prostaglandins, cytokines, tryptases, chemokines, and leukotrienes). The exact number of mediators and precise mechanisms are unknownMade in Singapore",60.0 ea,['353100202158'],Fluticasone Furoate (glucocorticoid) - 27.5 mcg (Allergy Symptom Reliever),"Only for use in the nose. Do not spray into your eyes or mouth. Do not use in children under 2 years of age to treat asthma if you have an injury or surgery to your nose that is not fully healed if you have ever had an allergic reaction to this product or any of the ingredients Ask a doctor before use if you have or had glaucoma or cataracts Ask a doctor or pharmacist before use if you are taking medicine for HIV infection (such as ritonavir) a steroid medicine for asthma, allergies or skin rash ketoconazole pills (medicine for fungal infection) When using this product the growth rate of some children may be slower stinging or sneezing may occur for a few seconds right after use do not share this bottle with anyone else as this may spread germs remember to tell your doctor about all the medicines you take, including this one Stop use and ask a doctor if you have, or come into contact with someone who has, chicken pox, measles or tuberculosis your symptoms do not get better within 7 days of starting use or you get new symptoms such as severe facial pain or thick nasal discharge. You may have something more than allergies, such as an infection. you get a constant whistling sound from your nose. This may be a sign of damage inside your nose. you get an allergic reaction to this product. Seek medical help right away. you get new changes to your vision that develop after starting this product you have severe or frequent nosebleeds If pregnant or breast-feeding, ask a health professional before use. Keep out of reach of children. In case of overdose, get medical help or contact a Poison Control Center right away.Temporarily relieves these symptoms of hay fever or other upper respiratory allergies: nasal congestion itchy nose runny nose itchy, watery eyes sneezing","['Home', 'Shop', 'Medicines & Treatments', 'Allergy & Sinus', 'Nasal Sprays']",sku6283029,Flonase,4.5,1637,"['https://pics.walgreens.com/prodimg/588314/450.jpg', 'https://pics.walgreens.com/prodimg/588314/2_450.jpg', 'https://pics.walgreens.com/prodimg/588314/3_450.jpg', 'https://pics.walgreens.com/prodimg/588314/4_450.jpg', 'https://pics.walgreens.com/prodimg/588314/5_450.jpg', 'https://pics.walgreens.com/prodimg/588314/6_450.jpg', 'https://pics.walgreens.com/prodimg/588314/7_450.jpg', 'https://pics.walgreens.com/prodimg/588314/8_450.jpg', 'https://pics.walgreens.com/prodimg/588314/9_450.jpg']","https://www.walgreens.com/store/c/flonase-allergy-relief-nasal-spray-scent-free,-60-sprays/ID=prod6342251-product",19.99
,"Allegra Adult 24 Hour Allergy Tablets, Non-Drowsy Antihistamine","For your allergy symptoms, nothing works faster* than Allegra Adult 24-Hour Allergy Relief Tablets. Allegra allergy relief medicine starts working in one hour for relief from sneezing, runny nose, itchy and watery eyes, and itchy nose or throat. One pill provides 24-hour allergy relief that doesn’t make you drowsy and affect your normal brain function. Each tablet is formulated with active ingredient fexofenadine HCI for powerful relief from indoor and outdoor allergens like pollen, ragweed, grass, trees, dust, mold, and pet dander. Stock up on Allegra 24-Hour Tablets for fast*, effective allergy relief. That’s a no-brainer!*Starts working in one hour; applies to first dose only. Among single-ingredient non-drowsy OTC branded oral antihistaminesINCLUDES: One (1) 70-count pack of Allegra Adult 24-Hour Allergy Relief Tablets, Non-Drowsy Allergy Medicine 24-HOUR RELIEF: One antihistamine pill is all you need for round-the-clock relief from your worst allergy symptoms NON-DROWSY: Formulated with active ingredient fexofenadine, a non-drowsy antihistamine with 0% brain interference FAST-ACTING: Allegra 24-Hour Allergy medicine starts working in one hour for fast* relief from sneezing, runny nose, itchy and watery eyes, and itchy nose or throat INDOOR & OUTDOOR ALLERGIES: Use Allegra tablets for outdoor and indoor allergens like pollen, ragweed, grass, trees, dust, mold, and pet dander ALLERGIST RECOMMENDED: Allegra is the No. 1 allergist-recommended non-drowsy brand among OTC oral antihistamines Made in Germany",70.0 ea,['041167412060'],Fexofenadine HCl - 180 mg (Antihistamine),"Do not use if you have ever had an allergic reaction to this product or any of its ingredients.
Ask a doctor before use if you have kidney disease. Your doctor should determine if you need a different dose.
When using this product

do not take more than directed 
do not take at the same time as aluminum or magnesium antacids 
do not take with fruit juices (see Directions)
Stop use and ask a doctor if an allergic reaction to this product occurs. Seek medical help right away.
If pregnant or breast-feeding, ask a health professional before use.
Keep out of reach of children. In case of overdose, get medical help or contact a Poison Control Center right away.","['Home', 'Shop', 'Medicines & Treatments', 'Allergy & Sinus', 'Allergy Medicine']",sku6090720,Allegra,4.5,436,"['https://pics.walgreens.com/prodimg/390836/450.jpg', 'https://pics.walgreens.com/prodimg/390836/2_450.jpg', 'https://pics.walgreens.com/prodimg/390836/3_450.jpg', 'https://pics.walgreens.com/prodimg/390836/4_450.jpg', 'https://pics.walgreens.com/prodimg/390836/5_450.jpg', 'https://pics.walgreens.com/prodimg/390836/6_450.jpg', 'https://pics.walgreens.com/prodimg/390836/7_450.jpg']","https://www.walgreens.com/store/c/allegra-adult-24-hour-allergy-tablets,-non-drowsy-antihistamine/ID=300404266-product",36.99
,"Allegra Adult 24 Hour Allergy Tablets, Non-Drowsy Antihistamine","For your allergy symptoms, nothing works faster* than Allegra Adult 24-Hour Allergy Relief Tablets. Allegra allergy relief medicine starts working in one hour for relief from sneezing, runny nose, itchy and watery eyes, and itchy nose or throat. One pill provides 24-hour allergy relief that doesn’t make you drowsy and affect your normal brain function. Each tablet is formulated with active ingredient fexofenadine HCI for powerful relief from indoor and outdoor allergens like pollen, ragweed, grass, trees, dust, mold, and pet dander. Stock up on Allegra 24-Hour Tablets for fast*, effective allergy relief. That’s a no-brainer!*Starts working in one hour; applies to first dose only. Among single-ingredient non-drowsy OTC branded oral antihistaminesINCLUDES: One (1) 30-count pack of Allegra Adult 24-Hour Allergy Relief Tablets, Non-Drowsy Allergy Medicine 24-HOUR RELIEF: One antihistamine pill is all you need for round-the-clock relief from your worst allergy symptoms NON-DROWSY: Formulated with active ingredient fexofenadine, a non-drowsy OTC medication with 0% brain interference FAST-ACTING: Allegra 24-hour allergy medicine starts working in one hour for fast* relief from sneezing, runny nose, itchy and watery eyes, and itchy nose or throat INDOOR & OUTDOOR ALLERGIES: Use Allegra tablets for outdoor and indoor allergens like pollen, ragweed, grass, trees, dust, mold, and pet dander ALLERGIST RECOMMENDED: Allegra is the No. 1 allergist-recommended non-drowsy brand among OTC oral antihistamines Made in Germany",30.0 ea,['041167412510'],Fexofenadine HCl - 180 mg (Antihistamine),"Do not use if you have ever had an allergic reaction to this product or any of its ingredients. Ask a doctor before use if you have kidney disease. Your doctor should determine if you need a different dose. When using this product: 

Do not take more than directed 
Do not take at the same time as aluminum or magnesium antacids 
Do not take with fruit juices (see directions)Stop use and ask a doctor if an allergic reaction to this product occurs. Seek medical help right away. If pregnant or breast-feeding, ask a health professional before use. Keep out of reach of children. In case of overdose, get medical help or contact a Poison Control Center right away.","['Home', 'Shop', 'Medicines & Treatments', 'Allergy & Sinus', 'Allergy Medicine']",sku6050099,Allegra,4.5,1275,"['https://pics.walgreens.com/prodimg/322174/450.jpg', 'https://pics.walgreens.com/prodimg/322174/2_450.jpg', 'https://pics.walgreens.com/prodimg/322174/3_450.jpg', 'https://pics.walgreens.com/prodimg/322174/4_450.jpg', 'https://pics.walgreens.com/prodimg/322174/5_450.jpg', 'https://pics.walgreens.com/prodimg/322174/6_450.jpg', 'https://pics.walgreens.com/prodimg/322174/7_450.jpg']","https://www.walgreens.com/store/c/allegra-adult-24-hour-allergy-tablets,-non-drowsy-antihistamine/ID=300404264-product",19.99
,Walgreens Children's Allergy Relief Diphenhydramine Dye-Free Liquid Bubble Gum,Alcohol and sugar freeDosage cup included*Compare the regular retail price of Walgreens brand products to the regular retail price of similar national brand products.,4.0 oz,['311917120584'],Diphenhydramine HCl (12.5 mg) (Antihistamine),"Do not use

To make a child sleepy 
If&nbsp; you are on a sodium-restricted diet 
With any other product containing diphenhydramine, including one applied topically
Ask a doctor before use if the child has

Glaucoma 
A&nbsp;breathing problem such as chronic bronchitis
Ask a doctor or pharmacist before use if&nbsp;the child is&nbsp;taking sedatives or tranquilizers
When using this product

Marked drowsiness may occur 
Sedatives and tranquilizers may increase drowsiness&nbsp; 
Excitability may occur, especially in children
Keep this and all drugs&nbsp;out of the reach of children. In case of accidental&nbsp;seek professional assistance or contact a Poison Control Center immediately. 1-800-222-1222.","['Home', 'Shop', 'Medicines & Treatments', ""Children & Baby's Health Care"", ""Children's Allergy & Sinus""]",sku6047409,Walgreens,4.2,33,"['https://pics.walgreens.com/prodimg/368814/450.jpg', 'https://pics.walgreens.com/prodimg/368814/2_450.jpg', 'https://pics.walgreens.com/prodimg/368814/3_450.jpg']",https://www.walgreens.com/store/c/walgreens-children's-allergy-relief-diphenhydramine-dye-free-liquid-bubble-gum/ID=prod6048953-product,7.99
,Walgreens 24 Hour Allergy Relief Cetirizine Softgels,"Indoor & outdoor allergiesRelief of sneezing, runny noseRelief of itchy, watery eyes & itchy throat or noseCompare to the active ingredient in Zyrtec. Walgreens pharmacist recommended.**Our pharmacists recommend the Walgreens brand. We invite you to compare to national brands.Made in United States",40.0 ea,['311917202259'],Cetirizine HCl - 10 mg Antihistamine,"Do not use if you have ever had an allergic reaction to this product or any of its ingredients or to an antihistamine containing hydroxyzine.
Ask a doctor before use if you have liver or kidney disease. Your doctor should determine if you need a different dose.
Ask a doctor or pharmacist before use if you are taking tranquilizers or sedatives.
When using this product

Drowsiness may occur
Alcohol, sedatives, and tranquilizers may increase drowsiness
Avoid alcoholic drinks
Be careful when driving a motor vehicle or operating machinery
Stop use and ask a doctor if an allergic reaction to this product occurs. Seek medical help right away.
If pregnant or breast-feeding:

If breast-feeding: not recommended
If pregnant: ask a health professional before use.
Keep out of reach of children. In case of overdose, get medical help or contact a Poison Control Center right away.
TAMPER EVIDENT: DO NOT USE IF IMPRINTED SAFETY SEAL UNDER CAP IS BROKEN OR MISSING","['Home', 'Shop', 'Medicines & Treatments', 'Allergy & Sinus', 'Allergy Medicine']",400618853,Walgreens,4.5,48,"['https://pics.walgreens.com/prodimg/618853/450.jpg', 'https://pics.walgreens.com/prodimg/618853/2_450.jpg', 'https://pics.walgreens.com/prodimg/618853/3_450.jpg', 'https://pics.walgreens.com/prodimg/618853/4_450.jpg', 'https://pics.walgreens.com/prodimg/618853/5_450.jpg', 'https://pics.walgreens.com/prodimg/618853/6_450.jpg', 'https://pics.walgreens.com/prodimg/618853/7_450.jpg', 'https://pics.walgreens.com/prodimg/618853/8_450.jpg', 'https://pics.walgreens.com/prodimg/618853/9_450.jpg']",https://www.walgreens.com/store/c/walgreens-24-hour-allergy-relief-cetirizine-softgels/ID=300445295-product?skuId=400618853,24.99
,Claritin Liqui-Gels: 24 Hour Non-Drowsy Allergy Relief,"Claritin Liqui-Gels allergy medicine provides powerful, non-drowsy relief from allergy symptoms caused by over 200 indoor and outdoor allergens, such as pollen, dust mites, pet dander, and mold. With loratadine as its active ingredient, Claritin works as an antihistamine to relieve symptoms like sneezing, runny nose, itchy and watery eyes. The liquid-filled capsules are easy to swallow and provide quick relief from allergy symptoms like sneezing, runny nose, itchy and watery eyes. As a trusted allergy medicine, Claritin is a convenient and powerful solution for those seeking long-lasting allergy relief without feeling drowsy or sluggish. Whether you're at home or on-the-go, Claritin Liqui-Gels are a great choice for managing your allergy symptoms and helping you stay focused on your day. Claritin Liqui-Gels allergy medicine offers powerful non drowsy allergy relief  Claritin Liqui Gels allergy medicine that provides relief from symptoms caused by over 200 indoor and outdoor allergens, including pollen, dust, and pet dander. Claritin is an antihistamine so it hinders the allergic cascade triggered by allergens without making you drowsy    This powerful loratadine allergy medicine temporarily relieves runny nose, sneezing, itchy and watery eyes and itchy nose and throat  #1 physician recommended non-drowsy oral allergy brand  With easy-to-swallow tablets, Claritin is a convenient and powerful solution for those seeking long-lasting allergy relief without feeling drowsy or sluggish  1-800-Claritin",30.0 ea,['041100807984'],Loratadine - 10 mg (Antihistamine),"DO NOT USE if you have ever had an allergic reaction to this product or any of its ingredients
ASK A DOCTOR BEFORE USE IF YOU HAVE liver or kidney disease. Your doctor should determine if you need a different dose.&nbsp;
WHEN USING THIS PRODUCT do not take more than directed. Taking more than directed may cause drowsiness.&nbsp;
STOP USE AND ASK A DOCTOR IF an allergic reaction to this product occurs. Seek medical help right away.
IF PREGNANT OR BREAST-FEEDING, ask a health professional before use.&nbsp;
KEEP OUT OF REACH OF CHILDREN. In case of overdose, get medical help or contact a Poison Control Center right away.&nbsp;","['Home', 'Shop', 'Medicines & Treatments', 'Allergy & Sinus', 'Allergy Medicine']",sku6190281,Claritin,4.4,320,"['https://pics.walgreens.com/prodimg/266544/450.jpg', 'https://pics.walgreens.com/prodimg/266544/2_450.jpg', 'https://pics.walgreens.com/prodimg/266544/3_450.jpg', 'https://pics.walgreens.com/prodimg/266544/4_450.jpg', 'https://pics.walgreens.com/prodimg/266544/5_450.jpg', 'https://pics.walgreens.com/prodimg/266544/6_450.jpg', 'https://pics.walgreens.com/prodimg/266544/7_450.jpg', 'https://pics.walgreens.com/prodimg/266544/8_450.jpg', 'https://pics.walgreens.com/prodimg/266544/9_450.jpg']",https://www.walgreens.com/store/c/claritin-liqui-gels:-24-hour-non-drowsy-allergy-relief/ID=300425380-product?skuId=sku6190281,21.99
