prices,product_id,product_description,color,department,sub_department,product_type
429.00,471072155,ZARA WOMAN COLLECTION Long top made of spun viscose. Crossover V-neck and long puff sleeves finished with elastic. Matching adjustable fabric belt with metal buckle. Asymmetric hem.,Leopard,WOMAN,,
429.00,471254804,ZARA WOMAN COLLECTION Mid-waist trousers made of viscose yarn. In-seam side pockets. Darts on the front. Short inner lining. Elasticated gathered hem. Concealed zip fastening in the seam.,Leopard,WOMAN,,
499.00,452715790,"Sweater in cashmere and wool. Featuring a round neck, long sleeve and ribbed trims.",Bluish,WOMAN,,
429.00,471497253,ZARA WOMAN COLLECTION  Dress made from a viscose blend knit. Round neck and v-neck with sleeves below the elbow. Matching fabric belt adjustable with tie fastening. Front fastening with hidden buttons behind a placket.,Leopard,WOMAN,,
219.00,466799595,ZARA WOMAN COLLECTION Flowing halter neck top with sleeveless design. Asymmetric hem. Keyhole and button fastening at the neck.,Ecru / Black,WOMAN,,
299.00,472247211,Dress with a flowing neckline and asymmetric sleeves. Featuring pleats and gathered detailing on the sides. Short inner lining. Hem with side slit. Side zip fastening concealed in the seam.,Multicoloured,WOMAN,,
349.00,459545002,Lapel collar dress with a V-neck and sleeveless design. Belt detail. In-seam side pockets. Flared hem. Side zip fastening concealed in the seam.,Brown,WOMAN,,
269.00,455980130,Faux fur sandals. Front strap. Kitten heel. Round toe. Heel height: 6 cm,Ice,WOMAN,,
189.00,455922392,"Round neck, long sleeve cardigan finished with fringing. Distressed fabric detail. Button-up front.",Dark burgundy,WOMAN,,
149.00,453880704,Scarf made in viscose and 14% wool yarn. Frayed edges. Measurements: 100 x 195 cm.,Brown / Taupe,WOMAN,,
399.00,473007632,Blazer made of 100% linen. Featuring a lapel collar and long sleeves. Front patch pockets with flaps. Front button fastening.,Aubergine,WOMAN,,
269.00,473007153,Trousers made from 100% linen. High waist with an elasticated drawstring waistband. Front pockets. Balloon leg and hem adjustable with drawstrings.,Aubergine,WOMAN,,
189.00,470173577,High neck blouse with puff sleeves and cuff detail. Front fastening with matching buttons.,Brown,WOMAN,,
369.00,461073124,"Trench coat with a lapel collar and long sleeves. Featuring trim detail with tabs, front welt pockets, a double-breasted button fastening and a matching fabric belt.",camel,WOMAN,,
299.00,464911849,Sweater made with wool. Featuring a V-neck with lace and long sleeves.,Ecru,WOMAN,,
169.00,479545523,Flowing halter neck top with a low-cut back and thin straps. Polka dot fabric detail with shimmer.,Ecru,WOMAN,,
219.00,477908604,High-waist trousers with front pockets. Balloon leg finished with tied cuffs. Side zip fastening concealed in the seam.,Light khaki,WOMAN,,
169.00,477864167,Halter neck top with gold-tone hardware and a bare back. Side ruching. Back fastening with a knot and button.,Light khaki,WOMAN,,
269.00,479523865,Dress with a flowing neckline and thin straps. Features a polka dot fabric detail with shimmer and ruffles with combined fabric.,Ecru,WOMAN,,
299.00,452716256,Jacket made of 100% wool. Featuring a round neck and long sleeves. Front button fastening.,Sand / Marl,WOMAN,,
299.00,452716300,Sweater made of 100% wool. Featuring a round neck and long sleeves.,Light yellow,WOMAN,,
199.00,476783588,"Long sleeve, v-neck shirt with a lapel collar. Front placket. Adjustable drawstring waist. Hem with side vents. Front tie closure.",Brown,WOMAN,,
269.00,452694412,Heeled sandals. Strap across the front. Faux fur sole. Ankle strap with buckle fastening. Mid stiletto heel.  Heel height: 6 cm. / 2.3″,Burgundy Red,WOMAN,,
369.00,452693170,Flat sheepskin sandals. Double front strap with buckle detail. Round toe.  Sole height: 2.5 cm / 0.9″,Taupe Grey,WOMAN,,
269.00,454280191,Collared overshirt with long sleeves and buttoned cuffs. Front patch pockets with flaps. Ripped and marked seam detail. Metal button-up front.,Light blue,WOMAN,,
269.00,454388618,MID-WAIST - RIPPED Mid-waist jeans with belt loops and a folded waistband. Five pockets. Ripped detail. Front zip and metal button fastening.,Navy blue,WOMAN,,
369.00,457412842,Short trench coat with a high collar. Long sleeves with tabs on the shoulders and sleeves. Lapel detail on the chest and pockets with flaps on the front. Tie belt in the same fabric. Inner lining. Front fastening with hidden buttons concealed by a placket.,Mid-camel,WOMAN,,
429.00,452702266,Jacket with a stand-up collar and long sleeves with tab detail on the shoulders. Side pockets. Contrasting lining. Zip-up fastening with a snap-button placket on the front.,Black,WOMAN,,
49.00,452728429,MID-WEIGHT - REGULAR FIT - ROUND NECK - NORMAL LENGTH - SHORT SLEEVE Cotton T-shirt. Round neck and short sleeves.,White,WOMAN,,
299.00,452738341,"High neck, long sleeve jacket with dropped shoulders. Side pockets. Elasticated hem. Front zip fastening with a button placket.",Blue,WOMAN,,
269.00,455163169,MID-WAIST - STRAIGHT CROP Mid-waist jeans with belt loops and five pockets. Front zip and metal button fastening.,Navy blue,WOMAN,,
189.00,457410747,Top with a straight neckline and off-the-shoulder design. Side zip fastening with metal zip.,Navy blue,WOMAN,,
349.00,460398372,Long jumpsuit with a straight neckline and adjustable straps. Side pockets. Side fastening with metal buttons.,Navy blue,WOMAN,,
4299.00,452737320,ZARA WOMAN COLLECTION Coat made from 100% leather. Lapel collar and long sleeves. Side pockets concealed in the seam. Straight hem. Front fastening with lined metal hook.,Beige,WOMAN,,
269.00,465161041,LOW-RISE - WIDE LEG - FULL LENGTH ZARA WOMAN COLLECTION Low-rise jeans with belt loops at the waist. Five pockets. Wide leg. Front zip and metal button fastening.,Indigo,WOMAN,,
899.00,457808365,Asymmetric leather bucket bag. Adjustable crossbody strap. Magnetic closure. Purse with removable pocket. Height x Length x Width: 28 x 27.5 x 16.5 cm. / 11.0 x 10.8 x 6.4″,Brown,WOMAN,,
119.00,452737608,SLIM FIT - V-NECK - STANDARD LENGTH - LONG SLEEVE T-shirt made from cotton yarn. V-neck and long sleeve.,Navy blue,WOMAN,,
129.00,464427844,SLIM FIT - ROUND NECK - REGULAR LENGTH - EXTRA LONG SLEEVE T-shirt made in 100% Supima cotton yarn. Featuring a round neck and extra long sleeves. Straight hem.,Black,WOMAN,,
2199.00,452738838,ZARA WOMAN COLLECTION  Bomber jacket made from 100% leather. High collar and long sleeves finished with elastic cuffs. Front pockets concealed in the seams. Elasticated hem. Inner lining. Front fastening with contrasting buttons.,Mid-camel,WOMAN,,
399.00,484160509,ZARA WOMAN COLLECTION Midi dress made from a cotton and 21% linen blend. Round neck and long sleeve. Pleated detail at the waist. Back fastening with opening and button.,Multicoloured,WOMAN,,
269.00,457196953,Ballet flats with a faux sheepskin top. Elasticated front strap detail. Rounded toe.  Sole height: 1 cm / 0.3″,Chocolate Brown,WOMAN,,
4299.00,452737316,ZARA WOMAN COLLECTION Coat made from 100% leather. Lapel collar and long sleeves. Side pockets concealed in the seam. Straight hem. Front fastening with lined metal hook.,White,WOMAN,,
269.00,458083063,Semi-sheer bodysuit crafted from 100% viscose yarn. Boat neck and long sleeves. Snap-button fastening at the bottom.,Brown,WOMAN,,
299.00,467644949,Metal cord waterfall necklace with multiple contrasting combined metal pieces. Adjustable closure with tubular piece.,Gold / Silver,WOMAN,,
119.00,467134628,Mismatched drop earrings with multiple metal mesh-style links. Finished with contrasting beads. Push-back fastening.,Silver,WOMAN,,
299.00,452715903,Sweater made of 100% wool. Featuring a V-neck and long sleeves. Ribbed trims.,Navy blue,WOMAN,,
269.00,470160658,ZARA WOMAN COLLECTION Shirt made from cotton yarn. Polo collar and long sleeve finished with a wide cuff. Asymmetric hem with side vents. Button-up front.,White,WOMAN,,
219.00,472979810,"High-waist trousers with front pockets and false welt back pockets. Straight leg. Front fastening with zip fly, inside button and hook.",Multicoloured,WOMAN,,
219.00,471869479,Boat neck shirt with long sleeves that can be rolled up and fastened with a tab and button.,Multicoloured,WOMAN,,
299.00,468853463,Dress with a flowing neckline at the front and back. Sleeveless with gold-tone hardware on the front. Crinkle effect fabric detail.,Ink blue,WOMAN,,
369.00,464378943,Jacket with a lapel collar and long sleeves. Front patch pockets. Front button fastening and belt.,Brown,WOMAN,,
349.00,473282889,"Halter neck jumpsuit with v-neck with knot detail and open back. Featuring cut-out detail at the waist, front pockets and straight legs. Front zip, inner button and hook fastening.",Brown / Taupe,WOMAN,,
299.00,452740839,Loose-fitting blazer with a lapel collar and long sleeves with shoulder pads. Featuring front flap pockets and a double-breasted button fastening.,Black,WOMAN,,
269.00,462395594,"High-waist trousers with chain belt. Front pockets. Straight leg. Front fastening with zip, inside button and hook.",Black,WOMAN,,
399.00,470160492,"Blazer with a lapel collar and long sleeves with shoulder pads. Featuring front flap pockets, a back vent at the hem and front fastening with two embossed buttons.",Black,WOMAN,,
369.00,462153886,Jacket with a round neck and long sleeves. Front pockets. Elasticated hem. Zip-up front.,Chocolate,WOMAN,,
199.00,461188511,"Flowing blouse with a round neck and v-neck, featuring long cape sleeves finished with cuffs.",Brown,WOMAN,,
169.00,466362991,Skirt with an elasticated waistband.,Navy blue,WOMAN,,
219.00,466261110,"Round neck, long sleeve sweater. Knot detail.",Navy blue,WOMAN,,
349.00,455948594,Dress with a lapel collar and long sleeve. Featuring a belt detail and contrasting trims. Inner lining. Button-up front.,Brown,WOMAN,,
269.00,472161654,"High-waist trousers. Featuring side pockets and false welt back pockets. Detail of a thin contrast side stripe. Front fastening with zip, inside button and hook.",Brown,WOMAN,,
349.00,472161571,"Long waistcoat with a lapel collar and V-neck. Featuring concealed front pockets in the seam, a tie belt in the same fabric, contrasting fine side stripe detail and covered button fastening at the front.",Brown,WOMAN,,
199.00,458730538,"High-waist Bermuda shorts with a belt and front pockets. Front fastening with zip, inner button and hook.",Navy blue,WOMAN,,
269.00,458729389,"Round neck, long sleeve blazer with shoulder pads. Featuring mock front welt pockets and gold button fastening at the front.",Navy blue,WOMAN,,
269.00,457152505,"Round neck, short sleeve cardigan. Flared hem. Front fastening with matching covered buttons.",Sand,WOMAN,,
219.00,465580043,"High-waist trousers with front darts. Front pockets and false welt pockets at the back. Straight leg. Front fastening with zip, inside button and hook.",Burgundy,WOMAN,,
369.00,465579784,Sleeveless blazer with long sleeves and shoulder pads. Featuring front jetted pockets and single-button fastening at the front.,Burgundy,WOMAN,,
269.00,463486708,High-waist trousers with front darts. Front pockets and false welt pocket at the back. Wide leg. Front zip and button fastening.,Sky blue,WOMAN,,
219.00,463486746,Halter neck waistcoat with lapels and open back. Double-breasted button fastening. Front flaps.,Sky blue,WOMAN,,
129.00,457859729,Sweatshirt made from a cotton-blend knit. Featuring a round neck and long sleeves. Matching ribbed trims.,Navy blue,WOMAN,,
299.00,462007964,Blazer with a round neck and long sleeves. Featuring mock front welt pockets and a double-breasted button fastening at the front.,Ecru,WOMAN,,
219.00,458771147,High-waist cropped trousers with chain belt. False flap pockets on the back. Straight leg. Side zip fastening concealed in the seam.,Ecru,WOMAN,,
299.00,465174766,V-neck wrap dress with sleeveless design and pleats at the shoulders. Featuring a belt detail and contrasting satin fabric. Side zip fastening concealed in the seam.,Black,WOMAN,,
189.00,465579442,"High-waist trousers with pronounced seam detail on the front and back. Front welt pockets. Front fastening with zip, inside button and metal hook.",White,WOMAN,,
169.00,477256480,"Striped poplin shirt with a Johnny collar, long sleeves and a V-neck. Button-up front.",Ecru / Red,WOMAN,,
269.00,456204410,MID-WAIST - BAGGY FOLDED Mid-waist jeans with five pockets. Hems with folded finish. Front zip and metal button fastening.,Navy blue,WOMAN,,
299.00,463531650,Faux leather bomber jacket with a lapel collar and long sleeves finished with buttoned cuffs. Welt pockets on the front. Elasticated hem. Zip-up front with a metal zip.,Black,WOMAN,,
49.00,452728474,Vest top with a round neckline and ribbed trims.,White,WOMAN,,
189.00,455252539,HIGH-WAIST - CROPPED High-waist jeans with five pockets. Cropped bell bottom hem with a seamless finish. Front zip fly and metal button fastening.,Navy blue,WOMAN,,
299.00,452943384,"Long sleeve jacket with a lapel collar and shoulder tabs. Featuring front pockets with metal zips, a belt in the same material with a metal buckle and a zip-up front.",Black,WOMAN,,
199.00,459570534,Patent-effect loafer-style shoes. High vamp. Square pointed toe. Sole height: 2 cm / 0.7″,Black,WOMAN,,
269.00,452701143,"HIGH-WAIST - WIDE LEG - FULL LENGTH High-waist, five-pocket jeans. Extra-long wide leg. Asymmetric front fastening with zip and metal buttons.",Light blue,WOMAN,,
219.00,452741146,"LOW-RISE - WIDE LEG - FULL LENGTH Low-rise, five-pocket jeans. Extra-long wide leg. Front zip and metal button fastening.",Black,WOMAN,,
119.00,463033494,T-shirt with a draped neckline and short sleeves. Features a contrasting inner fabric detail creating a layered T-shirt effect.,Grey marl,WOMAN,,
129.00,470157677,T-shirt with a round neck and short sleeves. Featuring a tonal chunky knit corset detail.,Grey marl,WOMAN,,
219.00,452728673,LOW-RISE - FLARE Low-rise jeans with belt loops and five pockets. Flared hems. Zip fly and metal button fastening.,Light blue,WOMAN,,
189.00,452722658,HIGH-WAIST - REGULAR LENGTH  High-waist jeans with belt loops and five pockets. Front zip and metal button fastening.,Blue,WOMAN,,
119.00,467612489,T-shirt with an asymmetric neckline and short sleeve. Featuring contrasting blended fabric detail creating a double T-shirt effect.,Grey marl,WOMAN,,
269.00,452694925,HIGH-WAIST - BARREL High-waist jeans with belt loops and five pockets. Front zip and metal button fastening.,Navy blue,WOMAN,,
59.00,452730714,Cotton blend T-shirt. Round neck and very short sleeves. Ribbed trims.,White,WOMAN,,
129.00,470491551,"Round neck, long sleeve T-shirt. Matching bolero detail.",Dark grey marl,WOMAN,,
299.00,454390046,Bomber jacket with a lapel collar and long sleeves with inner elasticated cuffs. Front welt pockets. Elasticated hem. Metal zip-up fastening on the front.,Chocolate,WOMAN,,
189.00,463722360,Crop shirt with a polo collar and v-neck. Wide short sleeves.,Dark indigo,WOMAN,,
499.00,452709109,Leather ankle boots. Wide low-cut upper. Easy pull-on fastening. Thin curved heel. Pointed toe. Heel height: 6.5 cm / 2.5″,Green,WOMAN,,
269.00,454389842,HIGH-WAIST - REGULAR LENGTH High-waist jeans with belt loops and five pockets. Front zip and metal button fastening.,Dark indigo,WOMAN,,
219.00,452731159,"LOW-RISE - WIDE LEG - FULL LENGTH Low-rise, five-pocket jeans. Extra-long wide leg. Front zip and metal button fastening.",Brown,WOMAN,,
249.00,456201219,Cowboy style ankle boots. Low-cut leg. Topstitching detail on the front. Curved block heel. Side zip fastening with pull tab. Pointed toe. Sole height: 9 cm / 3.5″,Black,WOMAN,,
169.00,463889235,"V-neck, long sleeve top with elasticated ruffle cuffs. Featuring ruffles on the front in the same fabric and an asymmetric hem.",Olive green,WOMAN,,
189.00,470215151,"Mid-waist trousers with an elasticated drawstring waist. Concealed side seam pockets. Elasticated, blouson hem.",Greens,WOMAN,,
189.00,470214710,"V-neck, long sleeve top. Featuring gathered detail. Elasticated hem. Front tie fastening.",Greens,WOMAN,,
299.00,457292456,V-neck waistcoat with a sleeveless design. Features embroidered detailing with bead appliqué. Front tie fastening.,Black,WOMAN,,
169.00,468879633,Flowing round neck top with adjustable tie fastening at the back. Long sleeves with elasticated cuffs and ruffle trim. Asymmetric hem with ruffle in the same fabric.,Black,WOMAN,,
169.00,468880697,Adjustable halter neck top with tie fastening on the back. Long sleeves with elasticated cuffs. Shoulder cut-out detail and matching fabric ruffle detail.,Terracotta,WOMAN,,
299.00,470215049,"Long dress featuring a round neck and adjustable V-neck with ties, long sleeves with cuffs, draped fabric detail, a straight hem and front button fastening.",Dark brown,WOMAN,,
189.00,470214670,Long dress with a round neck and sleeveless design. Hem finished with godets. Matching inner lining.,Dark green,WOMAN,,
269.00,457150878,Loose-fitting wool vest. Featuring a round neck and armholes. Ribbed trims.,Grey,WOMAN,,
169.00,466264659,V-neck long sleeve sweater. Ribbed trims.,Brown,WOMAN,,
219.00,452724824,Cardigan made in 100% wool. Featuring a V-neck and short sleeves. Front button fastening.,Navy blue,WOMAN,,
349.00,452718938,Jacket made of 100% wool. V-neck and long sleeves. Front patch pockets. Gold-tone button fastening at the front.,Dark grey,WOMAN,,
169.00,466264890,Boat neck sweater with long sleeves. Ribbed trims.,Grey,WOMAN,,
179.00,435873569,Sweater with a round neckline and long sleeve.,Green,WOMAN,,
599.00,455429683,Split suede ankle boots. Distressed effect. Topstitch detail on the top. Track sole. Mid-height shaft. Round toe.  Sole height: 5 cm,Brown,WOMAN,,
169.00,465189640,V-neck top with sleeveless design. Front button fastening.,camel,WOMAN,,
749.00,453992634,Fine knit sweater made of 100% cashmere. Featuring a round neck and long sleeve.,Grey,WOMAN,,
499.00,452715781,Plain knit cardigan made of cashmere and wool. Featuring a round neck and long sleeve. Ribbed trims. Front button fastening.,Grey,WOMAN,,
189.00,468375862,Flowy top with an asymmetric neckline and wide sleeves.,Aubergine,WOMAN,,
219.00,452725204,Top made of 100% wool. Featuring a round neck and short sleeves.,Navy blue,WOMAN,,
269.00,452715107,Mesh ballerina shoes. Studded top. Round toe.  Sole height: 1 cm / 0.4″,Black,WOMAN,,
189.00,466240032,Loose-fitting round neck top with short sleeves.,Grey marl,WOMAN,,
169.00,466240781,Skirt with an elasticated waistband.,Grey marl,WOMAN,,
169.00,453423019,"Round neck, long sleeve sweater finished with buttons.",Butter,WOMAN,,
219.00,468340498,Cardigan with a peter pan collar and long sleeves. Featuring contrasting wavy trims and front button fastening.,Navy blue,WOMAN,,
149.00,462228240,"Round neck, sleeveless top. Featuring contrasting colour trim details. Button-up fastening at the front.",Blue,WOMAN,,
699.00,452692909,Long printed dress with a round neckline and thin adjustable straps. Featuring a low-cut back and an adjustable crossover strap with a bow. Contrasting bead appliqué. Inner lining.,Multicoloured,WOMAN,,
749.00,457838024,Midi dress with a flowing neckline and thin straps. Matching bead appliqué detail. Inner lining.,Black,WOMAN,,
189.00,452740011,Underwired bra in soft lace fabric. Sweetheart neckline and thin adjustable straps. Back fastening with metal hooks.,Oyster-white,WOMAN,,
149.00,452740000,Thong made in soft lace fabric. Mid-rise and elasticated waist.,Oyster-white,WOMAN,,
219.00,452714309,Bralette with a straight neckline and thin straps. Features marked seams. Fastens at the back with metal hooks.,Burgundy,WOMAN,,
149.00,452714295,Plain faux leather bandana.,Burgundy,WOMAN,,
189.00,452695557,Printed bandanna with contrasting bead appliqué.,Multicoloured,WOMAN,,
219.00,452714303,Corset-style belt with marked seam detail. Front fastening with metal hooks.,Burgundy,WOMAN,,
229.00,457201557,Slingback heeled shoes. Buckled strap detail on the front. Stiletto heel. Pointed toe. Elasticated back strap. Heel height: 4 cm. / 1.5″,Khaki Green,WOMAN,,
169.00,465257867,Triangle bralette in soft lace fabric. Wide straps. Fastens at the back with metal hooks.,Black,WOMAN,,
119.00,465257861,Thong in soft lace fabric. Medium rise and elasticated waist.,Black,WOMAN,,
299.00,454387670,"Mid-waist mini skirt with fringed detail, a matching lining and an invisible side zip fastening.",Pale pink,WOMAN,,
299.00,455926610,Adjustable halter neck top with tie fastening. Fringed detail. Matching inner lining. Zip fastening at the back.,Pale pink,WOMAN,,
369.00,455406338,Short dress with a straight neckline and off-the-shoulder design. Featuring fringe detail and matching lining. Back hidden zip fastening and metal hook-and-eye closure.,Beige-pink,WOMAN,,
369.00,455406347,Short halterneck dress with adjustable tie fastening and a V-neck. Featuring fringing detail and a matching inner lining. Back fastening with concealed in-seam zip and metal hook.,Pale pink,WOMAN,,
129.00,470214976,Bodysuit with an asymmetric neckline and one-shoulder design. Draped fabric. Snap-button fastening at the bottom.,Dark brown,WOMAN,,
149.00,472924074,High-waist shorts with concealed side zip fastening.,Black,WOMAN,,
219.00,463654566,Shirt with a Peter Pan collar and matching embroidered details. Featuring puff sleeves and a button-up front with keyhole detail.,White,WOMAN,,
129.00,453999043,Ribbed T-shirt. Peter Pan collar in a matching colour with ruffles and embroidery. V-neck and sleeveless design.,White,WOMAN,,
429.00,463985208,"Round neck, long sleeve blazer with shoulder pads. Featuring a contrasting detachable collar appliqué detail, front welt pockets, a matching inner lining and front button fastening.",Black,WOMAN,,
369.00,462999028,Round neck blazer with long sleeves and shoulder pads. Welt pockets at the front. Matching lining. Front button fastening.,Black,WOMAN,,
499.00,462536613,ZARA WOMAN COLLECTION Padded jacket with a round neck and long sleeves. Patch pockets with flaps on the front. Elasticated puff hem. Front zip fastening hidden by a placket.,Brown,WOMAN,,
269.00,457444590,Flat loafer shoes. Gathered detail on the front and vamp. Wide sole. Round toe.  Sole height: 3.5 cm / 1.3″,Burgundy Red,WOMAN,,
219.00,464747122,ZARA WOMAN COLLECTION Pyjama-style trousers made from a lyocell blend yarn. Mid-rise with an elasticated drawstring waist. In-seam side pockets. Straight leg.,Chocolate brown,WOMAN,,
269.00,464914069,ZARA WOMAN COLLECTION Shirt made of a lyocell blend yarn. Lapel collar and long sleeve finished in a cuff. Straight hem. Button-up front.,Chocolate brown,WOMAN,,
269.00,457153042,ZARA WOMAN COLLECTION V-neck camisole top with thin straps. Featuring matching lace appliqué detail and an asymmetric hem.,Yellow,WOMAN,,
429.00,471892521,ZARA WOMAN COLLECTION Flowing halter neck dress with open shoulders. Knot detail on the back. Hem in contrasting combined fabric. Concealed zip fastening in the seam.,Black,WOMAN,,
129.00,470175662,Articulated metal bracelet with inlaid resin stones in colour.,Golden,WOMAN,,
299.00,452727643,ZARA WOMAN COLLECTION Shirt made from 100% cotton yarn. Round neck with matching overlay fabric and embroidered detailing. Long sleeves with elasticated cuffs. Front fastening with hidden buttons.,Oyster-white,WOMAN,,
219.00,472148417,ZARA WOMAN COLLECTION Shirt made from a yarn with a lyocell blend. Round neck and long sleeve finished with a cuff. Asymmetric hem with side vents. Button-up front.,Charcoal grey,WOMAN,,
299.00,453995804,ZARA WOMAN COLLECTION Trousers crafted from a lyocell-blend knit. Mid-rise with an elasticated drawstring waist. Wide leg.,Charcoal grey,WOMAN,,
219.00,477858173,ZARA WOMAN COLLECTION Top crafted from a spun lyocell blend. Round neckline. Open back.,Black,WOMAN,,
299.00,472391579,ZARA WOMAN COLLECTION Skirt made in a technical-type fabric. Mid-rise waist with an elasticated waistband. Flared hem.,Black,WOMAN,,
429.00,467645523,ZARA WOMAN COLLECTION Short jacket with a lapel collar and long sleeves that can be adjusted with elasticated cords and stoppers. Front in-seam pockets. Hem that can be adjusted with elasticated cords and stoppers. Metal zip-up fastening at the front.,Black,WOMAN,,
299.00,459136486,ZARA WOMAN COLLECTION Short dress made from cotton yarn. Lapel collar and v-neck with short sleeve. Side in-seam pockets. Straight hem finished in an A-line.,White,WOMAN,,
149.00,452987544,Top with a round neck and short sleeves.,Black,WOMAN,,
599.00,452703313,Split suede heeled boots. High leg. Topstitching on the top. Easy to pull on. Kitten heel. Pointed toe.  Heel height: 8 cm. / 3.1″,Olive Green,WOMAN,,
169.00,457293327,Fitted cardigan with a round neck and long sleeves. Front button fastening.,Brown,WOMAN,,
429.00,452720912,ZARA WOMAN COLLECTION Short trench coat made from a cotton-blend yarn. Notched lapel collar adjustable with a tab and buttons. Long sleeves. Front pockets. Tab detail on the shoulders. Double-breasted button fastening at the front.,Light beige,WOMAN,,
189.00,470561491,2.5 cm wide leather belt. Multi-position buckle detail.,Dark red,WOMAN,,
299.00,456838100,ZARA WOMAN COLLECTION Low-rise jeans with belt loops. Five pockets. Faded effect. Turn-up hems. Front zip and button fastening.,Blue,WOMAN,,
269.00,477314257,"ZARA WOMAN COLLECTION Low-rise denim Bermuda shorts with belt loops. Five pockets. Contrasting adjustable belt with tie fastening. Front zip, button and metal hook fastening.",Blue,WOMAN,,
169.00,470326199,Pack of two necklaces in different lengths with metal links. Featuring embedded colourful stone pendants and a lobster clasp fastening.,Golden,WOMAN,,
219.00,476714939,V-neck blouse with drawstring and beading and long sleeves. Featuring matching ladder stitch trim.,Light blue,WOMAN,,
269.00,471256336,"High-waist trousers with front pockets. Wide leg. Front fastening with zip, inside button and hook.",MARSALA,WOMAN,,
169.00,470562386,Necklace with a combination of multiple metal links and circular pieces made of coloured resin. Pendant with a carved piece with a bird in relief. Finished with metal fringing. Lobster clasp fastening.,Golden,WOMAN,,
219.00,452701047,HIGH-WAIST - STRAIGHT FIT - WASHED EFFECT High-waist jeans with front pockets and patch pockets on the back. Straight leg. Front zip and button fastening.,Blue / Green,WOMAN,,
219.00,464748453,"High neck, long sleeve cardigan. Featuring ruffle trim detailing and button-up front.",Brown,WOMAN,,
429.00,471885344,Midi dress with a round neck and long sleeves. Matching ladder stitch detail. Belt with metal buckle. Inner lining. Hem finished with ruffles.,Butter,WOMAN,,
219.00,461068580,"MID-WAIST - STRAIGHT LOOSE Mid-waist jeans with five pockets. Straight, loose leg. Front zip and button fastening.",Blue,WOMAN,,
189.00,455950175,"V-neck, long sleeve blouse. Featuring gathered fabric, entredeux lace trim and dotted mesh detailing. Button-up front.",White,WOMAN,,
189.00,472010229,Round neck blouse with short puff sleeves. Features tonal pintuck and ladder stitch detail. Front fastening with hidden buttons under a placket.,Ecru,WOMAN,,
219.00,459544049,Blouse with a crossover V-neck and thin straps with bead detail. Short sleeves with gathered details and drawstrings. Elasticated waist.,Duck blue,WOMAN,,
169.00,470175657,Belt with multiple metal pieces in a raised flower shape. Metal link pendants. Lobster clasp fastening.,pink gold,WOMAN,,
299.00,471885354,Sleeveless dress with a round neck. Featuring a back vent detail with a frill and crinkle-effect fabric. Elasticated waist. Back fastening with a vent and button.,MARSALA,WOMAN,,
269.00,471816536,"High-waist trousers with front darts. Featuring front pockets and a false welt pocket on the back. Straight leg. Front fastening with zip, inside button and hook.",Blue,WOMAN,,
349.00,468885132,"Cropped, short-sleeve blazer with a lapel collar and shoulder pads. Front flap pockets. Front fastening with a gold button.",Blue,WOMAN,,
219.00,471792256,"Low-rise trousers with false welt pockets on the back. Flared hem. Front zip, inside button and hook fastening.",MARSALA,WOMAN,,
399.00,471792218,Blazer with a lapel collar and long sleeves with shoulder pads. Featuring front flap pockets. Front fastening with a wide belt with a gold buckle and concealed snap button.,MARSALA,WOMAN,,
369.00,452738148,Flat sandal-style shoes with animal print leather and sheepskin. Metallic-effect buckle fastening. Round toe. Sole height: 2 cm. / 0.7″,Multicoloured,WOMAN,,
119.00,470175660,Pack of two textured metal rings with embedded colour resin stones. Size S = 16.5 mm Size M = 17.5 mm,Gold / Silver,WOMAN,,
299.00,464377888,Water- and wind-resistant anorak with thermal insulation for cold climates. Comfort within the specific temperature range for low activity (9º) and moderate activity (-18ºC). High neck with adjustable drawstring hood and long sleeves with inner cuffs. Front pockets with inner fleece lining and zip fastening. Adjustable hem with elasticated drawstrings at the sides. Zip-up front.,Brown,WOMAN,,
219.00,468021736,"High-waist, straight-leg trousers with a double elasticated contrast waistband. Featuring front pockets and a false welt back pocket. Concealed side zip fastening in the seam.",178,WOMAN,,
99.00,463497203,"SLIM FIT - ROUND NECK - REGULAR LENGTH - SHORT SLEEVE Round neck, short sleeve T-shirt. Ribbed fabric.",Chocolate,WOMAN,,
369.00,463055678,Short high neck jacket. Long sleeves finished with buckled cuffs on the shoulder. Front flap pockets. Front zip fastening and snap buttons concealed by a placket.,mid khaki,WOMAN,,
219.00,463523085,High-waist trousers with belt loops. Double pleat detail. Side pockets and mock flap pockets at the back. Wide leg. Front zip and metal hook fastening.,Black,WOMAN,,
299.00,463291221,Blazer crafted in a flowing fabric. Lapel collar and long sleeve with shoulder pads. Thin belt in the same fabric with tie. Front button fastening.,Brown / Ecru,WOMAN,,
99.00,464741540,REGULAR FIT - ROUND NECK - REGULAR LENGTH - SHORT SLEEVE T-shirt made from 100% spun cotton. Round neck and short sleeves. Contrasting slogan detail on the front.,White / Red,WOMAN,,
369.00,452730672,Jacket with a lapel collar and long sleeves with tab cuffs. Front flap pockets. Matching belt detail. Inner lining. Front zip fastening with hidden buttons on the placket.,Green marl,WOMAN,,
169.00,471115889,Mid-waist skort. Featuring a thin belt detail with a metal buckle. Matching inner lining. Side zip fastening hidden in the seam.,White,WOMAN,,
75.00,454913736,REGULAR FIT - ROUND NECK - REGULAR LENGTH - SHORT SLEEVE T-shirt in 100% spun cotton. Featuring a round neck and short sleeves. Contrast slogan detail on the front.,white,WOMAN,,
189.00,457199763,"Long shirt made in flowing denim fabric. Featuring a lapel collar, long sleeves with pleated cuffs and a button-up front.",Light blue,WOMAN,,
299.00,464707399,"Blazer made in a flowy fabric. Featuring a lapel collar, long sleeves with shoulder pads, a thin matching fabric belt with tie and button fastening at the front.",Dark khaki,WOMAN,,
169.00,456212536,Short sleeve top with a polo collar. Front buttons.,Brown / Ecru,WOMAN,,
189.00,452713762,Long sleeve shirt with a Peter Pan collar. Featuring tonal embroidered floral detail and a button-up front.,Oyster-white,WOMAN,,
369.00,452709216,Leather trainers. Topstitch detail on the top. Lace-up fastening. Rounded toe. Sole height: 2 cm,Black,WOMAN,,
149.00,467951276,Sleeveless round neck top with shoulder pads and a peplum hem.,Brown,WOMAN,,
119.00,452717044,Fitted rib top. Featuring a round neckline with bow detail and long sleeves.,Black,WOMAN,,
189.00,452730959,Crossbody bag with two handles. Long handle and shoulder strap. Inside pocket with metal zip closure. Flap detail with magnetic closure. Height x Length x Width: 14 x 27 x 6 cm. / 5.5 x 10.6 x 2.3″,Dark tan,WOMAN,,
269.00,463985100,Midi dress with a straight neckline and thin adjustable straps. Featuring pleated detail on the back.,Black,WOMAN,,
119.00,467613827,"T-shirt made from 100% cotton. Straight-cut, off-the-shoulder neckline with long sleeves. Gathered detail.",Oyster-white,WOMAN,,
